"Sr.No","State","District","Year","Month","Date","Value"
"1","Arunachal Pradesh","Changlang",2004,"January",2004-01-01,"40.4"
"2","Arunachal Pradesh","Dibang Valley",2004,"January",2004-01-01,"52.3"
"3","Arunachal Pradesh","East Kameng",2004,"January",2004-01-01,"33.4"
"4","Arunachal Pradesh","East Siang",2004,"January",2004-01-01,"24.2"
"5","Arunachal Pradesh","Lohit",2004,"January",2004-01-01,"24.9"
"6","Arunachal Pradesh","Lower Subansiri",2004,"January",2004-01-01,"25"
"7","Arunachal Pradesh","Papumpara",2004,"January",2004-01-01,"65.2"
"8","Arunachal Pradesh","Tawang",2004,"January",2004-01-01,"7.3"
"9","Arunachal Pradesh","Tirap",2004,"January",2004-01-01,"60.4"
"10","Arunachal Pradesh","Upper Siang",2004,"January",2004-01-01,"N.A."
"11","Arunachal Pradesh","Upper Subansiri",2004,"January",2004-01-01,"34"
"12","Arunachal Pradesh","West Kameng",2004,"January",2004-01-01,"24.8"
"13","Arunachal Pradesh","West Siang",2004,"January",2004-01-01,"N.A."
"14","Arunachal Pradesh","Changlang",2004,"February",2004-02-01,"18.6"
"15","Arunachal Pradesh","Dibang Valley",2004,"February",2004-02-01,"33.4"
"16","Arunachal Pradesh","East Kameng",2004,"February",2004-02-01,"21"
"17","Arunachal Pradesh","East Siang",2004,"February",2004-02-01,"33.4"
"18","Arunachal Pradesh","Lohit",2004,"February",2004-02-01,"8.1"
"19","Arunachal Pradesh","Lower Subansiri",2004,"February",2004-02-01,"24.6"
"20","Arunachal Pradesh","Papumpara",2004,"February",2004-02-01,"8.4"
"21","Arunachal Pradesh","Tawang",2004,"February",2004-02-01,"1.8"
"22","Arunachal Pradesh","Tirap",2004,"February",2004-02-01,"18.1"
"23","Arunachal Pradesh","Upper Siang",2004,"February",2004-02-01,"N.A."
"24","Arunachal Pradesh","Upper Subansiri",2004,"February",2004-02-01,"53"
"25","Arunachal Pradesh","West Kameng",2004,"February",2004-02-01,"13.3"
"26","Arunachal Pradesh","West Siang",2004,"February",2004-02-01,"N.A."
"27","Arunachal Pradesh","Changlang",2004,"March",2004-03-01,"123.8"
"28","Arunachal Pradesh","Dibang Valley",2004,"March",2004-03-01,"403.4"
"29","Arunachal Pradesh","East Kameng",2004,"March",2004-03-01,"117.3"
"30","Arunachal Pradesh","East Siang",2004,"March",2004-03-01,"311.8"
"31","Arunachal Pradesh","Lohit",2004,"March",2004-03-01,"182.2"
"32","Arunachal Pradesh","Lower Subansiri",2004,"March",2004-03-01,"89.2"
"33","Arunachal Pradesh","Papumpara",2004,"March",2004-03-01,"272.7"
"34","Arunachal Pradesh","Tawang",2004,"March",2004-03-01,"88.8"
"35","Arunachal Pradesh","Tirap",2004,"March",2004-03-01,"76.6"
"36","Arunachal Pradesh","Upper Siang",2004,"March",2004-03-01,"N.A."
"37","Arunachal Pradesh","Upper Subansiri",2004,"March",2004-03-01,"76.2"
"38","Arunachal Pradesh","West Kameng",2004,"March",2004-03-01,"58.3"
"39","Arunachal Pradesh","West Siang",2004,"March",2004-03-01,"240.8"
"40","Arunachal Pradesh","Changlang",2004,"April",2004-04-01,"402.4"
"41","Arunachal Pradesh","Dibang Valley",2004,"April",2004-04-01,"281.6"
"42","Arunachal Pradesh","East Kameng",2004,"April",2004-04-01,"277.9"
"43","Arunachal Pradesh","East Siang",2004,"April",2004-04-01,"265.3"
"44","Arunachal Pradesh","Lohit",2004,"April",2004-04-01,"208.4"
"45","Arunachal Pradesh","Lower Subansiri",2004,"April",2004-04-01,"105.9"
"46","Arunachal Pradesh","Papumpara",2004,"April",2004-04-01,"267.6"
"47","Arunachal Pradesh","Tawang",2004,"April",2004-04-01,"242.7"
"48","Arunachal Pradesh","Tirap",2004,"April",2004-04-01,"433.2"
"49","Arunachal Pradesh","Upper Siang",2004,"April",2004-04-01,"N.A."
"50","Arunachal Pradesh","Upper Subansiri",2004,"April",2004-04-01,"98.1"
"51","Arunachal Pradesh","West Kameng",2004,"April",2004-04-01,"137.6"
"52","Arunachal Pradesh","West Siang",2004,"April",2004-04-01,"N.A."
"53","Arunachal Pradesh","Changlang",2004,"May",2004-05-01,"308.4"
"54","Arunachal Pradesh","Dibang Valley",2004,"May",2004-05-01,"432.4"
"55","Arunachal Pradesh","East Kameng",2004,"May",2004-05-01,"317.6"
"56","Arunachal Pradesh","East Siang",2004,"May",2004-05-01,"544.5"
"57","Arunachal Pradesh","Lohit",2004,"May",2004-05-01,"418.4"
"58","Arunachal Pradesh","Lower Subansiri",2004,"May",2004-05-01,"99"
"59","Arunachal Pradesh","Papumpara",2004,"May",2004-05-01,"714.6"
"60","Arunachal Pradesh","Tawang",2004,"May",2004-05-01,"194.2"
"61","Arunachal Pradesh","Tirap",2004,"May",2004-05-01,"516.8"
"62","Arunachal Pradesh","Upper Siang",2004,"May",2004-05-01,"N.A."
"63","Arunachal Pradesh","Upper Subansiri",2004,"May",2004-05-01,"144.8"
"64","Arunachal Pradesh","West Kameng",2004,"May",2004-05-01,"344.3"
"65","Arunachal Pradesh","West Siang",2004,"May",2004-05-01,"N.A."
"66","Arunachal Pradesh","Changlang",2004,"June",2004-06-01,"449.8"
"67","Arunachal Pradesh","Dibang Valley",2004,"June",2004-06-01,"387.3"
"68","Arunachal Pradesh","East Kameng",2004,"June",2004-06-01,"738.7"
"69","Arunachal Pradesh","East Siang",2004,"June",2004-06-01,"652.8"
"70","Arunachal Pradesh","Lohit",2004,"June",2004-06-01,"273.8"
"71","Arunachal Pradesh","Lower Subansiri",2004,"June",2004-06-01,"183.2"
"72","Arunachal Pradesh","Papumpara",2004,"June",2004-06-01,"678"
"73","Arunachal Pradesh","Tawang",2004,"June",2004-06-01,"253.8"
"74","Arunachal Pradesh","Tirap",2004,"June",2004-06-01,"553.4"
"75","Arunachal Pradesh","Upper Siang",2004,"June",2004-06-01,"N.A."
"76","Arunachal Pradesh","Upper Subansiri",2004,"June",2004-06-01,"240.6"
"77","Arunachal Pradesh","West Kameng",2004,"June",2004-06-01,"640.5"
"78","Arunachal Pradesh","West Siang",2004,"June",2004-06-01,"530"
"79","Arunachal Pradesh","Changlang",2004,"July",2004-07-01,"611.9"
"80","Arunachal Pradesh","Dibang Valley",2004,"July",2004-07-01,"1467"
"81","Arunachal Pradesh","East Kameng",2004,"July",2004-07-01,"601.1"
"82","Arunachal Pradesh","East Siang",2004,"July",2004-07-01,"2280.7"
"83","Arunachal Pradesh","Lohit",2004,"July",2004-07-01,"1145"
"84","Arunachal Pradesh","Lower Subansiri",2004,"July",2004-07-01,"125.3"
"85","Arunachal Pradesh","Papumpara",2004,"July",2004-07-01,"746.4"
"86","Arunachal Pradesh","Tawang",2004,"July",2004-07-01,"502.3"
"87","Arunachal Pradesh","Tirap",2004,"July",2004-07-01,"679.9"
"88","Arunachal Pradesh","Upper Siang",2004,"July",2004-07-01,"N.A."
"89","Arunachal Pradesh","Upper Subansiri",2004,"July",2004-07-01,"236.6"
"90","Arunachal Pradesh","West Kameng",2004,"July",2004-07-01,"649.5"
"91","Arunachal Pradesh","West Siang",2004,"July",2004-07-01,"0"
"92","Arunachal Pradesh","Changlang",2004,"August",2004-08-01,"328.5"
"93","Arunachal Pradesh","Dibang Valley",2004,"August",2004-08-01,"528.4"
"94","Arunachal Pradesh","East Kameng",2004,"August",2004-08-01,"219.8"
"95","Arunachal Pradesh","East Siang",2004,"August",2004-08-01,"375.5"
"96","Arunachal Pradesh","Lohit",2004,"August",2004-08-01,"290.3"
"97","Arunachal Pradesh","Lower Subansiri",2004,"August",2004-08-01,"91.4"
"98","Arunachal Pradesh","Papumpara",2004,"August",2004-08-01,"322.1"
"99","Arunachal Pradesh","Tawang",2004,"August",2004-08-01,"231.8"
"100","Arunachal Pradesh","Tirap",2004,"August",2004-08-01,"648.4"
"101","Arunachal Pradesh","Upper Siang",2004,"August",2004-08-01,"N.A."
"102","Arunachal Pradesh","Upper Subansiri",2004,"August",2004-08-01,"134"
"103","Arunachal Pradesh","West Kameng",2004,"August",2004-08-01,"404.2"
"104","Arunachal Pradesh","West Siang",2004,"August",2004-08-01,"0"
"105","Arunachal Pradesh","Changlang",2004,"September",2004-09-01,"378.6"
"106","Arunachal Pradesh","Dibang Valley",2004,"September",2004-09-01,"438.2"
"107","Arunachal Pradesh","East Kameng",2004,"September",2004-09-01,"335.5"
"108","Arunachal Pradesh","East Siang",2004,"September",2004-09-01,"455.9"
"109","Arunachal Pradesh","Lohit",2004,"September",2004-09-01,"376.1"
"110","Arunachal Pradesh","Lower Subansiri",2004,"September",2004-09-01,"80.7"
"111","Arunachal Pradesh","Papumpara",2004,"September",2004-09-01,"536.5"
"112","Arunachal Pradesh","Tawang",2004,"September",2004-09-01,"106.5"
"113","Arunachal Pradesh","Tirap",2004,"September",2004-09-01,"593"
"114","Arunachal Pradesh","Upper Siang",2004,"September",2004-09-01,"N.A."
"115","Arunachal Pradesh","Upper Subansiri",2004,"September",2004-09-01,"167.6"
"116","Arunachal Pradesh","West Kameng",2004,"September",2004-09-01,"687.2"
"117","Arunachal Pradesh","West Siang",2004,"September",2004-09-01,"0"
"118","Arunachal Pradesh","Changlang",2004,"October",2004-10-01,"214.1"
"119","Arunachal Pradesh","Dibang Valley",2004,"October",2004-10-01,"408.2"
"120","Arunachal Pradesh","East Kameng",2004,"October",2004-10-01,"145.6"
"121","Arunachal Pradesh","East Siang",2004,"October",2004-10-01,"267.4"
"122","Arunachal Pradesh","Lohit",2004,"October",2004-10-01,"212.9"
"123","Arunachal Pradesh","Lower Subansiri",2004,"October",2004-10-01,"133"
"124","Arunachal Pradesh","Papumpara",2004,"October",2004-10-01,"353.3"
"125","Arunachal Pradesh","Tawang",2004,"October",2004-10-01,"185.3"
"126","Arunachal Pradesh","Tirap",2004,"October",2004-10-01,"284.6"
"127","Arunachal Pradesh","Upper Siang",2004,"October",2004-10-01,"N.A."
"128","Arunachal Pradesh","Upper Subansiri",2004,"October",2004-10-01,"97.4"
"129","Arunachal Pradesh","West Kameng",2004,"October",2004-10-01,"302.7"
"130","Arunachal Pradesh","West Siang",2004,"October",2004-10-01,"N.A."
"131","Arunachal Pradesh","Changlang",2004,"November",2004-11-01,"3.7"
"132","Arunachal Pradesh","Dibang Valley",2004,"November",2004-11-01,"0"
"133","Arunachal Pradesh","East Kameng",2004,"November",2004-11-01,"26.8"
"134","Arunachal Pradesh","East Siang",2004,"November",2004-11-01,"0"
"135","Arunachal Pradesh","Lohit",2004,"November",2004-11-01,"1.2"
"136","Arunachal Pradesh","Lower Subansiri",2004,"November",2004-11-01,"5.9"
"137","Arunachal Pradesh","Papumpara",2004,"November",2004-11-01,"0"
"138","Arunachal Pradesh","Tawang",2004,"November",2004-11-01,"16.9"
"139","Arunachal Pradesh","Tirap",2004,"November",2004-11-01,"12"
"140","Arunachal Pradesh","Upper Siang",2004,"November",2004-11-01,"N.A."
"141","Arunachal Pradesh","Upper Subansiri",2004,"November",2004-11-01,"3"
"142","Arunachal Pradesh","West Kameng",2004,"November",2004-11-01,"16.1"
"143","Arunachal Pradesh","West Siang",2004,"November",2004-11-01,"N.A."
"144","Arunachal Pradesh","Changlang",2004,"December",2004-12-01,"5.4"
"145","Arunachal Pradesh","Dibang Valley",2004,"December",2004-12-01,"39.2"
"146","Arunachal Pradesh","East Kameng",2004,"December",2004-12-01,"7.5"
"147","Arunachal Pradesh","East Siang",2004,"December",2004-12-01,"31.5"
"148","Arunachal Pradesh","Lohit",2004,"December",2004-12-01,"45"
"149","Arunachal Pradesh","Lower Subansiri",2004,"December",2004-12-01,"1.6"
"150","Arunachal Pradesh","Papumpara",2004,"December",2004-12-01,"27.1"
"151","Arunachal Pradesh","Tawang",2004,"December",2004-12-01,"0"
"152","Arunachal Pradesh","Tirap",2004,"December",2004-12-01,"17"
"153","Arunachal Pradesh","Upper Siang",2004,"December",2004-12-01,"N.A."
"154","Arunachal Pradesh","Upper Subansiri",2004,"December",2004-12-01,"21.2"
"155","Arunachal Pradesh","West Kameng",2004,"December",2004-12-01,"4.5"
"156","Arunachal Pradesh","West Siang",2004,"December",2004-12-01,"N.A."
"157","Arunachal Pradesh","Changlang",2005,"January",2005-01-01,"33.2"
"158","Arunachal Pradesh","Dibang Valley",2005,"January",2005-01-01,"92.4"
"159","Arunachal Pradesh","East Kameng",2005,"January",2005-01-01,"59.2"
"160","Arunachal Pradesh","East Siang",2005,"January",2005-01-01,"71.2"
"161","Arunachal Pradesh","Lohit",2005,"January",2005-01-01,"48.9"
"162","Arunachal Pradesh","Lower Subansiri",2005,"January",2005-01-01,"60.5"
"163","Arunachal Pradesh","Papumpara",2005,"January",2005-01-01,"0"
"164","Arunachal Pradesh","Tawang",2005,"January",2005-01-01,"0"
"165","Arunachal Pradesh","Tirap",2005,"January",2005-01-01,"47.2"
"166","Arunachal Pradesh","Upper Siang",2005,"January",2005-01-01,"N.A."
"167","Arunachal Pradesh","Upper Subansiri",2005,"January",2005-01-01,"21"
"168","Arunachal Pradesh","West Kameng",2005,"January",2005-01-01,"43.8"
"169","Arunachal Pradesh","West Siang",2005,"January",2005-01-01,"N.A."
"170","Arunachal Pradesh","Changlang",2005,"February",2005-02-01,"219.2"
"171","Arunachal Pradesh","Dibang Valley",2005,"February",2005-02-01,"212.2"
"172","Arunachal Pradesh","East Kameng",2005,"February",2005-02-01,"122.8"
"173","Arunachal Pradesh","East Siang",2005,"February",2005-02-01,"245.3"
"174","Arunachal Pradesh","Lohit",2005,"February",2005-02-01,"48.2"
"175","Arunachal Pradesh","Lower Subansiri",2005,"February",2005-02-01,"88.2"
"176","Arunachal Pradesh","Papumpara",2005,"February",2005-02-01,"58.5"
"177","Arunachal Pradesh","Tawang",2005,"February",2005-02-01,"130.6"
"178","Arunachal Pradesh","Tirap",2005,"February",2005-02-01,"135"
"179","Arunachal Pradesh","Upper Siang",2005,"February",2005-02-01,"216.3"
"180","Arunachal Pradesh","Upper Subansiri",2005,"February",2005-02-01,"112.8"
"181","Arunachal Pradesh","West Kameng",2005,"February",2005-02-01,"59.6"
"182","Arunachal Pradesh","West Siang",2005,"February",2005-02-01,"N.A."
"183","Arunachal Pradesh","Changlang",2005,"March",2005-03-01,"394.7"
"184","Arunachal Pradesh","Dibang Valley",2005,"March",2005-03-01,"421"
"185","Arunachal Pradesh","East Kameng",2005,"March",2005-03-01,"155.3"
"186","Arunachal Pradesh","East Siang",2005,"March",2005-03-01,"297.9"
"187","Arunachal Pradesh","Lohit",2005,"March",2005-03-01,"333.3"
"188","Arunachal Pradesh","Lower Subansiri",2005,"March",2005-03-01,"83.2"
"189","Arunachal Pradesh","Papumpara",2005,"March",2005-03-01,"180.9"
"190","Arunachal Pradesh","Tawang",2005,"March",2005-03-01,"184.5"
"191","Arunachal Pradesh","Tirap",2005,"March",2005-03-01,"292.8"
"192","Arunachal Pradesh","Upper Siang",2005,"March",2005-03-01,"N.A."
"193","Arunachal Pradesh","Upper Subansiri",2005,"March",2005-03-01,"181"
"194","Arunachal Pradesh","West Kameng",2005,"March",2005-03-01,"64.5"
"195","Arunachal Pradesh","West Siang",2005,"March",2005-03-01,"N.A."
"196","Arunachal Pradesh","Changlang",2005,"April",2005-04-01,"209.5"
"197","Arunachal Pradesh","Dibang Valley",2005,"April",2005-04-01,"341.8"
"198","Arunachal Pradesh","East Kameng",2005,"April",2005-04-01,"168.6"
"199","Arunachal Pradesh","East Siang",2005,"April",2005-04-01,"331.3"
"200","Arunachal Pradesh","Lohit",2005,"April",2005-04-01,"249"
"201","Arunachal Pradesh","Lower Subansiri",2005,"April",2005-04-01,"71.3"
"202","Arunachal Pradesh","Papumpara",2005,"April",2005-04-01,"163"
"203","Arunachal Pradesh","Tawang",2005,"April",2005-04-01,"180.5"
"204","Arunachal Pradesh","Tirap",2005,"April",2005-04-01,"165.4"
"205","Arunachal Pradesh","Upper Siang",2005,"April",2005-04-01,"322.2"
"206","Arunachal Pradesh","Upper Subansiri",2005,"April",2005-04-01,"83.4"
"207","Arunachal Pradesh","West Kameng",2005,"April",2005-04-01,"78.5"
"208","Arunachal Pradesh","West Siang",2005,"April",2005-04-01,"N.A."
"209","Arunachal Pradesh","Changlang",2005,"May",2005-05-01,"221.3"
"210","Arunachal Pradesh","Dibang Valley",2005,"May",2005-05-01,"177.2"
"211","Arunachal Pradesh","East Kameng",2005,"May",2005-05-01,"350.2"
"212","Arunachal Pradesh","East Siang",2005,"May",2005-05-01,"205.4"
"213","Arunachal Pradesh","Lohit",2005,"May",2005-05-01,"123.6"
"214","Arunachal Pradesh","Lower Subansiri",2005,"May",2005-05-01,"120.4"
"215","Arunachal Pradesh","Papumpara",2005,"May",2005-05-01,"271.9"
"216","Arunachal Pradesh","Tawang",2005,"May",2005-05-01,"209.9"
"217","Arunachal Pradesh","Tirap",2005,"May",2005-05-01,"253.6"
"218","Arunachal Pradesh","Upper Siang",2005,"May",2005-05-01,"142.7"
"219","Arunachal Pradesh","Upper Subansiri",2005,"May",2005-05-01,"196.6"
"220","Arunachal Pradesh","West Kameng",2005,"May",2005-05-01,"184.6"
"221","Arunachal Pradesh","West Siang",2005,"May",2005-05-01,"N.A."
"222","Arunachal Pradesh","Changlang",2005,"June",2005-06-01,"195.6"
"223","Arunachal Pradesh","Dibang Valley",2005,"June",2005-06-01,"326.8"
"224","Arunachal Pradesh","East Kameng",2005,"June",2005-06-01,"354.9"
"225","Arunachal Pradesh","East Siang",2005,"June",2005-06-01,"579.9"
"226","Arunachal Pradesh","Lohit",2005,"June",2005-06-01,"249.8"
"227","Arunachal Pradesh","Lower Subansiri",2005,"June",2005-06-01,"46.1"
"228","Arunachal Pradesh","Papumpara",2005,"June",2005-06-01,"524.6"
"229","Arunachal Pradesh","Tawang",2005,"June",2005-06-01,"137.9"
"230","Arunachal Pradesh","Tirap",2005,"June",2005-06-01,"672.4"
"231","Arunachal Pradesh","Upper Siang",2005,"June",2005-06-01,"N.A."
"232","Arunachal Pradesh","Upper Subansiri",2005,"June",2005-06-01,"398.2"
"233","Arunachal Pradesh","West Kameng",2005,"June",2005-06-01,"261.8"
"234","Arunachal Pradesh","West Siang",2005,"June",2005-06-01,"183.6"
"235","Arunachal Pradesh","Changlang",2005,"July",2005-07-01,"363.1"
"236","Arunachal Pradesh","Dibang Valley",2005,"July",2005-07-01,"1184"
"237","Arunachal Pradesh","East Kameng",2005,"July",2005-07-01,"686.2"
"238","Arunachal Pradesh","East Siang",2005,"July",2005-07-01,"840.1"
"239","Arunachal Pradesh","Lohit",2005,"July",2005-07-01,"634.3"
"240","Arunachal Pradesh","Lower Subansiri",2005,"July",2005-07-01,"199.6"
"241","Arunachal Pradesh","Papumpara",2005,"July",2005-07-01,"459.9"
"242","Arunachal Pradesh","Tawang",2005,"July",2005-07-01,"282.2"
"243","Arunachal Pradesh","Tirap",2005,"July",2005-07-01,"843.8"
"244","Arunachal Pradesh","Upper Siang",2005,"July",2005-07-01,"N.A."
"245","Arunachal Pradesh","Upper Subansiri",2005,"July",2005-07-01,"225.6"
"246","Arunachal Pradesh","West Kameng",2005,"July",2005-07-01,"414.2"
"247","Arunachal Pradesh","West Siang",2005,"July",2005-07-01,"N.A."
"248","Arunachal Pradesh","Changlang",2005,"August",2005-08-01,"355.7"
"249","Arunachal Pradesh","Dibang Valley",2005,"August",2005-08-01,"404.1"
"250","Arunachal Pradesh","East Kameng",2005,"August",2005-08-01,"816.2"
"251","Arunachal Pradesh","East Siang",2005,"August",2005-08-01,"915.5"
"252","Arunachal Pradesh","Lohit",2005,"August",2005-08-01,"401.7"
"253","Arunachal Pradesh","Lower Subansiri",2005,"August",2005-08-01,"144.6"
"254","Arunachal Pradesh","Papumpara",2005,"August",2005-08-01,"638.6"
"255","Arunachal Pradesh","Tawang",2005,"August",2005-08-01,"303.4"
"256","Arunachal Pradesh","Tirap",2005,"August",2005-08-01,"994"
"257","Arunachal Pradesh","Upper Siang",2005,"August",2005-08-01,"0"
"258","Arunachal Pradesh","Upper Subansiri",2005,"August",2005-08-01,"225.8"
"259","Arunachal Pradesh","West Kameng",2005,"August",2005-08-01,"529.8"
"260","Arunachal Pradesh","West Siang",2005,"August",2005-08-01,"0"
"261","Arunachal Pradesh","Changlang",2005,"September",2005-09-01,"102.7"
"262","Arunachal Pradesh","Dibang Valley",2005,"September",2005-09-01,"485"
"263","Arunachal Pradesh","East Kameng",2005,"September",2005-09-01,"658.1"
"264","Arunachal Pradesh","East Siang",2005,"September",2005-09-01,"543.4"
"265","Arunachal Pradesh","Lohit",2005,"September",2005-09-01,"201.6"
"266","Arunachal Pradesh","Lower Subansiri",2005,"September",2005-09-01,"63.7"
"267","Arunachal Pradesh","Papumpara",2005,"September",2005-09-01,"210"
"268","Arunachal Pradesh","Tawang",2005,"September",2005-09-01,"191.6"
"269","Arunachal Pradesh","Tirap",2005,"September",2005-09-01,"271.3"
"270","Arunachal Pradesh","Upper Siang",2005,"September",2005-09-01,"139"
"271","Arunachal Pradesh","Upper Subansiri",2005,"September",2005-09-01,"N.A."
"272","Arunachal Pradesh","West Kameng",2005,"September",2005-09-01,"457.2"
"273","Arunachal Pradesh","West Siang",2005,"September",2005-09-01,"N.A."
"274","Arunachal Pradesh","Changlang",2005,"October",2005-10-01,"159.5"
"275","Arunachal Pradesh","Dibang Valley",2005,"October",2005-10-01,"200.8"
"276","Arunachal Pradesh","East Kameng",2005,"October",2005-10-01,"209"
"277","Arunachal Pradesh","East Siang",2005,"October",2005-10-01,"244.4"
"278","Arunachal Pradesh","Lohit",2005,"October",2005-10-01,"144.2"
"279","Arunachal Pradesh","Lower Subansiri",2005,"October",2005-10-01,"65.9"
"280","Arunachal Pradesh","Papumpara",2005,"October",2005-10-01,"79.8"
"281","Arunachal Pradesh","Tawang",2005,"October",2005-10-01,"94.6"
"282","Arunachal Pradesh","Tirap",2005,"October",2005-10-01,"199"
"283","Arunachal Pradesh","Upper Siang",2005,"October",2005-10-01,"92.7"
"284","Arunachal Pradesh","Upper Subansiri",2005,"October",2005-10-01,"123.3"
"285","Arunachal Pradesh","West Kameng",2005,"October",2005-10-01,"220.4"
"286","Arunachal Pradesh","West Siang",2005,"October",2005-10-01,"N.A."
"287","Arunachal Pradesh","Changlang",2005,"November",2005-11-01,"19.4"
"288","Arunachal Pradesh","Dibang Valley",2005,"November",2005-11-01,"43.4"
"289","Arunachal Pradesh","East Kameng",2005,"November",2005-11-01,"53.3"
"290","Arunachal Pradesh","East Siang",2005,"November",2005-11-01,"22.6"
"291","Arunachal Pradesh","Lohit",2005,"November",2005-11-01,"22.8"
"292","Arunachal Pradesh","Lower Subansiri",2005,"November",2005-11-01,"19.8"
"293","Arunachal Pradesh","Papumpara",2005,"November",2005-11-01,"16.3"
"294","Arunachal Pradesh","Tawang",2005,"November",2005-11-01,"20.3"
"295","Arunachal Pradesh","Tirap",2005,"November",2005-11-01,"3"
"296","Arunachal Pradesh","Upper Siang",2005,"November",2005-11-01,"0"
"297","Arunachal Pradesh","Upper Subansiri",2005,"November",2005-11-01,"51"
"298","Arunachal Pradesh","West Kameng",2005,"November",2005-11-01,"28.6"
"299","Arunachal Pradesh","West Siang",2005,"November",2005-11-01,"0.8"
"300","Arunachal Pradesh","Changlang",2005,"December",2005-12-01,"6.4"
"301","Arunachal Pradesh","Dibang Valley",2005,"December",2005-12-01,"4.8"
"302","Arunachal Pradesh","East Kameng",2005,"December",2005-12-01,"0"
"303","Arunachal Pradesh","East Siang",2005,"December",2005-12-01,"0"
"304","Arunachal Pradesh","Lohit",2005,"December",2005-12-01,"17.9"
"305","Arunachal Pradesh","Lower Subansiri",2005,"December",2005-12-01,"0"
"306","Arunachal Pradesh","Papumpara",2005,"December",2005-12-01,"0"
"307","Arunachal Pradesh","Tawang",2005,"December",2005-12-01,"0"
"308","Arunachal Pradesh","Tirap",2005,"December",2005-12-01,"0"
"309","Arunachal Pradesh","Upper Siang",2005,"December",2005-12-01,"0"
"310","Arunachal Pradesh","Upper Subansiri",2005,"December",2005-12-01,"0"
"311","Arunachal Pradesh","West Kameng",2005,"December",2005-12-01,"1.4"
"312","Arunachal Pradesh","West Siang",2005,"December",2005-12-01,"0"
"313","Arunachal Pradesh","Changlang",2006,"January",2006-01-01,"17.1"
"314","Arunachal Pradesh","Dibang Valley",2006,"January",2006-01-01,"5.4"
"315","Arunachal Pradesh","East Kameng",2006,"January",2006-01-01,"2.3"
"316","Arunachal Pradesh","East Siang",2006,"January",2006-01-01,"9.1"
"317","Arunachal Pradesh","Lohit",2006,"January",2006-01-01,"0"
"318","Arunachal Pradesh","Lower Subansiri",2006,"January",2006-01-01,"3.8"
"319","Arunachal Pradesh","Papumpara",2006,"January",2006-01-01,"7.6"
"320","Arunachal Pradesh","Tawang",2006,"January",2006-01-01,"0"
"321","Arunachal Pradesh","Tirap",2006,"January",2006-01-01,"2.2"
"322","Arunachal Pradesh","Upper Siang",2006,"January",2006-01-01,"N.A."
"323","Arunachal Pradesh","Upper Subansiri",2006,"January",2006-01-01,"6.8"
"324","Arunachal Pradesh","West Kameng",2006,"January",2006-01-01,"3.1"
"325","Arunachal Pradesh","West Siang",2006,"January",2006-01-01,"N.A."
"326","Arunachal Pradesh","Changlang",2006,"February",2006-02-01,"136.4"
"327","Arunachal Pradesh","Dibang Valley",2006,"February",2006-02-01,"226.4"
"328","Arunachal Pradesh","East Kameng",2006,"February",2006-02-01,"104"
"329","Arunachal Pradesh","East Siang",2006,"February",2006-02-01,"179.8"
"330","Arunachal Pradesh","Lohit",2006,"February",2006-02-01,"225.3"
"331","Arunachal Pradesh","Lower Subansiri",2006,"February",2006-02-01,"48.2"
"332","Arunachal Pradesh","Papumpara",2006,"February",2006-02-01,"246"
"333","Arunachal Pradesh","Tawang",2006,"February",2006-02-01,"22.4"
"334","Arunachal Pradesh","Tirap",2006,"February",2006-02-01,"112.5"
"335","Arunachal Pradesh","Upper Siang",2006,"February",2006-02-01,"N.A."
"336","Arunachal Pradesh","Upper Subansiri",2006,"February",2006-02-01,"60.2"
"337","Arunachal Pradesh","West Kameng",2006,"February",2006-02-01,"16.7"
"338","Arunachal Pradesh","West Siang",2006,"February",2006-02-01,"102.6"
"339","Arunachal Pradesh","Changlang",2006,"March",2006-03-01,"60.3"
"340","Arunachal Pradesh","Dibang Valley",2006,"March",2006-03-01,"0"
"341","Arunachal Pradesh","East Kameng",2006,"March",2006-03-01,"61.3"
"342","Arunachal Pradesh","East Siang",2006,"March",2006-03-01,"34"
"343","Arunachal Pradesh","Lohit",2006,"March",2006-03-01,"53.5"
"344","Arunachal Pradesh","Lower Subansiri",2006,"March",2006-03-01,"28.4"
"345","Arunachal Pradesh","Papumpara",2006,"March",2006-03-01,"42.2"
"346","Arunachal Pradesh","Tawang",2006,"March",2006-03-01,"97.8"
"347","Arunachal Pradesh","Tirap",2006,"March",2006-03-01,"25.8"
"348","Arunachal Pradesh","Upper Siang",2006,"March",2006-03-01,"N.A."
"349","Arunachal Pradesh","Upper Subansiri",2006,"March",2006-03-01,"35.7"
"350","Arunachal Pradesh","West Kameng",2006,"March",2006-03-01,"17"
"351","Arunachal Pradesh","West Siang",2006,"March",2006-03-01,"N.A."
"352","Arunachal Pradesh","Changlang",2006,"April",2006-04-01,"229.4"
"353","Arunachal Pradesh","Dibang Valley",2006,"April",2006-04-01,"N.A."
"354","Arunachal Pradesh","East Kameng",2006,"April",2006-04-01,"179.5"
"355","Arunachal Pradesh","East Siang",2006,"April",2006-04-01,"272.9"
"356","Arunachal Pradesh","Lohit",2006,"April",2006-04-01,"235.5"
"357","Arunachal Pradesh","Lower Subansiri",2006,"April",2006-04-01,"122.7"
"358","Arunachal Pradesh","Papumpara",2006,"April",2006-04-01,"184.2"
"359","Arunachal Pradesh","Tawang",2006,"April",2006-04-01,"236.6"
"360","Arunachal Pradesh","Tirap",2006,"April",2006-04-01,"456.8"
"361","Arunachal Pradesh","Upper Siang",2006,"April",2006-04-01,"N.A."
"362","Arunachal Pradesh","Upper Subansiri",2006,"April",2006-04-01,"138.9"
"363","Arunachal Pradesh","West Kameng",2006,"April",2006-04-01,"173.4"
"364","Arunachal Pradesh","West Siang",2006,"April",2006-04-01,"169.7"
"365","Arunachal Pradesh","Changlang",2006,"May",2006-05-01,"203.3"
"366","Arunachal Pradesh","Dibang Valley",2006,"May",2006-05-01,"26.4"
"367","Arunachal Pradesh","East Kameng",2006,"May",2006-05-01,"363.8"
"368","Arunachal Pradesh","East Siang",2006,"May",2006-05-01,"534.8"
"369","Arunachal Pradesh","Lohit",2006,"May",2006-05-01,"294.1"
"370","Arunachal Pradesh","Lower Subansiri",2006,"May",2006-05-01,"145.1"
"371","Arunachal Pradesh","Papumpara",2006,"May",2006-05-01,"147.9"
"372","Arunachal Pradesh","Tawang",2006,"May",2006-05-01,"244.8"
"373","Arunachal Pradesh","Tirap",2006,"May",2006-05-01,"296"
"374","Arunachal Pradesh","Upper Siang",2006,"May",2006-05-01,"0"
"375","Arunachal Pradesh","Upper Subansiri",2006,"May",2006-05-01,"204.8"
"376","Arunachal Pradesh","West Kameng",2006,"May",2006-05-01,"182.1"
"377","Arunachal Pradesh","West Siang",2006,"May",2006-05-01,"314.7"
"378","Arunachal Pradesh","Changlang",2006,"June",2006-06-01,"224.2"
"379","Arunachal Pradesh","Dibang Valley",2006,"June",2006-06-01,"N.A."
"380","Arunachal Pradesh","East Kameng",2006,"June",2006-06-01,"192.6"
"381","Arunachal Pradesh","East Siang",2006,"June",2006-06-01,"700.6"
"382","Arunachal Pradesh","Lohit",2006,"June",2006-06-01,"588.9"
"383","Arunachal Pradesh","Lower Subansiri",2006,"June",2006-06-01,"122.2"
"384","Arunachal Pradesh","Papumpara",2006,"June",2006-06-01,"429.9"
"385","Arunachal Pradesh","Tawang",2006,"June",2006-06-01,"214.6"
"386","Arunachal Pradesh","Tirap",2006,"June",2006-06-01,"526.4"
"387","Arunachal Pradesh","Upper Siang",2006,"June",2006-06-01,"N.A."
"388","Arunachal Pradesh","Upper Subansiri",2006,"June",2006-06-01,"175.6"
"389","Arunachal Pradesh","West Kameng",2006,"June",2006-06-01,"395.9"
"390","Arunachal Pradesh","West Siang",2006,"June",2006-06-01,"N.A."
"391","Arunachal Pradesh","Changlang",2006,"July",2006-07-01,"282.1"
"392","Arunachal Pradesh","Dibang Valley",2006,"July",2006-07-01,"571.4"
"393","Arunachal Pradesh","East Kameng",2006,"July",2006-07-01,"519.2"
"394","Arunachal Pradesh","East Siang",2006,"July",2006-07-01,"664.7"
"395","Arunachal Pradesh","Lohit",2006,"July",2006-07-01,"453"
"396","Arunachal Pradesh","Lower Subansiri",2006,"July",2006-07-01,"163.4"
"397","Arunachal Pradesh","Papumpara",2006,"July",2006-07-01,"381.4"
"398","Arunachal Pradesh","Tawang",2006,"July",2006-07-01,"247.1"
"399","Arunachal Pradesh","Tirap",2006,"July",2006-07-01,"627.8"
"400","Arunachal Pradesh","Upper Siang",2006,"July",2006-07-01,"719"
"401","Arunachal Pradesh","Upper Subansiri",2006,"July",2006-07-01,"236.8"
"402","Arunachal Pradesh","West Kameng",2006,"July",2006-07-01,"381.2"
"403","Arunachal Pradesh","West Siang",2006,"July",2006-07-01,"301.7"
"404","Arunachal Pradesh","Changlang",2006,"August",2006-08-01,"157.6"
"405","Arunachal Pradesh","Dibang Valley",2006,"August",2006-08-01,"397.4"
"406","Arunachal Pradesh","East Kameng",2006,"August",2006-08-01,"202.5"
"407","Arunachal Pradesh","East Siang",2006,"August",2006-08-01,"535.8"
"408","Arunachal Pradesh","Lohit",2006,"August",2006-08-01,"278"
"409","Arunachal Pradesh","Lower Subansiri",2006,"August",2006-08-01,"70.8"
"410","Arunachal Pradesh","Papumpara",2006,"August",2006-08-01,"191"
"411","Arunachal Pradesh","Tawang",2006,"August",2006-08-01,"154"
"412","Arunachal Pradesh","Tirap",2006,"August",2006-08-01,"280.8"
"413","Arunachal Pradesh","Upper Siang",2006,"August",2006-08-01,"N.A."
"414","Arunachal Pradesh","Upper Subansiri",2006,"August",2006-08-01,"217.4"
"415","Arunachal Pradesh","West Kameng",2006,"August",2006-08-01,"160.7"
"416","Arunachal Pradesh","West Siang",2006,"August",2006-08-01,"78.8"
"417","Arunachal Pradesh","Changlang",2006,"September",2006-09-01,"216.7"
"418","Arunachal Pradesh","Dibang Valley",2006,"September",2006-09-01,"337.4"
"419","Arunachal Pradesh","East Kameng",2006,"September",2006-09-01,"181.1"
"420","Arunachal Pradesh","East Siang",2006,"September",2006-09-01,"547.2"
"421","Arunachal Pradesh","Lohit",2006,"September",2006-09-01,"337.4"
"422","Arunachal Pradesh","Lower Subansiri",2006,"September",2006-09-01,"72.6"
"423","Arunachal Pradesh","Papumpara",2006,"September",2006-09-01,"315.3"
"424","Arunachal Pradesh","Tawang",2006,"September",2006-09-01,"161.8"
"425","Arunachal Pradesh","Tirap",2006,"September",2006-09-01,"420.7"
"426","Arunachal Pradesh","Upper Siang",2006,"September",2006-09-01,"784.7"
"427","Arunachal Pradesh","Upper Subansiri",2006,"September",2006-09-01,"166.2"
"428","Arunachal Pradesh","West Kameng",2006,"September",2006-09-01,"338.3"
"429","Arunachal Pradesh","West Siang",2006,"September",2006-09-01,"260.2"
"430","Arunachal Pradesh","Changlang",2006,"October",2006-10-01,"66.6"
"431","Arunachal Pradesh","Dibang Valley",2006,"October",2006-10-01,"N.A."
"432","Arunachal Pradesh","East Kameng",2006,"October",2006-10-01,"11.4"
"433","Arunachal Pradesh","East Siang",2006,"October",2006-10-01,"27.4"
"434","Arunachal Pradesh","Lohit",2006,"October",2006-10-01,"70.5"
"435","Arunachal Pradesh","Lower Subansiri",2006,"October",2006-10-01,"0.4"
"436","Arunachal Pradesh","Papumpara",2006,"October",2006-10-01,"108"
"437","Arunachal Pradesh","Tawang",2006,"October",2006-10-01,"61.1"
"438","Arunachal Pradesh","Tirap",2006,"October",2006-10-01,"147"
"439","Arunachal Pradesh","Upper Siang",2006,"October",2006-10-01,"323"
"440","Arunachal Pradesh","Upper Subansiri",2006,"October",2006-10-01,"136.2"
"441","Arunachal Pradesh","West Kameng",2006,"October",2006-10-01,"45.8"
"442","Arunachal Pradesh","West Siang",2006,"October",2006-10-01,"110.6"
"443","Arunachal Pradesh","Changlang",2006,"November",2006-11-01,"52.5"
"444","Arunachal Pradesh","Dibang Valley",2006,"November",2006-11-01,"71.8"
"445","Arunachal Pradesh","East Kameng",2006,"November",2006-11-01,"23.6"
"446","Arunachal Pradesh","East Siang",2006,"November",2006-11-01,"158.1"
"447","Arunachal Pradesh","Lohit",2006,"November",2006-11-01,"89"
"448","Arunachal Pradesh","Lower Subansiri",2006,"November",2006-11-01,"35.6"
"449","Arunachal Pradesh","Papumpara",2006,"November",2006-11-01,"72.3"
"450","Arunachal Pradesh","Tawang",2006,"November",2006-11-01,"29.1"
"451","Arunachal Pradesh","Tirap",2006,"November",2006-11-01,"28.2"
"452","Arunachal Pradesh","Upper Siang",2006,"November",2006-11-01,"124.7"
"453","Arunachal Pradesh","Upper Subansiri",2006,"November",2006-11-01,"35"
"454","Arunachal Pradesh","West Kameng",2006,"November",2006-11-01,"62.8"
"455","Arunachal Pradesh","West Siang",2006,"November",2006-11-01,"627.5"
"456","Arunachal Pradesh","Changlang",2006,"December",2006-12-01,"14.5"
"457","Arunachal Pradesh","Dibang Valley",2006,"December",2006-12-01,"0"
"458","Arunachal Pradesh","East Kameng",2006,"December",2006-12-01,"7.6"
"459","Arunachal Pradesh","East Siang",2006,"December",2006-12-01,"42.4"
"460","Arunachal Pradesh","Lohit",2006,"December",2006-12-01,"21.4"
"461","Arunachal Pradesh","Lower Subansiri",2006,"December",2006-12-01,"12"
"462","Arunachal Pradesh","Papumpara",2006,"December",2006-12-01,"22.3"
"463","Arunachal Pradesh","Tawang",2006,"December",2006-12-01,"4.4"
"464","Arunachal Pradesh","Tirap",2006,"December",2006-12-01,"0"
"465","Arunachal Pradesh","Upper Siang",2006,"December",2006-12-01,"0"
"466","Arunachal Pradesh","Upper Subansiri",2006,"December",2006-12-01,"19.4"
"467","Arunachal Pradesh","West Kameng",2006,"December",2006-12-01,"11.3"
"468","Arunachal Pradesh","West Siang",2006,"December",2006-12-01,"118.8"
"469","Arunachal Pradesh","Changlang",2007,"January",2007-01-01,"15.7"
"470","Arunachal Pradesh","Dibang Valley",2007,"January",2007-01-01,"23.2"
"471","Arunachal Pradesh","East Kameng",2007,"January",2007-01-01,"12.4"
"472","Arunachal Pradesh","East Siang",2007,"January",2007-01-01,"13.7"
"473","Arunachal Pradesh","Lohit",2007,"January",2007-01-01,"8.7"
"474","Arunachal Pradesh","Lower Subansiri",2007,"January",2007-01-01,"11.2"
"475","Arunachal Pradesh","Papumpara",2007,"January",2007-01-01,"18.8"
"476","Arunachal Pradesh","Tawang",2007,"January",2007-01-01,"7.2"
"477","Arunachal Pradesh","Tirap",2007,"January",2007-01-01,"2.4"
"478","Arunachal Pradesh","Upper Siang",2007,"January",2007-01-01,"28.1"
"479","Arunachal Pradesh","Upper Subansiri",2007,"January",2007-01-01,"22.8"
"480","Arunachal Pradesh","West Kameng",2007,"January",2007-01-01,"1.7"
"481","Arunachal Pradesh","West Siang",2007,"January",2007-01-01,"36.6"
"482","Arunachal Pradesh","Changlang",2007,"February",2007-02-01,"86"
"483","Arunachal Pradesh","Dibang Valley",2007,"February",2007-02-01,"0"
"484","Arunachal Pradesh","East Kameng",2007,"February",2007-02-01,"70"
"485","Arunachal Pradesh","East Siang",2007,"February",2007-02-01,"94.1"
"486","Arunachal Pradesh","Lohit",2007,"February",2007-02-01,"120.3"
"487","Arunachal Pradesh","Lower Subansiri",2007,"February",2007-02-01,"69.1"
"488","Arunachal Pradesh","Papumpara",2007,"February",2007-02-01,"113"
"489","Arunachal Pradesh","Tawang",2007,"February",2007-02-01,"1.2"
"490","Arunachal Pradesh","Tirap",2007,"February",2007-02-01,"0"
"491","Arunachal Pradesh","Upper Siang",2007,"February",2007-02-01,"0"
"492","Arunachal Pradesh","Upper Subansiri",2007,"February",2007-02-01,"123.8"
"493","Arunachal Pradesh","West Kameng",2007,"February",2007-02-01,"105.7"
"494","Arunachal Pradesh","West Siang",2007,"February",2007-02-01,"168.8"
"495","Arunachal Pradesh","Changlang",2007,"March",2007-03-01,"24.2"
"496","Arunachal Pradesh","Dibang Valley",2007,"March",2007-03-01,"87"
"497","Arunachal Pradesh","East Kameng",2007,"March",2007-03-01,"9.3"
"498","Arunachal Pradesh","East Siang",2007,"March",2007-03-01,"94.6"
"499","Arunachal Pradesh","Lohit",2007,"March",2007-03-01,"22.1"
"500","Arunachal Pradesh","Lower Subansiri",2007,"March",2007-03-01,"13.9"
"501","Arunachal Pradesh","Papumpara",2007,"March",2007-03-01,"62.3"
"502","Arunachal Pradesh","Tawang",2007,"March",2007-03-01,"25.6"
"503","Arunachal Pradesh","Tirap",2007,"March",2007-03-01,"N.A."
"504","Arunachal Pradesh","Upper Siang",2007,"March",2007-03-01,"59.1"
"505","Arunachal Pradesh","Upper Subansiri",2007,"March",2007-03-01,"53"
"506","Arunachal Pradesh","West Kameng",2007,"March",2007-03-01,"54.1"
"507","Arunachal Pradesh","West Siang",2007,"March",2007-03-01,"104.9"
"508","Arunachal Pradesh","Changlang",2007,"April",2007-04-01,"210.4"
"509","Arunachal Pradesh","Dibang Valley",2007,"April",2007-04-01,"537.4"
"510","Arunachal Pradesh","East Kameng",2007,"April",2007-04-01,"92.8"
"511","Arunachal Pradesh","East Siang",2007,"April",2007-04-01,"555"
"512","Arunachal Pradesh","Lohit",2007,"April",2007-04-01,"421.5"
"513","Arunachal Pradesh","Lower Subansiri",2007,"April",2007-04-01,"98.8"
"514","Arunachal Pradesh","Papumpara",2007,"April",2007-04-01,"469.7"
"515","Arunachal Pradesh","Tawang",2007,"April",2007-04-01,"208.7"
"516","Arunachal Pradesh","Tirap",2007,"April",2007-04-01,"282.9"
"517","Arunachal Pradesh","Upper Siang",2007,"April",2007-04-01,"0"
"518","Arunachal Pradesh","Upper Subansiri",2007,"April",2007-04-01,"190"
"519","Arunachal Pradesh","West Kameng",2007,"April",2007-04-01,"107.9"
"520","Arunachal Pradesh","West Siang",2007,"April",2007-04-01,"234.3"
"521","Arunachal Pradesh","Changlang",2007,"May",2007-05-01,"156.1"
"522","Arunachal Pradesh","Dibang Valley",2007,"May",2007-05-01,"N.A."
"523","Arunachal Pradesh","East Kameng",2007,"May",2007-05-01,"65.8"
"524","Arunachal Pradesh","East Siang",2007,"May",2007-05-01,"398"
"525","Arunachal Pradesh","Lohit",2007,"May",2007-05-01,"152.3"
"526","Arunachal Pradesh","Lower Subansiri",2007,"May",2007-05-01,"155.8"
"527","Arunachal Pradesh","Papumpara",2007,"May",2007-05-01,"505.8"
"528","Arunachal Pradesh","Tawang",2007,"May",2007-05-01,"88.7"
"529","Arunachal Pradesh","Tirap",2007,"May",2007-05-01,"249.3"
"530","Arunachal Pradesh","Upper Siang",2007,"May",2007-05-01,"N.A."
"531","Arunachal Pradesh","Upper Subansiri",2007,"May",2007-05-01,"123.6"
"532","Arunachal Pradesh","West Kameng",2007,"May",2007-05-01,"203.3"
"533","Arunachal Pradesh","West Siang",2007,"May",2007-05-01,"305"
"534","Arunachal Pradesh","Changlang",2007,"June",2007-06-01,"331.4"
"535","Arunachal Pradesh","Dibang Valley",2007,"June",2007-06-01,"657.2"
"536","Arunachal Pradesh","East Kameng",2007,"June",2007-06-01,"340.6"
"537","Arunachal Pradesh","East Siang",2007,"June",2007-06-01,"899.4"
"538","Arunachal Pradesh","Lohit",2007,"June",2007-06-01,"371.3"
"539","Arunachal Pradesh","Lower Subansiri",2007,"June",2007-06-01,"128.2"
"540","Arunachal Pradesh","Papumpara",2007,"June",2007-06-01,"923.1"
"541","Arunachal Pradesh","Tawang",2007,"June",2007-06-01,"230.5"
"542","Arunachal Pradesh","Tirap",2007,"June",2007-06-01,"523.9"
"543","Arunachal Pradesh","Upper Siang",2007,"June",2007-06-01,"474"
"544","Arunachal Pradesh","Upper Subansiri",2007,"June",2007-06-01,"338.4"
"545","Arunachal Pradesh","West Kameng",2007,"June",2007-06-01,"369.1"
"546","Arunachal Pradesh","West Siang",2007,"June",2007-06-01,"292.5"
"547","Arunachal Pradesh","Changlang",2007,"July",2007-07-01,"453.8"
"548","Arunachal Pradesh","Dibang Valley",2007,"July",2007-07-01,"N.A."
"549","Arunachal Pradesh","East Kameng",2007,"July",2007-07-01,"308"
"550","Arunachal Pradesh","East Siang",2007,"July",2007-07-01,"1526.5"
"551","Arunachal Pradesh","Lohit",2007,"July",2007-07-01,"845"
"552","Arunachal Pradesh","Lower Subansiri",2007,"July",2007-07-01,"153.3"
"553","Arunachal Pradesh","Papumpara",2007,"July",2007-07-01,"643.9"
"554","Arunachal Pradesh","Tawang",2007,"July",2007-07-01,"422.2"
"555","Arunachal Pradesh","Tirap",2007,"July",2007-07-01,"626.7"
"556","Arunachal Pradesh","Upper Siang",2007,"July",2007-07-01,"N.A."
"557","Arunachal Pradesh","Upper Subansiri",2007,"July",2007-07-01,"391"
"558","Arunachal Pradesh","West Kameng",2007,"July",2007-07-01,"598"
"559","Arunachal Pradesh","West Siang",2007,"July",2007-07-01,"697.4"
"560","Arunachal Pradesh","Changlang",2007,"August",2007-08-01,"293.5"
"561","Arunachal Pradesh","Dibang Valley",2007,"August",2007-08-01,"0"
"562","Arunachal Pradesh","East Kameng",2007,"August",2007-08-01,"171"
"563","Arunachal Pradesh","East Siang",2007,"August",2007-08-01,"406"
"564","Arunachal Pradesh","Lohit",2007,"August",2007-08-01,"292.9"
"565","Arunachal Pradesh","Lower Subansiri",2007,"August",2007-08-01,"106.1"
"566","Arunachal Pradesh","Papumpara",2007,"August",2007-08-01,"272.9"
"567","Arunachal Pradesh","Tawang",2007,"August",2007-08-01,"210.6"
"568","Arunachal Pradesh","Tirap",2007,"August",2007-08-01,"630.4"
"569","Arunachal Pradesh","Upper Siang",2007,"August",2007-08-01,"0"
"570","Arunachal Pradesh","Upper Subansiri",2007,"August",2007-08-01,"239.8"
"571","Arunachal Pradesh","West Kameng",2007,"August",2007-08-01,"379.8"
"572","Arunachal Pradesh","West Siang",2007,"August",2007-08-01,"249.6"
"573","Arunachal Pradesh","Changlang",2007,"September",2007-09-01,"311.4"
"574","Arunachal Pradesh","Dibang Valley",2007,"September",2007-09-01,"791.4"
"575","Arunachal Pradesh","East Kameng",2007,"September",2007-09-01,"227.4"
"576","Arunachal Pradesh","East Siang",2007,"September",2007-09-01,"909"
"577","Arunachal Pradesh","Lohit",2007,"September",2007-09-01,"441"
"578","Arunachal Pradesh","Lower Subansiri",2007,"September",2007-09-01,"162.2"
"579","Arunachal Pradesh","Papumpara",2007,"September",2007-09-01,"541.9"
"580","Arunachal Pradesh","Tawang",2007,"September",2007-09-01,"273.1"
"581","Arunachal Pradesh","Tirap",2007,"September",2007-09-01,"413.1"
"582","Arunachal Pradesh","Upper Siang",2007,"September",2007-09-01,"N.A."
"583","Arunachal Pradesh","Upper Subansiri",2007,"September",2007-09-01,"352.4"
"584","Arunachal Pradesh","West Kameng",2007,"September",2007-09-01,"358.9"
"585","Arunachal Pradesh","West Siang",2007,"September",2007-09-01,"404.9"
"586","Arunachal Pradesh","Changlang",2007,"October",2007-10-01,"27.2"
"587","Arunachal Pradesh","Dibang Valley",2007,"October",2007-10-01,"151"
"588","Arunachal Pradesh","East Kameng",2007,"October",2007-10-01,"50"
"589","Arunachal Pradesh","East Siang",2007,"October",2007-10-01,"84"
"590","Arunachal Pradesh","Lohit",2007,"October",2007-10-01,"74.4"
"591","Arunachal Pradesh","Lower Subansiri",2007,"October",2007-10-01,"35.4"
"592","Arunachal Pradesh","Papumpara",2007,"October",2007-10-01,"127.8"
"593","Arunachal Pradesh","Tawang",2007,"October",2007-10-01,"103.3"
"594","Arunachal Pradesh","Tirap",2007,"October",2007-10-01,"220.4"
"595","Arunachal Pradesh","Upper Siang",2007,"October",2007-10-01,"N.A."
"596","Arunachal Pradesh","Upper Subansiri",2007,"October",2007-10-01,"155.8"
"597","Arunachal Pradesh","West Kameng",2007,"October",2007-10-01,"263.9"
"598","Arunachal Pradesh","West Siang",2007,"October",2007-10-01,"163.1"
"599","Arunachal Pradesh","Changlang",2007,"November",2007-11-01,"8.1"
"600","Arunachal Pradesh","Dibang Valley",2007,"November",2007-11-01,"0"
"601","Arunachal Pradesh","East Kameng",2007,"November",2007-11-01,"6.2"
"602","Arunachal Pradesh","East Siang",2007,"November",2007-11-01,"9.8"
"603","Arunachal Pradesh","Lohit",2007,"November",2007-11-01,"29.5"
"604","Arunachal Pradesh","Lower Subansiri",2007,"November",2007-11-01,"25.4"
"605","Arunachal Pradesh","Papumpara",2007,"November",2007-11-01,"11.6"
"606","Arunachal Pradesh","Tawang",2007,"November",2007-11-01,"24"
"607","Arunachal Pradesh","Tirap",2007,"November",2007-11-01,"35.3"
"608","Arunachal Pradesh","Upper Siang",2007,"November",2007-11-01,"8"
"609","Arunachal Pradesh","Upper Subansiri",2007,"November",2007-11-01,"20.3"
"610","Arunachal Pradesh","West Kameng",2007,"November",2007-11-01,"28.2"
"611","Arunachal Pradesh","West Siang",2007,"November",2007-11-01,"47.6"
"612","Arunachal Pradesh","Changlang",2007,"December",2007-12-01,"3"
"613","Arunachal Pradesh","Dibang Valley",2007,"December",2007-12-01,"4"
"614","Arunachal Pradesh","East Kameng",2007,"December",2007-12-01,"7.2"
"615","Arunachal Pradesh","East Siang",2007,"December",2007-12-01,"9.1"
"616","Arunachal Pradesh","Lohit",2007,"December",2007-12-01,"8"
"617","Arunachal Pradesh","Lower Subansiri",2007,"December",2007-12-01,"3.1"
"618","Arunachal Pradesh","Papumpara",2007,"December",2007-12-01,"8.8"
"619","Arunachal Pradesh","Tawang",2007,"December",2007-12-01,"0"
"620","Arunachal Pradesh","Tirap",2007,"December",2007-12-01,"52.3"
"621","Arunachal Pradesh","Upper Siang",2007,"December",2007-12-01,"3"
"622","Arunachal Pradesh","Upper Subansiri",2007,"December",2007-12-01,"15.2"
"623","Arunachal Pradesh","West Kameng",2007,"December",2007-12-01,"0.4"
"624","Arunachal Pradesh","West Siang",2007,"December",2007-12-01,"7.5"
"625","Arunachal Pradesh","Changlang",2008,"January",2008-01-01,"N.A."
"626","Arunachal Pradesh","Dibang Valley",2008,"January",2008-01-01,"N.A."
"627","Arunachal Pradesh","East Kameng",2008,"January",2008-01-01,"56"
"628","Arunachal Pradesh","East Siang",2008,"January",2008-01-01,"243.3"
"629","Arunachal Pradesh","Lohit",2008,"January",2008-01-01,"42.9"
"630","Arunachal Pradesh","Lower Subansiri",2008,"January",2008-01-01,"42"
"631","Arunachal Pradesh","Papumpara",2008,"January",2008-01-01,"68.9"
"632","Arunachal Pradesh","Tawang",2008,"January",2008-01-01,"0"
"633","Arunachal Pradesh","Tirap",2008,"January",2008-01-01,"53.6"
"634","Arunachal Pradesh","Upper Siang",2008,"January",2008-01-01,"N.A."
"635","Arunachal Pradesh","Upper Subansiri",2008,"January",2008-01-01,"79.8"
"636","Arunachal Pradesh","West Kameng",2008,"January",2008-01-01,"40.9"
"637","Arunachal Pradesh","West Siang",2008,"January",2008-01-01,"126.6"
"638","Arunachal Pradesh","Changlang",2008,"February",2008-02-01,"22"
"639","Arunachal Pradesh","Dibang Valley",2008,"February",2008-02-01,"0"
"640","Arunachal Pradesh","East Kameng",2008,"February",2008-02-01,"10"
"641","Arunachal Pradesh","East Siang",2008,"February",2008-02-01,"73.2"
"642","Arunachal Pradesh","Lohit",2008,"February",2008-02-01,"40.2"
"643","Arunachal Pradesh","Lower Subansiri",2008,"February",2008-02-01,"34.5"
"644","Arunachal Pradesh","Papumpara",2008,"February",2008-02-01,"21.8"
"645","Arunachal Pradesh","Tawang",2008,"February",2008-02-01,"3.4"
"646","Arunachal Pradesh","Tirap",2008,"February",2008-02-01,"39.1"
"647","Arunachal Pradesh","Upper Siang",2008,"February",2008-02-01,"0"
"648","Arunachal Pradesh","Upper Subansiri",2008,"February",2008-02-01,"12.8"
"649","Arunachal Pradesh","West Kameng",2008,"February",2008-02-01,"26.8"
"650","Arunachal Pradesh","West Siang",2008,"February",2008-02-01,"132"
"651","Arunachal Pradesh","Changlang",2008,"March",2008-03-01,"44.8"
"652","Arunachal Pradesh","Dibang Valley",2008,"March",2008-03-01,"N.A."
"653","Arunachal Pradesh","East Kameng",2008,"March",2008-03-01,"111.4"
"654","Arunachal Pradesh","East Siang",2008,"March",2008-03-01,"188.6"
"655","Arunachal Pradesh","Lohit",2008,"March",2008-03-01,"242.4"
"656","Arunachal Pradesh","Lower Subansiri",2008,"March",2008-03-01,"63.8"
"657","Arunachal Pradesh","Papumpara",2008,"March",2008-03-01,"162.5"
"658","Arunachal Pradesh","Tawang",2008,"March",2008-03-01,"10.8"
"659","Arunachal Pradesh","Tirap",2008,"March",2008-03-01,"188.4"
"660","Arunachal Pradesh","Upper Siang",2008,"March",2008-03-01,"N.A."
"661","Arunachal Pradesh","Upper Subansiri",2008,"March",2008-03-01,"140"
"662","Arunachal Pradesh","West Kameng",2008,"March",2008-03-01,"45.4"
"663","Arunachal Pradesh","West Siang",2008,"March",2008-03-01,"66.6"
"664","Arunachal Pradesh","Changlang",2008,"April",2008-04-01,"0"
"665","Arunachal Pradesh","Dibang Valley",2008,"April",2008-04-01,"0"
"666","Arunachal Pradesh","East Kameng",2008,"April",2008-04-01,"50.4"
"667","Arunachal Pradesh","East Siang",2008,"April",2008-04-01,"281.3"
"668","Arunachal Pradesh","Lohit",2008,"April",2008-04-01,"177.3"
"669","Arunachal Pradesh","Lower Subansiri",2008,"April",2008-04-01,"97.5"
"670","Arunachal Pradesh","Papumpara",2008,"April",2008-04-01,"186.6"
"671","Arunachal Pradesh","Tawang",2008,"April",2008-04-01,"247.4"
"672","Arunachal Pradesh","Tirap",2008,"April",2008-04-01,"129.9"
"673","Arunachal Pradesh","Upper Siang",2008,"April",2008-04-01,"0"
"674","Arunachal Pradesh","Upper Subansiri",2008,"April",2008-04-01,"141.8"
"675","Arunachal Pradesh","West Kameng",2008,"April",2008-04-01,"79.6"
"676","Arunachal Pradesh","West Siang",2008,"April",2008-04-01,"258.7"
"677","Arunachal Pradesh","Changlang",2008,"May",2008-05-01,"0"
"678","Arunachal Pradesh","Dibang Valley",2008,"May",2008-05-01,"0"
"679","Arunachal Pradesh","East Kameng",2008,"May",2008-05-01,"226"
"680","Arunachal Pradesh","East Siang",2008,"May",2008-05-01,"203.5"
"681","Arunachal Pradesh","Lohit",2008,"May",2008-05-01,"260"
"682","Arunachal Pradesh","Lower Subansiri",2008,"May",2008-05-01,"95.8"
"683","Arunachal Pradesh","Papumpara",2008,"May",2008-05-01,"405.8"
"684","Arunachal Pradesh","Tawang",2008,"May",2008-05-01,"172.9"
"685","Arunachal Pradesh","Tirap",2008,"May",2008-05-01,"353"
"686","Arunachal Pradesh","Upper Siang",2008,"May",2008-05-01,"113.7"
"687","Arunachal Pradesh","Upper Subansiri",2008,"May",2008-05-01,"83.7"
"688","Arunachal Pradesh","West Kameng",2008,"May",2008-05-01,"357.3"
"689","Arunachal Pradesh","West Siang",2008,"May",2008-05-01,"343.8"
"690","Arunachal Pradesh","Changlang",2008,"June",2008-06-01,"322.9"
"691","Arunachal Pradesh","Dibang Valley",2008,"June",2008-06-01,"N.A."
"692","Arunachal Pradesh","East Kameng",2008,"June",2008-06-01,"309.8"
"693","Arunachal Pradesh","East Siang",2008,"June",2008-06-01,"703.7"
"694","Arunachal Pradesh","Lohit",2008,"June",2008-06-01,"310.4"
"695","Arunachal Pradesh","Lower Subansiri",2008,"June",2008-06-01,"169.4"
"696","Arunachal Pradesh","Papumpara",2008,"June",2008-06-01,"1035"
"697","Arunachal Pradesh","Tawang",2008,"June",2008-06-01,"233"
"698","Arunachal Pradesh","Tirap",2008,"June",2008-06-01,"495.8"
"699","Arunachal Pradesh","Upper Siang",2008,"June",2008-06-01,"N.A."
"700","Arunachal Pradesh","Upper Subansiri",2008,"June",2008-06-01,"288.4"
"701","Arunachal Pradesh","West Kameng",2008,"June",2008-06-01,"1103.4"
"702","Arunachal Pradesh","West Siang",2008,"June",2008-06-01,"740.9"
"703","Arunachal Pradesh","Changlang",2008,"July",2008-07-01,"432.8"
"704","Arunachal Pradesh","Dibang Valley",2008,"July",2008-07-01,"N.A."
"705","Arunachal Pradesh","East Kameng",2008,"July",2008-07-01,"232.6"
"706","Arunachal Pradesh","East Siang",2008,"July",2008-07-01,"1020.5"
"707","Arunachal Pradesh","Lohit",2008,"July",2008-07-01,"633.9"
"708","Arunachal Pradesh","Lower Subansiri",2008,"July",2008-07-01,"208.4"
"709","Arunachal Pradesh","Papumpara",2008,"July",2008-07-01,"791.9"
"710","Arunachal Pradesh","Tawang",2008,"July",2008-07-01,"298.2"
"711","Arunachal Pradesh","Tirap",2008,"July",2008-07-01,"857"
"712","Arunachal Pradesh","Upper Siang",2008,"July",2008-07-01,"N.A."
"713","Arunachal Pradesh","Upper Subansiri",2008,"July",2008-07-01,"352.7"
"714","Arunachal Pradesh","West Kameng",2008,"July",2008-07-01,"502.5"
"715","Arunachal Pradesh","West Siang",2008,"July",2008-07-01,"743.3"
"716","Arunachal Pradesh","Changlang",2008,"August",2008-08-01,"277.9"
"717","Arunachal Pradesh","Dibang Valley",2008,"August",2008-08-01,"1283.7"
"718","Arunachal Pradesh","East Kameng",2008,"August",2008-08-01,"480.2"
"719","Arunachal Pradesh","East Siang",2008,"August",2008-08-01,"1032"
"720","Arunachal Pradesh","Lohit",2008,"August",2008-08-01,"442.8"
"721","Arunachal Pradesh","Lower Subansiri",2008,"August",2008-08-01,"138.7"
"722","Arunachal Pradesh","Papumpara",2008,"August",2008-08-01,"1017.7"
"723","Arunachal Pradesh","Tawang",2008,"August",2008-08-01,"373"
"724","Arunachal Pradesh","Tirap",2008,"August",2008-08-01,"606.9"
"725","Arunachal Pradesh","Upper Siang",2008,"August",2008-08-01,"357.5"
"726","Arunachal Pradesh","Upper Subansiri",2008,"August",2008-08-01,"217.6"
"727","Arunachal Pradesh","West Kameng",2008,"August",2008-08-01,"576.7"
"728","Arunachal Pradesh","West Siang",2008,"August",2008-08-01,"643.5"
"729","Arunachal Pradesh","Changlang",2008,"September",2008-09-01,"115.9"
"730","Arunachal Pradesh","Dibang Valley",2008,"September",2008-09-01,"248.5"
"731","Arunachal Pradesh","East Kameng",2008,"September",2008-09-01,"123.4"
"732","Arunachal Pradesh","East Siang",2008,"September",2008-09-01,"232.9"
"733","Arunachal Pradesh","Lohit",2008,"September",2008-09-01,"148.7"
"734","Arunachal Pradesh","Lower Subansiri",2008,"September",2008-09-01,"83.4"
"735","Arunachal Pradesh","Papumpara",2008,"September",2008-09-01,"382.8"
"736","Arunachal Pradesh","Tawang",2008,"September",2008-09-01,"156.7"
"737","Arunachal Pradesh","Tirap",2008,"September",2008-09-01,"417.2"
"738","Arunachal Pradesh","Upper Siang",2008,"September",2008-09-01,"289.2"
"739","Arunachal Pradesh","Upper Subansiri",2008,"September",2008-09-01,"120.6"
"740","Arunachal Pradesh","West Kameng",2008,"September",2008-09-01,"253.5"
"741","Arunachal Pradesh","West Siang",2008,"September",2008-09-01,"297.9"
"742","Arunachal Pradesh","Changlang",2008,"October",2008-10-01,"82.2"
"743","Arunachal Pradesh","Dibang Valley",2008,"October",2008-10-01,"N.A."
"744","Arunachal Pradesh","East Kameng",2008,"October",2008-10-01,"62.9"
"745","Arunachal Pradesh","East Siang",2008,"October",2008-10-01,"108.8"
"746","Arunachal Pradesh","Lohit",2008,"October",2008-10-01,"78.1"
"747","Arunachal Pradesh","Lower Subansiri",2008,"October",2008-10-01,"38.9"
"748","Arunachal Pradesh","Papumpara",2008,"October",2008-10-01,"180"
"749","Arunachal Pradesh","Tawang",2008,"October",2008-10-01,"117"
"750","Arunachal Pradesh","Tirap",2008,"October",2008-10-01,"63.3"
"751","Arunachal Pradesh","Upper Siang",2008,"October",2008-10-01,"N.A."
"752","Arunachal Pradesh","Upper Subansiri",2008,"October",2008-10-01,"146.6"
"753","Arunachal Pradesh","West Kameng",2008,"October",2008-10-01,"268"
"754","Arunachal Pradesh","West Siang",2008,"October",2008-10-01,"170.4"
"755","Arunachal Pradesh","Changlang",2008,"November",2008-11-01,"0"
"756","Arunachal Pradesh","Dibang Valley",2008,"November",2008-11-01,"N.A."
"757","Arunachal Pradesh","East Kameng",2008,"November",2008-11-01,"0"
"758","Arunachal Pradesh","East Siang",2008,"November",2008-11-01,"5.7"
"759","Arunachal Pradesh","Lohit",2008,"November",2008-11-01,"52.2"
"760","Arunachal Pradesh","Lower Subansiri",2008,"November",2008-11-01,"0"
"761","Arunachal Pradesh","Papumpara",2008,"November",2008-11-01,"0"
"762","Arunachal Pradesh","Tawang",2008,"November",2008-11-01,"2.1"
"763","Arunachal Pradesh","Tirap",2008,"November",2008-11-01,"0"
"764","Arunachal Pradesh","Upper Siang",2008,"November",2008-11-01,"N.A."
"765","Arunachal Pradesh","Upper Subansiri",2008,"November",2008-11-01,"0"
"766","Arunachal Pradesh","West Kameng",2008,"November",2008-11-01,"0.4"
"767","Arunachal Pradesh","West Siang",2008,"November",2008-11-01,"30.5"
"768","Arunachal Pradesh","Changlang",2008,"December",2008-12-01,"0"
"769","Arunachal Pradesh","Dibang Valley",2008,"December",2008-12-01,"48"
"770","Arunachal Pradesh","East Kameng",2008,"December",2008-12-01,"0"
"771","Arunachal Pradesh","East Siang",2008,"December",2008-12-01,"4.4"
"772","Arunachal Pradesh","Lohit",2008,"December",2008-12-01,"7.6"
"773","Arunachal Pradesh","Lower Subansiri",2008,"December",2008-12-01,"5.2"
"774","Arunachal Pradesh","Papumpara",2008,"December",2008-12-01,"8.4"
"775","Arunachal Pradesh","Tawang",2008,"December",2008-12-01,"12.4"
"776","Arunachal Pradesh","Tirap",2008,"December",2008-12-01,"0"
"777","Arunachal Pradesh","Upper Siang",2008,"December",2008-12-01,"6.9"
"778","Arunachal Pradesh","Upper Subansiri",2008,"December",2008-12-01,"1.6"
"779","Arunachal Pradesh","West Kameng",2008,"December",2008-12-01,"2.2"
"780","Arunachal Pradesh","West Siang",2008,"December",2008-12-01,"15.5"
"781","Arunachal Pradesh","Changlang",2009,"January",2009-01-01,"26.7"
"782","Arunachal Pradesh","Dibang Valley",2009,"January",2009-01-01,"N.A."
"783","Arunachal Pradesh","East Kameng",2009,"January",2009-01-01,"13.2"
"784","Arunachal Pradesh","East Siang",2009,"January",2009-01-01,"52.9"
"785","Arunachal Pradesh","Lohit",2009,"January",2009-01-01,"82.4"
"786","Arunachal Pradesh","Lower Subansiri",2009,"January",2009-01-01,"5.6"
"787","Arunachal Pradesh","Papumpara",2009,"January",2009-01-01,"41.6"
"788","Arunachal Pradesh","Tawang",2009,"January",2009-01-01,"0.6"
"789","Arunachal Pradesh","Tirap",2009,"January",2009-01-01,"80.6"
"790","Arunachal Pradesh","Upper Siang",2009,"January",2009-01-01,"15"
"791","Arunachal Pradesh","Upper Subansiri",2009,"January",2009-01-01,"5.8"
"792","Arunachal Pradesh","West Kameng",2009,"January",2009-01-01,"8.2"
"793","Arunachal Pradesh","West Siang",2009,"January",2009-01-01,"0"
"794","Arunachal Pradesh","Changlang",2009,"February",2009-02-01,"19.6"
"795","Arunachal Pradesh","Dibang Valley",2009,"February",2009-02-01,"114.3"
"796","Arunachal Pradesh","East Kameng",2009,"February",2009-02-01,"10"
"797","Arunachal Pradesh","East Siang",2009,"February",2009-02-01,"153.1"
"798","Arunachal Pradesh","Lohit",2009,"February",2009-02-01,"136.6"
"799","Arunachal Pradesh","Lower Subansiri",2009,"February",2009-02-01,"25.4"
"800","Arunachal Pradesh","Papumpara",2009,"February",2009-02-01,"23.8"
"801","Arunachal Pradesh","Tawang",2009,"February",2009-02-01,"1"
"802","Arunachal Pradesh","Tirap",2009,"February",2009-02-01,"61.2"
"803","Arunachal Pradesh","Upper Siang",2009,"February",2009-02-01,"N.A."
"804","Arunachal Pradesh","Upper Subansiri",2009,"February",2009-02-01,"48.2"
"805","Arunachal Pradesh","West Kameng",2009,"February",2009-02-01,"7.8"
"806","Arunachal Pradesh","West Siang",2009,"February",2009-02-01,"113.9"
"807","Arunachal Pradesh","Changlang",2009,"March",2009-03-01,"36"
"808","Arunachal Pradesh","Dibang Valley",2009,"March",2009-03-01,"82"
"809","Arunachal Pradesh","East Kameng",2009,"March",2009-03-01,"N.A."
"810","Arunachal Pradesh","East Siang",2009,"March",2009-03-01,"46.1"
"811","Arunachal Pradesh","Lohit",2009,"March",2009-03-01,"32.7"
"812","Arunachal Pradesh","Lower Subansiri",2009,"March",2009-03-01,"114.2"
"813","Arunachal Pradesh","Papumpara",2009,"March",2009-03-01,"47.2"
"814","Arunachal Pradesh","Tawang",2009,"March",2009-03-01,"89.8"
"815","Arunachal Pradesh","Tirap",2009,"March",2009-03-01,"74.6"
"816","Arunachal Pradesh","Upper Siang",2009,"March",2009-03-01,"N.A."
"817","Arunachal Pradesh","Upper Subansiri",2009,"March",2009-03-01,"40.6"
"818","Arunachal Pradesh","West Kameng",2009,"March",2009-03-01,"42.9"
"819","Arunachal Pradesh","West Siang",2009,"March",2009-03-01,"89.4"
"820","Arunachal Pradesh","Changlang",2009,"April",2009-04-01,"101.5"
"821","Arunachal Pradesh","Dibang Valley",2009,"April",2009-04-01,"289.5"
"822","Arunachal Pradesh","East Kameng",2009,"April",2009-04-01,"N.A."
"823","Arunachal Pradesh","East Siang",2009,"April",2009-04-01,"259.8"
"824","Arunachal Pradesh","Lohit",2009,"April",2009-04-01,"269.7"
"825","Arunachal Pradesh","Lower Subansiri",2009,"April",2009-04-01,"61.4"
"826","Arunachal Pradesh","Papumpara",2009,"April",2009-04-01,"248.6"
"827","Arunachal Pradesh","Tawang",2009,"April",2009-04-01,"141.4"
"828","Arunachal Pradesh","Tirap",2009,"April",2009-04-01,"213.6"
"829","Arunachal Pradesh","Upper Siang",2009,"April",2009-04-01,"0"
"830","Arunachal Pradesh","Upper Subansiri",2009,"April",2009-04-01,"176.2"
"831","Arunachal Pradesh","West Kameng",2009,"April",2009-04-01,"43.9"
"832","Arunachal Pradesh","West Siang",2009,"April",2009-04-01,"193.2"
"833","Arunachal Pradesh","Changlang",2009,"May",2009-05-01,"170.5"
"834","Arunachal Pradesh","Dibang Valley",2009,"May",2009-05-01,"80"
"835","Arunachal Pradesh","East Kameng",2009,"May",2009-05-01,"71"
"836","Arunachal Pradesh","East Siang",2009,"May",2009-05-01,"159.7"
"837","Arunachal Pradesh","Lohit",2009,"May",2009-05-01,"88.6"
"838","Arunachal Pradesh","Lower Subansiri",2009,"May",2009-05-01,"124.2"
"839","Arunachal Pradesh","Papumpara",2009,"May",2009-05-01,"389.3"
"840","Arunachal Pradesh","Tawang",2009,"May",2009-05-01,"117.5"
"841","Arunachal Pradesh","Tirap",2009,"May",2009-05-01,"378"
"842","Arunachal Pradesh","Upper Siang",2009,"May",2009-05-01,"N.A."
"843","Arunachal Pradesh","Upper Subansiri",2009,"May",2009-05-01,"145.8"
"844","Arunachal Pradesh","West Kameng",2009,"May",2009-05-01,"357.9"
"845","Arunachal Pradesh","West Siang",2009,"May",2009-05-01,"226"
"846","Arunachal Pradesh","Changlang",2009,"June",2009-06-01,"211.2"
"847","Arunachal Pradesh","Dibang Valley",2009,"June",2009-06-01,"535.5"
"848","Arunachal Pradesh","East Kameng",2009,"June",2009-06-01,"154.9"
"849","Arunachal Pradesh","East Siang",2009,"June",2009-06-01,"464.7"
"850","Arunachal Pradesh","Lohit",2009,"June",2009-06-01,"267"
"851","Arunachal Pradesh","Lower Subansiri",2009,"June",2009-06-01,"80.6"
"852","Arunachal Pradesh","Papumpara",2009,"June",2009-06-01,"520.4"
"853","Arunachal Pradesh","Tawang",2009,"June",2009-06-01,"139.1"
"854","Arunachal Pradesh","Tirap",2009,"June",2009-06-01,"720.8"
"855","Arunachal Pradesh","Upper Siang",2009,"June",2009-06-01,"N.A."
"856","Arunachal Pradesh","Upper Subansiri",2009,"June",2009-06-01,"360"
"857","Arunachal Pradesh","West Kameng",2009,"June",2009-06-01,"665.2"
"858","Arunachal Pradesh","West Siang",2009,"June",2009-06-01,"533.9"
"859","Arunachal Pradesh","Changlang",2009,"July",2009-07-01,"225.9"
"860","Arunachal Pradesh","Dibang Valley",2009,"July",2009-07-01,"591"
"861","Arunachal Pradesh","East Kameng",2009,"July",2009-07-01,"424.5"
"862","Arunachal Pradesh","East Siang",2009,"July",2009-07-01,"558.9"
"863","Arunachal Pradesh","Lohit",2009,"July",2009-07-01,"419.6"
"864","Arunachal Pradesh","Lower Subansiri",2009,"July",2009-07-01,"146.9"
"865","Arunachal Pradesh","Papumpara",2009,"July",2009-07-01,"571.4"
"866","Arunachal Pradesh","Tawang",2009,"July",2009-07-01,"230.1"
"867","Arunachal Pradesh","Tirap",2009,"July",2009-07-01,"1010.2"
"868","Arunachal Pradesh","Upper Siang",2009,"July",2009-07-01,"N.A."
"869","Arunachal Pradesh","Upper Subansiri",2009,"July",2009-07-01,"169.4"
"870","Arunachal Pradesh","West Kameng",2009,"July",2009-07-01,"910.8"
"871","Arunachal Pradesh","West Siang",2009,"July",2009-07-01,"737.1"
"872","Arunachal Pradesh","Changlang",2009,"August",2009-08-01,"186.4"
"873","Arunachal Pradesh","Dibang Valley",2009,"August",2009-08-01,"N.A."
"874","Arunachal Pradesh","East Kameng",2009,"August",2009-08-01,"265.9"
"875","Arunachal Pradesh","East Siang",2009,"August",2009-08-01,"735.4"
"876","Arunachal Pradesh","Lohit",2009,"August",2009-08-01,"533.8"
"877","Arunachal Pradesh","Lower Subansiri",2009,"August",2009-08-01,"173.2"
"878","Arunachal Pradesh","Papumpara",2009,"August",2009-08-01,"564.4"
"879","Arunachal Pradesh","Tawang",2009,"August",2009-08-01,"272.2"
"880","Arunachal Pradesh","Tirap",2009,"August",2009-08-01,"850.8"
"881","Arunachal Pradesh","Upper Siang",2009,"August",2009-08-01,"N.A."
"882","Arunachal Pradesh","Upper Subansiri",2009,"August",2009-08-01,"454.4"
"883","Arunachal Pradesh","West Kameng",2009,"August",2009-08-01,"828.7"
"884","Arunachal Pradesh","West Siang",2009,"August",2009-08-01,"82.4"
"885","Arunachal Pradesh","Changlang",2009,"September",2009-09-01,"201.2"
"886","Arunachal Pradesh","Dibang Valley",2009,"September",2009-09-01,"N.A."
"887","Arunachal Pradesh","East Kameng",2009,"September",2009-09-01,"91.4"
"888","Arunachal Pradesh","East Siang",2009,"September",2009-09-01,"286.5"
"889","Arunachal Pradesh","Lohit",2009,"September",2009-09-01,"302.2"
"890","Arunachal Pradesh","Lower Subansiri",2009,"September",2009-09-01,"53"
"891","Arunachal Pradesh","Papumpara",2009,"September",2009-09-01,"101"
"892","Arunachal Pradesh","Tawang",2009,"September",2009-09-01,"131.6"
"893","Arunachal Pradesh","Tirap",2009,"September",2009-09-01,"392.2"
"894","Arunachal Pradesh","Upper Siang",2009,"September",2009-09-01,"N.A."
"895","Arunachal Pradesh","Upper Subansiri",2009,"September",2009-09-01,"157.6"
"896","Arunachal Pradesh","West Kameng",2009,"September",2009-09-01,"191.8"
"897","Arunachal Pradesh","West Siang",2009,"September",2009-09-01,"484.3"
"898","Arunachal Pradesh","Changlang",2009,"October",2009-10-01,"110.8"
"899","Arunachal Pradesh","Dibang Valley",2009,"October",2009-10-01,"N.A."
"900","Arunachal Pradesh","East Kameng",2009,"October",2009-10-01,"88.4"
"901","Arunachal Pradesh","East Siang",2009,"October",2009-10-01,"158.8"
"902","Arunachal Pradesh","Lohit",2009,"October",2009-10-01,"124.8"
"903","Arunachal Pradesh","Lower Subansiri",2009,"October",2009-10-01,"51.2"
"904","Arunachal Pradesh","Papumpara",2009,"October",2009-10-01,"204.7"
"905","Arunachal Pradesh","Tawang",2009,"October",2009-10-01,"100.6"
"906","Arunachal Pradesh","Tirap",2009,"October",2009-10-01,"200.4"
"907","Arunachal Pradesh","Upper Siang",2009,"October",2009-10-01,"N.A."
"908","Arunachal Pradesh","Upper Subansiri",2009,"October",2009-10-01,"58.2"
"909","Arunachal Pradesh","West Kameng",2009,"October",2009-10-01,"105.4"
"910","Arunachal Pradesh","West Siang",2009,"October",2009-10-01,"83.6"
"911","Arunachal Pradesh","Changlang",2009,"November",2009-11-01,"17"
"912","Arunachal Pradesh","Dibang Valley",2009,"November",2009-11-01,"40.5"
"913","Arunachal Pradesh","East Kameng",2009,"November",2009-11-01,"5.8"
"914","Arunachal Pradesh","East Siang",2009,"November",2009-11-01,"147.7"
"915","Arunachal Pradesh","Lohit",2009,"November",2009-11-01,"80.2"
"916","Arunachal Pradesh","Lower Subansiri",2009,"November",2009-11-01,"1.2"
"917","Arunachal Pradesh","Papumpara",2009,"November",2009-11-01,"25.8"
"918","Arunachal Pradesh","Tawang",2009,"November",2009-11-01,"11.1"
"919","Arunachal Pradesh","Tirap",2009,"November",2009-11-01,"63.4"
"920","Arunachal Pradesh","Upper Siang",2009,"November",2009-11-01,"N.A."
"921","Arunachal Pradesh","Upper Subansiri",2009,"November",2009-11-01,"10.4"
"922","Arunachal Pradesh","West Kameng",2009,"November",2009-11-01,"11"
"923","Arunachal Pradesh","West Siang",2009,"November",2009-11-01,"33.3"
"924","Arunachal Pradesh","Changlang",2009,"December",2009-12-01,"0"
"925","Arunachal Pradesh","Dibang Valley",2009,"December",2009-12-01,"N.A."
"926","Arunachal Pradesh","East Kameng",2009,"December",2009-12-01,"6.9"
"927","Arunachal Pradesh","East Siang",2009,"December",2009-12-01,"19.7"
"928","Arunachal Pradesh","Lohit",2009,"December",2009-12-01,"17.7"
"929","Arunachal Pradesh","Lower Subansiri",2009,"December",2009-12-01,"3.6"
"930","Arunachal Pradesh","Papumpara",2009,"December",2009-12-01,"7"
"931","Arunachal Pradesh","Tawang",2009,"December",2009-12-01,"0"
"932","Arunachal Pradesh","Tirap",2009,"December",2009-12-01,"2.9"
"933","Arunachal Pradesh","Upper Siang",2009,"December",2009-12-01,"0"
"934","Arunachal Pradesh","Upper Subansiri",2009,"December",2009-12-01,"10.9"
"935","Arunachal Pradesh","West Kameng",2009,"December",2009-12-01,"24.4"
"936","Arunachal Pradesh","West Siang",2009,"December",2009-12-01,"4.3"
"937","Arunachal Pradesh","Changlang",2010,"January",2010-01-01,"0"
"938","Arunachal Pradesh","Dibang Valley",2010,"January",2010-01-01,"N.A."
"939","Arunachal Pradesh","East Kameng",2010,"January",2010-01-01,"0"
"940","Arunachal Pradesh","East Siang",2010,"January",2010-01-01,"0"
"941","Arunachal Pradesh","Lohit",2010,"January",2010-01-01,"0"
"942","Arunachal Pradesh","Lower Subansiri",2010,"January",2010-01-01,"0"
"943","Arunachal Pradesh","Papumpara",2010,"January",2010-01-01,"0"
"944","Arunachal Pradesh","Tawang",2010,"January",2010-01-01,"0"
"945","Arunachal Pradesh","Tirap",2010,"January",2010-01-01,"12.2"
"946","Arunachal Pradesh","Upper Siang",2010,"January",2010-01-01,"0"
"947","Arunachal Pradesh","Upper Subansiri",2010,"January",2010-01-01,"0"
"948","Arunachal Pradesh","West Kameng",2010,"January",2010-01-01,"0"
"949","Arunachal Pradesh","West Siang",2010,"January",2010-01-01,"0"
"950","Arunachal Pradesh","Changlang",2010,"February",2010-02-01,"0"
"951","Arunachal Pradesh","Dibang Valley",2010,"February",2010-02-01,"N.A."
"952","Arunachal Pradesh","East Kameng",2010,"February",2010-02-01,"3"
"953","Arunachal Pradesh","East Siang",2010,"February",2010-02-01,"40.6"
"954","Arunachal Pradesh","Lohit",2010,"February",2010-02-01,"21"
"955","Arunachal Pradesh","Lower Subansiri",2010,"February",2010-02-01,"3.6"
"956","Arunachal Pradesh","Papumpara",2010,"February",2010-02-01,"10"
"957","Arunachal Pradesh","Tawang",2010,"February",2010-02-01,"17.1"
"958","Arunachal Pradesh","Tirap",2010,"February",2010-02-01,"9.4"
"959","Arunachal Pradesh","Upper Siang",2010,"February",2010-02-01,"N.A."
"960","Arunachal Pradesh","Upper Subansiri",2010,"February",2010-02-01,"15"
"961","Arunachal Pradesh","West Kameng",2010,"February",2010-02-01,"0"
"962","Arunachal Pradesh","West Siang",2010,"February",2010-02-01,"0.2"
"963","Arunachal Pradesh","Changlang",2010,"March",2010-03-01,"38"
"964","Arunachal Pradesh","Dibang Valley",2010,"March",2010-03-01,"N.A."
"965","Arunachal Pradesh","East Kameng",2010,"March",2010-03-01,"38.4"
"966","Arunachal Pradesh","East Siang",2010,"March",2010-03-01,"306.6"
"967","Arunachal Pradesh","Lohit",2010,"March",2010-03-01,"212.5"
"968","Arunachal Pradesh","Lower Subansiri",2010,"March",2010-03-01,"109.7"
"969","Arunachal Pradesh","Papumpara",2010,"March",2010-03-01,"326.4"
"970","Arunachal Pradesh","Tawang",2010,"March",2010-03-01,"301.9"
"971","Arunachal Pradesh","Tirap",2010,"March",2010-03-01,"187"
"972","Arunachal Pradesh","Upper Siang",2010,"March",2010-03-01,"306.8"
"973","Arunachal Pradesh","Upper Subansiri",2010,"March",2010-03-01,"174.8"
"974","Arunachal Pradesh","West Kameng",2010,"March",2010-03-01,"94.2"
"975","Arunachal Pradesh","West Siang",2010,"March",2010-03-01,"45"
"976","Arunachal Pradesh","Changlang",2010,"April",2010-04-01,"296.6"
"977","Arunachal Pradesh","Dibang Valley",2010,"April",2010-04-01,"N.A."
"978","Arunachal Pradesh","East Kameng",2010,"April",2010-04-01,"87.6"
"979","Arunachal Pradesh","East Siang",2010,"April",2010-04-01,"623.5"
"980","Arunachal Pradesh","Lohit",2010,"April",2010-04-01,"937.3"
"981","Arunachal Pradesh","Lower Subansiri",2010,"April",2010-04-01,"87.8"
"982","Arunachal Pradesh","Papumpara",2010,"April",2010-04-01,"649.4"
"983","Arunachal Pradesh","Tawang",2010,"April",2010-04-01,"233.5"
"984","Arunachal Pradesh","Tirap",2010,"April",2010-04-01,"355.6"
"985","Arunachal Pradesh","Upper Siang",2010,"April",2010-04-01,"124.3"
"986","Arunachal Pradesh","Upper Subansiri",2010,"April",2010-04-01,"315.4"
"987","Arunachal Pradesh","West Kameng",2010,"April",2010-04-01,"124.8"
"988","Arunachal Pradesh","West Siang",2010,"April",2010-04-01,"79"
"989","Arunachal Pradesh","Changlang",2010,"May",2010-05-01,"271.1"
"990","Arunachal Pradesh","Dibang Valley",2010,"May",2010-05-01,"N.A."
"991","Arunachal Pradesh","East Kameng",2010,"May",2010-05-01,"153.6"
"992","Arunachal Pradesh","East Siang",2010,"May",2010-05-01,"495"
"993","Arunachal Pradesh","Lohit",2010,"May",2010-05-01,"563.8"
"994","Arunachal Pradesh","Lower Subansiri",2010,"May",2010-05-01,"128.8"
"995","Arunachal Pradesh","Papumpara",2010,"May",2010-05-01,"478.2"
"996","Arunachal Pradesh","Tawang",2010,"May",2010-05-01,"294.5"
"997","Arunachal Pradesh","Tirap",2010,"May",2010-05-01,"442"
"998","Arunachal Pradesh","Upper Siang",2010,"May",2010-05-01,"354.8"
"999","Arunachal Pradesh","Upper Subansiri",2010,"May",2010-05-01,"183.6"
"1000","Arunachal Pradesh","West Kameng",2010,"May",2010-05-01,"373.4"
"1001","Arunachal Pradesh","West Siang",2010,"May",2010-05-01,"125"
"1002","Arunachal Pradesh","Changlang",2010,"June",2010-06-01,"471.1"
"1003","Arunachal Pradesh","Dibang Valley",2010,"June",2010-06-01,"0"
"1004","Arunachal Pradesh","East Kameng",2010,"June",2010-06-01,"165.3"
"1005","Arunachal Pradesh","East Siang",2010,"June",2010-06-01,"1018.9"
"1006","Arunachal Pradesh","Lohit",2010,"June",2010-06-01,"461.8"
"1007","Arunachal Pradesh","Lower Subansiri",2010,"June",2010-06-01,"80.4"
"1008","Arunachal Pradesh","Papumpara",2010,"June",2010-06-01,"648.3"
"1009","Arunachal Pradesh","Tawang",2010,"June",2010-06-01,"18"
"1010","Arunachal Pradesh","Tirap",2010,"June",2010-06-01,"645.3"
"1011","Arunachal Pradesh","Upper Siang",2010,"June",2010-06-01,"713.2"
"1012","Arunachal Pradesh","Upper Subansiri",2010,"June",2010-06-01,"160.2"
"1013","Arunachal Pradesh","West Kameng",2010,"June",2010-06-01,"400.6"
"1014","Arunachal Pradesh","West Siang",2010,"June",2010-06-01,"879.4"
"1015","Arunachal Pradesh","Changlang",2010,"July",2010-07-01,"334"
"1016","Arunachal Pradesh","Dibang Valley",2010,"July",2010-07-01,"N.A."
"1017","Arunachal Pradesh","East Kameng",2010,"July",2010-07-01,"177.6"
"1018","Arunachal Pradesh","East Siang",2010,"July",2010-07-01,"542.5"
"1019","Arunachal Pradesh","Lohit",2010,"July",2010-07-01,"619.1"
"1020","Arunachal Pradesh","Lower Subansiri",2010,"July",2010-07-01,"104"
"1021","Arunachal Pradesh","Papumpara",2010,"July",2010-07-01,"505.5"
"1022","Arunachal Pradesh","Tawang",2010,"July",2010-07-01,"N.A."
"1023","Arunachal Pradesh","Tirap",2010,"July",2010-07-01,"624.2"
"1024","Arunachal Pradesh","Upper Siang",2010,"July",2010-07-01,"551"
"1025","Arunachal Pradesh","Upper Subansiri",2010,"July",2010-07-01,"198.8"
"1026","Arunachal Pradesh","West Kameng",2010,"July",2010-07-01,"488.9"
"1027","Arunachal Pradesh","West Siang",2010,"July",2010-07-01,"840.1"
"1028","Arunachal Pradesh","Changlang",2010,"August",2010-08-01,"192.1"
"1029","Arunachal Pradesh","Dibang Valley",2010,"August",2010-08-01,"N.A."
"1030","Arunachal Pradesh","East Kameng",2010,"August",2010-08-01,"172.2"
"1031","Arunachal Pradesh","East Siang",2010,"August",2010-08-01,"419.5"
"1032","Arunachal Pradesh","Lohit",2010,"August",2010-08-01,"339.8"
"1033","Arunachal Pradesh","Lower Subansiri",2010,"August",2010-08-01,"68.6"
"1034","Arunachal Pradesh","Papumpara",2010,"August",2010-08-01,"385.9"
"1035","Arunachal Pradesh","Tawang",2010,"August",2010-08-01,"N.A."
"1036","Arunachal Pradesh","Tirap",2010,"August",2010-08-01,"508"
"1037","Arunachal Pradesh","Upper Siang",2010,"August",2010-08-01,"434.5"
"1038","Arunachal Pradesh","Upper Subansiri",2010,"August",2010-08-01,"185.4"
"1039","Arunachal Pradesh","West Kameng",2010,"August",2010-08-01,"609.7"
"1040","Arunachal Pradesh","West Siang",2010,"August",2010-08-01,"578.4"
"1041","Arunachal Pradesh","Changlang",2010,"September",2010-09-01,"244.2"
"1042","Arunachal Pradesh","Dibang Valley",2010,"September",2010-09-01,"N.A."
"1043","Arunachal Pradesh","East Kameng",2010,"September",2010-09-01,"334.9"
"1044","Arunachal Pradesh","East Siang",2010,"September",2010-09-01,"841.1"
"1045","Arunachal Pradesh","Lohit",2010,"September",2010-09-01,"470.8"
"1046","Arunachal Pradesh","Lower Subansiri",2010,"September",2010-09-01,"75"
"1047","Arunachal Pradesh","Papumpara",2010,"September",2010-09-01,"790"
"1048","Arunachal Pradesh","Tawang",2010,"September",2010-09-01,"256.3"
"1049","Arunachal Pradesh","Tirap",2010,"September",2010-09-01,"563.1"
"1050","Arunachal Pradesh","Upper Siang",2010,"September",2010-09-01,"899"
"1051","Arunachal Pradesh","Upper Subansiri",2010,"September",2010-09-01,"273.4"
"1052","Arunachal Pradesh","West Kameng",2010,"September",2010-09-01,"313.5"
"1053","Arunachal Pradesh","West Siang",2010,"September",2010-09-01,"N.A."
"1054","Arunachal Pradesh","Changlang",2010,"October",2010-10-01,"37.8"
"1055","Arunachal Pradesh","Dibang Valley",2010,"October",2010-10-01,"N.A."
"1056","Arunachal Pradesh","East Kameng",2010,"October",2010-10-01,"32.9"
"1057","Arunachal Pradesh","East Siang",2010,"October",2010-10-01,"81.1"
"1058","Arunachal Pradesh","Lohit",2010,"October",2010-10-01,"66.7"
"1059","Arunachal Pradesh","Lower Subansiri",2010,"October",2010-10-01,"30.7"
"1060","Arunachal Pradesh","Papumpara",2010,"October",2010-10-01,"41.5"
"1061","Arunachal Pradesh","Tawang",2010,"October",2010-10-01,"111.1"
"1062","Arunachal Pradesh","Tirap",2010,"October",2010-10-01,"84.8"
"1063","Arunachal Pradesh","Upper Siang",2010,"October",2010-10-01,"335.7"
"1064","Arunachal Pradesh","Upper Subansiri",2010,"October",2010-10-01,"46.4"
"1065","Arunachal Pradesh","West Kameng",2010,"October",2010-10-01,"73.4"
"1066","Arunachal Pradesh","West Siang",2010,"October",2010-10-01,"N.A."
"1067","Arunachal Pradesh","Changlang",2010,"November",2010-11-01,"32.8"
"1068","Arunachal Pradesh","Dibang Valley",2010,"November",2010-11-01,"N.A."
"1069","Arunachal Pradesh","East Kameng",2010,"November",2010-11-01,"4.1"
"1070","Arunachal Pradesh","East Siang",2010,"November",2010-11-01,"99.4"
"1071","Arunachal Pradesh","Lohit",2010,"November",2010-11-01,"34.4"
"1072","Arunachal Pradesh","Lower Subansiri",2010,"November",2010-11-01,"18.2"
"1073","Arunachal Pradesh","Papumpara",2010,"November",2010-11-01,"63.5"
"1074","Arunachal Pradesh","Tawang",2010,"November",2010-11-01,"92.8"
"1075","Arunachal Pradesh","Tirap",2010,"November",2010-11-01,"29.6"
"1076","Arunachal Pradesh","Upper Siang",2010,"November",2010-11-01,"105.7"
"1077","Arunachal Pradesh","Upper Subansiri",2010,"November",2010-11-01,"73.3"
"1078","Arunachal Pradesh","West Kameng",2010,"November",2010-11-01,"58.9"
"1079","Arunachal Pradesh","West Siang",2010,"November",2010-11-01,"122.6"
"1080","Arunachal Pradesh","Changlang",2010,"December",2010-12-01,"0"
"1081","Arunachal Pradesh","Dibang Valley",2010,"December",2010-12-01,"0"
"1082","Arunachal Pradesh","East Kameng",2010,"December",2010-12-01,"1"
"1083","Arunachal Pradesh","East Siang",2010,"December",2010-12-01,"26.5"
"1084","Arunachal Pradesh","Lohit",2010,"December",2010-12-01,"6.5"
"1085","Arunachal Pradesh","Lower Subansiri",2010,"December",2010-12-01,"0"
"1086","Arunachal Pradesh","Papumpara",2010,"December",2010-12-01,"1.5"
"1087","Arunachal Pradesh","Tawang",2010,"December",2010-12-01,"0"
"1088","Arunachal Pradesh","Tirap",2010,"December",2010-12-01,"17.3"
"1089","Arunachal Pradesh","Upper Siang",2010,"December",2010-12-01,"8.7"
"1090","Arunachal Pradesh","Upper Subansiri",2010,"December",2010-12-01,"28.8"
"1091","Arunachal Pradesh","West Kameng",2010,"December",2010-12-01,"0"
"1092","Arunachal Pradesh","West Siang",2010,"December",2010-12-01,"0"
