"Sr.No","State","District","Year","Month","Date","Value"
"1","Chhattisgarh","Bastar",2004,"January",2004-01-01,"55.5"
"2","Chhattisgarh","Bilaspur",2004,"January",2004-01-01,"51.7"
"3","Chhattisgarh","Dantewara",2004,"January",2004-01-01,"N.A."
"4","Chhattisgarh","Dhamtari",2004,"January",2004-01-01,"0"
"5","Chhattisgarh","Durg",2004,"January",2004-01-01,"0"
"6","Chhattisgarh","Janjgir",2004,"January",2004-01-01,"31.2"
"7","Chhattisgarh","Jashpur",2004,"January",2004-01-01,"13"
"8","Chhattisgarh","Kanker",2004,"January",2004-01-01,"13"
"9","Chhattisgarh","Korba",2004,"January",2004-01-01,"40"
"10","Chhattisgarh","Koriya",2004,"January",2004-01-01,"28.5"
"11","Chhattisgarh","Kowardha",2004,"January",2004-01-01,"0"
"12","Chhattisgarh","Mahasamund",2004,"January",2004-01-01,"47.2"
"13","Chhattisgarh","Raigarh",2004,"January",2004-01-01,"18.8"
"14","Chhattisgarh","Raipur",2004,"January",2004-01-01,"36.7"
"15","Chhattisgarh","Rajnandgaon",2004,"January",2004-01-01,"18.5"
"16","Chhattisgarh","Surguja",2004,"January",2004-01-01,"27.2"
"17","Chhattisgarh","Bastar",2004,"February",2004-02-01,"11.5"
"18","Chhattisgarh","Bilaspur",2004,"February",2004-02-01,"0.3"
"19","Chhattisgarh","Dantewara",2004,"February",2004-02-01,"N.A."
"20","Chhattisgarh","Dhamtari",2004,"February",2004-02-01,"0"
"21","Chhattisgarh","Durg",2004,"February",2004-02-01,"0"
"22","Chhattisgarh","Janjgir",2004,"February",2004-02-01,"2.2"
"23","Chhattisgarh","Jashpur",2004,"February",2004-02-01,"0"
"24","Chhattisgarh","Kanker",2004,"February",2004-02-01,"0"
"25","Chhattisgarh","Korba",2004,"February",2004-02-01,"5"
"26","Chhattisgarh","Koriya",2004,"February",2004-02-01,"0"
"27","Chhattisgarh","Kowardha",2004,"February",2004-02-01,"N.A."
"28","Chhattisgarh","Mahasamund",2004,"February",2004-02-01,"19"
"29","Chhattisgarh","Raigarh",2004,"February",2004-02-01,"0"
"30","Chhattisgarh","Raipur",2004,"February",2004-02-01,"32.4"
"31","Chhattisgarh","Rajnandgaon",2004,"February",2004-02-01,"36"
"32","Chhattisgarh","Surguja",2004,"February",2004-02-01,"2"
"33","Chhattisgarh","Bastar",2004,"March",2004-03-01,"1.7"
"34","Chhattisgarh","Bilaspur",2004,"March",2004-03-01,"25.3"
"35","Chhattisgarh","Dantewara",2004,"March",2004-03-01,"N.A."
"36","Chhattisgarh","Dhamtari",2004,"March",2004-03-01,"0"
"37","Chhattisgarh","Durg",2004,"March",2004-03-01,"0"
"38","Chhattisgarh","Janjgir",2004,"March",2004-03-01,"12.3"
"39","Chhattisgarh","Jashpur",2004,"March",2004-03-01,"0"
"40","Chhattisgarh","Kanker",2004,"March",2004-03-01,"0"
"41","Chhattisgarh","Korba",2004,"March",2004-03-01,"10.1"
"42","Chhattisgarh","Koriya",2004,"March",2004-03-01,"1"
"43","Chhattisgarh","Kowardha",2004,"March",2004-03-01,"N.A."
"44","Chhattisgarh","Mahasamund",2004,"March",2004-03-01,"35.7"
"45","Chhattisgarh","Raigarh",2004,"March",2004-03-01,"0"
"46","Chhattisgarh","Raipur",2004,"March",2004-03-01,"10.9"
"47","Chhattisgarh","Rajnandgaon",2004,"March",2004-03-01,"4.1"
"48","Chhattisgarh","Surguja",2004,"March",2004-03-01,"0"
"49","Chhattisgarh","Bastar",2004,"April",2004-04-01,"33.9"
"50","Chhattisgarh","Bilaspur",2004,"April",2004-04-01,"53.1"
"51","Chhattisgarh","Dantewara",2004,"April",2004-04-01,"N.A."
"52","Chhattisgarh","Dhamtari",2004,"April",2004-04-01,"0"
"53","Chhattisgarh","Durg",2004,"April",2004-04-01,"0"
"54","Chhattisgarh","Janjgir",2004,"April",2004-04-01,"23.3"
"55","Chhattisgarh","Jashpur",2004,"April",2004-04-01,"23"
"56","Chhattisgarh","Kanker",2004,"April",2004-04-01,"0"
"57","Chhattisgarh","Korba",2004,"April",2004-04-01,"17.7"
"58","Chhattisgarh","Koriya",2004,"April",2004-04-01,"9.5"
"59","Chhattisgarh","Kowardha",2004,"April",2004-04-01,"N.A."
"60","Chhattisgarh","Mahasamund",2004,"April",2004-04-01,"31.2"
"61","Chhattisgarh","Raigarh",2004,"April",2004-04-01,"0"
"62","Chhattisgarh","Raipur",2004,"April",2004-04-01,"11.7"
"63","Chhattisgarh","Rajnandgaon",2004,"April",2004-04-01,"0"
"64","Chhattisgarh","Surguja",2004,"April",2004-04-01,"14.7"
"65","Chhattisgarh","Bastar",2004,"May",2004-05-01,"52.2"
"66","Chhattisgarh","Bilaspur",2004,"May",2004-05-01,"82.4"
"67","Chhattisgarh","Dantewara",2004,"May",2004-05-01,"N.A."
"68","Chhattisgarh","Dhamtari",2004,"May",2004-05-01,"76.7"
"69","Chhattisgarh","Durg",2004,"May",2004-05-01,"0"
"70","Chhattisgarh","Janjgir",2004,"May",2004-05-01,"3.9"
"71","Chhattisgarh","Jashpur",2004,"May",2004-05-01,"64.8"
"72","Chhattisgarh","Kanker",2004,"May",2004-05-01,"0"
"73","Chhattisgarh","Korba",2004,"May",2004-05-01,"12.8"
"74","Chhattisgarh","Koriya",2004,"May",2004-05-01,"21"
"75","Chhattisgarh","Kowardha",2004,"May",2004-05-01,"0"
"76","Chhattisgarh","Mahasamund",2004,"May",2004-05-01,"5.8"
"77","Chhattisgarh","Raigarh",2004,"May",2004-05-01,"0"
"78","Chhattisgarh","Raipur",2004,"May",2004-05-01,"24"
"79","Chhattisgarh","Rajnandgaon",2004,"May",2004-05-01,"0"
"80","Chhattisgarh","Surguja",2004,"May",2004-05-01,"14.5"
"81","Chhattisgarh","Bastar",2004,"June",2004-06-01,"331.7"
"82","Chhattisgarh","Bilaspur",2004,"June",2004-06-01,"291.6"
"83","Chhattisgarh","Dantewara",2004,"June",2004-06-01,"308.7"
"84","Chhattisgarh","Dhamtari",2004,"June",2004-06-01,"215.1"
"85","Chhattisgarh","Durg",2004,"June",2004-06-01,"291.8"
"86","Chhattisgarh","Janjgir",2004,"June",2004-06-01,"169.1"
"87","Chhattisgarh","Jashpur",2004,"June",2004-06-01,"282"
"88","Chhattisgarh","Kanker",2004,"June",2004-06-01,"192.6"
"89","Chhattisgarh","Korba",2004,"June",2004-06-01,"179.3"
"90","Chhattisgarh","Koriya",2004,"June",2004-06-01,"95.9"
"91","Chhattisgarh","Kowardha",2004,"June",2004-06-01,"197.7"
"92","Chhattisgarh","Mahasamund",2004,"June",2004-06-01,"257.6"
"93","Chhattisgarh","Raigarh",2004,"June",2004-06-01,"168.5"
"94","Chhattisgarh","Raipur",2004,"June",2004-06-01,"217.3"
"95","Chhattisgarh","Rajnandgaon",2004,"June",2004-06-01,"247.5"
"96","Chhattisgarh","Surguja",2004,"June",2004-06-01,"105.4"
"97","Chhattisgarh","Bastar",2004,"July",2004-07-01,"389.7"
"98","Chhattisgarh","Bilaspur",2004,"July",2004-07-01,"292.7"
"99","Chhattisgarh","Dantewara",2004,"July",2004-07-01,"275.2"
"100","Chhattisgarh","Dhamtari",2004,"July",2004-07-01,"245.2"
"101","Chhattisgarh","Durg",2004,"July",2004-07-01,"306.4"
"102","Chhattisgarh","Janjgir",2004,"July",2004-07-01,"344.1"
"103","Chhattisgarh","Jashpur",2004,"July",2004-07-01,"399.7"
"104","Chhattisgarh","Kanker",2004,"July",2004-07-01,"301.4"
"105","Chhattisgarh","Korba",2004,"July",2004-07-01,"341"
"106","Chhattisgarh","Koriya",2004,"July",2004-07-01,"353.4"
"107","Chhattisgarh","Kowardha",2004,"July",2004-07-01,"292"
"108","Chhattisgarh","Mahasamund",2004,"July",2004-07-01,"338.8"
"109","Chhattisgarh","Raigarh",2004,"July",2004-07-01,"289.2"
"110","Chhattisgarh","Raipur",2004,"July",2004-07-01,"341.5"
"111","Chhattisgarh","Rajnandgaon",2004,"July",2004-07-01,"379.7"
"112","Chhattisgarh","Surguja",2004,"July",2004-07-01,"378.6"
"113","Chhattisgarh","Bastar",2004,"August",2004-08-01,"322.4"
"114","Chhattisgarh","Bilaspur",2004,"August",2004-08-01,"330.5"
"115","Chhattisgarh","Dantewara",2004,"August",2004-08-01,"351.6"
"116","Chhattisgarh","Dhamtari",2004,"August",2004-08-01,"239.4"
"117","Chhattisgarh","Durg",2004,"August",2004-08-01,"300.5"
"118","Chhattisgarh","Janjgir",2004,"August",2004-08-01,"385.7"
"119","Chhattisgarh","Jashpur",2004,"August",2004-08-01,"318.3"
"120","Chhattisgarh","Kanker",2004,"August",2004-08-01,"300.7"
"121","Chhattisgarh","Korba",2004,"August",2004-08-01,"653.2"
"122","Chhattisgarh","Koriya",2004,"August",2004-08-01,"364.1"
"123","Chhattisgarh","Kowardha",2004,"August",2004-08-01,"189.7"
"124","Chhattisgarh","Mahasamund",2004,"August",2004-08-01,"257.7"
"125","Chhattisgarh","Raigarh",2004,"August",2004-08-01,"474.8"
"126","Chhattisgarh","Raipur",2004,"August",2004-08-01,"143"
"127","Chhattisgarh","Rajnandgaon",2004,"August",2004-08-01,"202.2"
"128","Chhattisgarh","Surguja",2004,"August",2004-08-01,"271"
"129","Chhattisgarh","Bastar",2004,"September",2004-09-01,"322.5"
"130","Chhattisgarh","Bilaspur",2004,"September",2004-09-01,"91.4"
"131","Chhattisgarh","Dantewara",2004,"September",2004-09-01,"89.9"
"132","Chhattisgarh","Dhamtari",2004,"September",2004-09-01,"109.6"
"133","Chhattisgarh","Durg",2004,"September",2004-09-01,"85.9"
"134","Chhattisgarh","Janjgir",2004,"September",2004-09-01,"51"
"135","Chhattisgarh","Jashpur",2004,"September",2004-09-01,"193.4"
"136","Chhattisgarh","Kanker",2004,"September",2004-09-01,"165"
"137","Chhattisgarh","Korba",2004,"September",2004-09-01,"45.3"
"138","Chhattisgarh","Koriya",2004,"September",2004-09-01,"67.8"
"139","Chhattisgarh","Kowardha",2004,"September",2004-09-01,"50.1"
"140","Chhattisgarh","Mahasamund",2004,"September",2004-09-01,"173.5"
"141","Chhattisgarh","Raigarh",2004,"September",2004-09-01,"61.9"
"142","Chhattisgarh","Raipur",2004,"September",2004-09-01,"86.6"
"143","Chhattisgarh","Rajnandgaon",2004,"September",2004-09-01,"111.6"
"144","Chhattisgarh","Surguja",2004,"September",2004-09-01,"109.2"
"145","Chhattisgarh","Bastar",2004,"October",2004-10-01,"120.3"
"146","Chhattisgarh","Bilaspur",2004,"October",2004-10-01,"43.5"
"147","Chhattisgarh","Dantewara",2004,"October",2004-10-01,"55"
"148","Chhattisgarh","Dhamtari",2004,"October",2004-10-01,"30"
"149","Chhattisgarh","Durg",2004,"October",2004-10-01,"13.3"
"150","Chhattisgarh","Janjgir",2004,"October",2004-10-01,"27.9"
"151","Chhattisgarh","Jashpur",2004,"October",2004-10-01,"34.6"
"152","Chhattisgarh","Kanker",2004,"October",2004-10-01,"65.1"
"153","Chhattisgarh","Korba",2004,"October",2004-10-01,"51.8"
"154","Chhattisgarh","Koriya",2004,"October",2004-10-01,"24.1"
"155","Chhattisgarh","Kowardha",2004,"October",2004-10-01,"37.2"
"156","Chhattisgarh","Mahasamund",2004,"October",2004-10-01,"56.3"
"157","Chhattisgarh","Raigarh",2004,"October",2004-10-01,"36.6"
"158","Chhattisgarh","Raipur",2004,"October",2004-10-01,"35.1"
"159","Chhattisgarh","Rajnandgaon",2004,"October",2004-10-01,"23.5"
"160","Chhattisgarh","Surguja",2004,"October",2004-10-01,"49"
"161","Chhattisgarh","Bastar",2004,"November",2004-11-01,"2.8"
"162","Chhattisgarh","Bilaspur",2004,"November",2004-11-01,"4.4"
"163","Chhattisgarh","Dantewara",2004,"November",2004-11-01,"0"
"164","Chhattisgarh","Dhamtari",2004,"November",2004-11-01,"0"
"165","Chhattisgarh","Durg",2004,"November",2004-11-01,"0"
"166","Chhattisgarh","Janjgir",2004,"November",2004-11-01,"0"
"167","Chhattisgarh","Jashpur",2004,"November",2004-11-01,"0"
"168","Chhattisgarh","Kanker",2004,"November",2004-11-01,"0"
"169","Chhattisgarh","Korba",2004,"November",2004-11-01,"0"
"170","Chhattisgarh","Koriya",2004,"November",2004-11-01,"0"
"171","Chhattisgarh","Kowardha",2004,"November",2004-11-01,"0"
"172","Chhattisgarh","Mahasamund",2004,"November",2004-11-01,"0"
"173","Chhattisgarh","Raigarh",2004,"November",2004-11-01,"0"
"174","Chhattisgarh","Raipur",2004,"November",2004-11-01,"0"
"175","Chhattisgarh","Rajnandgaon",2004,"November",2004-11-01,"0"
"176","Chhattisgarh","Surguja",2004,"November",2004-11-01,"0"
"177","Chhattisgarh","Bastar",2004,"December",2004-12-01,"0"
"178","Chhattisgarh","Bilaspur",2004,"December",2004-12-01,"5.4"
"179","Chhattisgarh","Dantewara",2004,"December",2004-12-01,"0"
"180","Chhattisgarh","Dhamtari",2004,"December",2004-12-01,"0"
"181","Chhattisgarh","Durg",2004,"December",2004-12-01,"0"
"182","Chhattisgarh","Janjgir",2004,"December",2004-12-01,"0"
"183","Chhattisgarh","Jashpur",2004,"December",2004-12-01,"0"
"184","Chhattisgarh","Kanker",2004,"December",2004-12-01,"0"
"185","Chhattisgarh","Korba",2004,"December",2004-12-01,"0"
"186","Chhattisgarh","Koriya",2004,"December",2004-12-01,"0"
"187","Chhattisgarh","Kowardha",2004,"December",2004-12-01,"0"
"188","Chhattisgarh","Mahasamund",2004,"December",2004-12-01,"0"
"189","Chhattisgarh","Raigarh",2004,"December",2004-12-01,"0"
"190","Chhattisgarh","Raipur",2004,"December",2004-12-01,"0"
"191","Chhattisgarh","Rajnandgaon",2004,"December",2004-12-01,"0"
"192","Chhattisgarh","Surguja",2004,"December",2004-12-01,"0"
"193","Chhattisgarh","Bastar",2005,"January",2005-01-01,"21.8"
"194","Chhattisgarh","Bilaspur",2005,"January",2005-01-01,"74.2"
"195","Chhattisgarh","Dantewara",2005,"January",2005-01-01,"19"
"196","Chhattisgarh","Dhamtari",2005,"January",2005-01-01,"78.8"
"197","Chhattisgarh","Durg",2005,"January",2005-01-01,"N.A."
"198","Chhattisgarh","Janjgir",2005,"January",2005-01-01,"56.9"
"199","Chhattisgarh","Jashpur",2005,"January",2005-01-01,"20"
"200","Chhattisgarh","Kanker",2005,"January",2005-01-01,"10.5"
"201","Chhattisgarh","Korba",2005,"January",2005-01-01,"63.9"
"202","Chhattisgarh","Koriya",2005,"January",2005-01-01,"54.7"
"203","Chhattisgarh","Kowardha",2005,"January",2005-01-01,"N.A."
"204","Chhattisgarh","Mahasamund",2005,"January",2005-01-01,"85.4"
"205","Chhattisgarh","Raigarh",2005,"January",2005-01-01,"37.5"
"206","Chhattisgarh","Raipur",2005,"January",2005-01-01,"68.6"
"207","Chhattisgarh","Rajnandgaon",2005,"January",2005-01-01,"164.1"
"208","Chhattisgarh","Surguja",2005,"January",2005-01-01,"59.3"
"209","Chhattisgarh","Bastar",2005,"February",2005-02-01,"21.6"
"210","Chhattisgarh","Bilaspur",2005,"February",2005-02-01,"39.6"
"211","Chhattisgarh","Dantewara",2005,"February",2005-02-01,"0"
"212","Chhattisgarh","Dhamtari",2005,"February",2005-02-01,"37.6"
"213","Chhattisgarh","Durg",2005,"February",2005-02-01,"N.A."
"214","Chhattisgarh","Janjgir",2005,"February",2005-02-01,"9.3"
"215","Chhattisgarh","Jashpur",2005,"February",2005-02-01,"8"
"216","Chhattisgarh","Kanker",2005,"February",2005-02-01,"0"
"217","Chhattisgarh","Korba",2005,"February",2005-02-01,"35.9"
"218","Chhattisgarh","Koriya",2005,"February",2005-02-01,"18.3"
"219","Chhattisgarh","Kowardha",2005,"February",2005-02-01,"N.A."
"220","Chhattisgarh","Mahasamund",2005,"February",2005-02-01,"19.1"
"221","Chhattisgarh","Raigarh",2005,"February",2005-02-01,"8.2"
"222","Chhattisgarh","Raipur",2005,"February",2005-02-01,"25"
"223","Chhattisgarh","Rajnandgaon",2005,"February",2005-02-01,"17.6"
"224","Chhattisgarh","Surguja",2005,"February",2005-02-01,"61"
"225","Chhattisgarh","Bastar",2005,"March",2005-03-01,"3.6"
"226","Chhattisgarh","Bilaspur",2005,"March",2005-03-01,"7.7"
"227","Chhattisgarh","Dantewara",2005,"March",2005-03-01,"0"
"228","Chhattisgarh","Dhamtari",2005,"March",2005-03-01,"21"
"229","Chhattisgarh","Durg",2005,"March",2005-03-01,"3.5"
"230","Chhattisgarh","Janjgir",2005,"March",2005-03-01,"11.7"
"231","Chhattisgarh","Jashpur",2005,"March",2005-03-01,"27"
"232","Chhattisgarh","Kanker",2005,"March",2005-03-01,"N.A."
"233","Chhattisgarh","Korba",2005,"March",2005-03-01,"0"
"234","Chhattisgarh","Koriya",2005,"March",2005-03-01,"24.8"
"235","Chhattisgarh","Kowardha",2005,"March",2005-03-01,"10"
"236","Chhattisgarh","Mahasamund",2005,"March",2005-03-01,"7.7"
"237","Chhattisgarh","Raigarh",2005,"March",2005-03-01,"0"
"238","Chhattisgarh","Raipur",2005,"March",2005-03-01,"0.9"
"239","Chhattisgarh","Rajnandgaon",2005,"March",2005-03-01,"5.8"
"240","Chhattisgarh","Surguja",2005,"March",2005-03-01,"7.3"
"241","Chhattisgarh","Bastar",2005,"April",2005-04-01,"25.9"
"242","Chhattisgarh","Bilaspur",2005,"April",2005-04-01,"14"
"243","Chhattisgarh","Dantewara",2005,"April",2005-04-01,"1"
"244","Chhattisgarh","Dhamtari",2005,"April",2005-04-01,"5.6"
"245","Chhattisgarh","Durg",2005,"April",2005-04-01,"6.2"
"246","Chhattisgarh","Janjgir",2005,"April",2005-04-01,"0"
"247","Chhattisgarh","Jashpur",2005,"April",2005-04-01,"0"
"248","Chhattisgarh","Kanker",2005,"April",2005-04-01,"65"
"249","Chhattisgarh","Korba",2005,"April",2005-04-01,"0"
"250","Chhattisgarh","Koriya",2005,"April",2005-04-01,"0"
"251","Chhattisgarh","Kowardha",2005,"April",2005-04-01,"N.A."
"252","Chhattisgarh","Mahasamund",2005,"April",2005-04-01,"0"
"253","Chhattisgarh","Raigarh",2005,"April",2005-04-01,"0"
"254","Chhattisgarh","Raipur",2005,"April",2005-04-01,"2.4"
"255","Chhattisgarh","Rajnandgaon",2005,"April",2005-04-01,"0"
"256","Chhattisgarh","Surguja",2005,"April",2005-04-01,"5"
"257","Chhattisgarh","Bastar",2005,"May",2005-05-01,"89.2"
"258","Chhattisgarh","Bilaspur",2005,"May",2005-05-01,"41.5"
"259","Chhattisgarh","Dantewara",2005,"May",2005-05-01,"17.3"
"260","Chhattisgarh","Dhamtari",2005,"May",2005-05-01,"8.4"
"261","Chhattisgarh","Durg",2005,"May",2005-05-01,"29.3"
"262","Chhattisgarh","Janjgir",2005,"May",2005-05-01,"10.2"
"263","Chhattisgarh","Jashpur",2005,"May",2005-05-01,"0"
"264","Chhattisgarh","Kanker",2005,"May",2005-05-01,"65"
"265","Chhattisgarh","Korba",2005,"May",2005-05-01,"6.7"
"266","Chhattisgarh","Koriya",2005,"May",2005-05-01,"15.6"
"267","Chhattisgarh","Kowardha",2005,"May",2005-05-01,"0"
"268","Chhattisgarh","Mahasamund",2005,"May",2005-05-01,"40"
"269","Chhattisgarh","Raigarh",2005,"May",2005-05-01,"0"
"270","Chhattisgarh","Raipur",2005,"May",2005-05-01,"25.9"
"271","Chhattisgarh","Rajnandgaon",2005,"May",2005-05-01,"0"
"272","Chhattisgarh","Surguja",2005,"May",2005-05-01,"3.8"
"273","Chhattisgarh","Bastar",2005,"June",2005-06-01,"165.2"
"274","Chhattisgarh","Bilaspur",2005,"June",2005-06-01,"305.2"
"275","Chhattisgarh","Dantewara",2005,"June",2005-06-01,"165.8"
"276","Chhattisgarh","Dhamtari",2005,"June",2005-06-01,"109"
"277","Chhattisgarh","Durg",2005,"June",2005-06-01,"98.2"
"278","Chhattisgarh","Janjgir",2005,"June",2005-06-01,"260.8"
"279","Chhattisgarh","Jashpur",2005,"June",2005-06-01,"226.4"
"280","Chhattisgarh","Kanker",2005,"June",2005-06-01,"169.9"
"281","Chhattisgarh","Korba",2005,"June",2005-06-01,"231.6"
"282","Chhattisgarh","Koriya",2005,"June",2005-06-01,"229.3"
"283","Chhattisgarh","Kowardha",2005,"June",2005-06-01,"172.2"
"284","Chhattisgarh","Mahasamund",2005,"June",2005-06-01,"168.3"
"285","Chhattisgarh","Raigarh",2005,"June",2005-06-01,"277.1"
"286","Chhattisgarh","Raipur",2005,"June",2005-06-01,"155.9"
"287","Chhattisgarh","Rajnandgaon",2005,"June",2005-06-01,"204.5"
"288","Chhattisgarh","Surguja",2005,"June",2005-06-01,"240.4"
"289","Chhattisgarh","Bastar",2005,"July",2005-07-01,"261.7"
"290","Chhattisgarh","Bilaspur",2005,"July",2005-07-01,"450.4"
"291","Chhattisgarh","Dantewara",2005,"July",2005-07-01,"295.8"
"292","Chhattisgarh","Dhamtari",2005,"July",2005-07-01,"319.2"
"293","Chhattisgarh","Durg",2005,"July",2005-07-01,"326"
"294","Chhattisgarh","Janjgir",2005,"July",2005-07-01,"245.7"
"295","Chhattisgarh","Jashpur",2005,"July",2005-07-01,"493.2"
"296","Chhattisgarh","Kanker",2005,"July",2005-07-01,"439.9"
"297","Chhattisgarh","Korba",2005,"July",2005-07-01,"544"
"298","Chhattisgarh","Koriya",2005,"July",2005-07-01,"338.3"
"299","Chhattisgarh","Kowardha",2005,"July",2005-07-01,"284.4"
"300","Chhattisgarh","Mahasamund",2005,"July",2005-07-01,"444.9"
"301","Chhattisgarh","Raigarh",2005,"July",2005-07-01,"427.6"
"302","Chhattisgarh","Raipur",2005,"July",2005-07-01,"493.5"
"303","Chhattisgarh","Rajnandgaon",2005,"July",2005-07-01,"366"
"304","Chhattisgarh","Surguja",2005,"July",2005-07-01,"218.1"
"305","Chhattisgarh","Bastar",2005,"August",2005-08-01,"252.9"
"306","Chhattisgarh","Bilaspur",2005,"August",2005-08-01,"269.4"
"307","Chhattisgarh","Dantewara",2005,"August",2005-08-01,"210.2"
"308","Chhattisgarh","Dhamtari",2005,"August",2005-08-01,"204"
"309","Chhattisgarh","Durg",2005,"August",2005-08-01,"236.4"
"310","Chhattisgarh","Janjgir",2005,"August",2005-08-01,"360.8"
"311","Chhattisgarh","Jashpur",2005,"August",2005-08-01,"274.6"
"312","Chhattisgarh","Kanker",2005,"August",2005-08-01,"165.9"
"313","Chhattisgarh","Korba",2005,"August",2005-08-01,"378.5"
"314","Chhattisgarh","Koriya",2005,"August",2005-08-01,"218.6"
"315","Chhattisgarh","Kowardha",2005,"August",2005-08-01,"245.8"
"316","Chhattisgarh","Mahasamund",2005,"August",2005-08-01,"245.5"
"317","Chhattisgarh","Raigarh",2005,"August",2005-08-01,"310.4"
"318","Chhattisgarh","Raipur",2005,"August",2005-08-01,"255.3"
"319","Chhattisgarh","Rajnandgaon",2005,"August",2005-08-01,"344.4"
"320","Chhattisgarh","Surguja",2005,"August",2005-08-01,"263.6"
"321","Chhattisgarh","Bastar",2005,"September",2005-09-01,"344.8"
"322","Chhattisgarh","Bilaspur",2005,"September",2005-09-01,"200.8"
"323","Chhattisgarh","Dantewara",2005,"September",2005-09-01,"347.1"
"324","Chhattisgarh","Dhamtari",2005,"September",2005-09-01,"289"
"325","Chhattisgarh","Durg",2005,"September",2005-09-01,"353.5"
"326","Chhattisgarh","Janjgir",2005,"September",2005-09-01,"169.6"
"327","Chhattisgarh","Jashpur",2005,"September",2005-09-01,"215.6"
"328","Chhattisgarh","Kanker",2005,"September",2005-09-01,"273"
"329","Chhattisgarh","Korba",2005,"September",2005-09-01,"191.3"
"330","Chhattisgarh","Koriya",2005,"September",2005-09-01,"207.9"
"331","Chhattisgarh","Kowardha",2005,"September",2005-09-01,"227.2"
"332","Chhattisgarh","Mahasamund",2005,"September",2005-09-01,"251.8"
"333","Chhattisgarh","Raigarh",2005,"September",2005-09-01,"121.6"
"334","Chhattisgarh","Raipur",2005,"September",2005-09-01,"229.3"
"335","Chhattisgarh","Rajnandgaon",2005,"September",2005-09-01,"389.7"
"336","Chhattisgarh","Surguja",2005,"September",2005-09-01,"219.5"
"337","Chhattisgarh","Bastar",2005,"October",2005-10-01,"229.2"
"338","Chhattisgarh","Bilaspur",2005,"October",2005-10-01,"72.9"
"339","Chhattisgarh","Dantewara",2005,"October",2005-10-01,"121.5"
"340","Chhattisgarh","Dhamtari",2005,"October",2005-10-01,"27.7"
"341","Chhattisgarh","Durg",2005,"October",2005-10-01,"48.2"
"342","Chhattisgarh","Janjgir",2005,"October",2005-10-01,"92.4"
"343","Chhattisgarh","Jashpur",2005,"October",2005-10-01,"130.2"
"344","Chhattisgarh","Kanker",2005,"October",2005-10-01,"56.5"
"345","Chhattisgarh","Korba",2005,"October",2005-10-01,"30.4"
"346","Chhattisgarh","Koriya",2005,"October",2005-10-01,"45.8"
"347","Chhattisgarh","Kowardha",2005,"October",2005-10-01,"26.6"
"348","Chhattisgarh","Mahasamund",2005,"October",2005-10-01,"116.3"
"349","Chhattisgarh","Raigarh",2005,"October",2005-10-01,"64.4"
"350","Chhattisgarh","Raipur",2005,"October",2005-10-01,"91.2"
"351","Chhattisgarh","Rajnandgaon",2005,"October",2005-10-01,"76.7"
"352","Chhattisgarh","Surguja",2005,"October",2005-10-01,"42"
"353","Chhattisgarh","Bastar",2005,"November",2005-11-01,"3.2"
"354","Chhattisgarh","Bilaspur",2005,"November",2005-11-01,"0"
"355","Chhattisgarh","Dantewara",2005,"November",2005-11-01,"0"
"356","Chhattisgarh","Dhamtari",2005,"November",2005-11-01,"0"
"357","Chhattisgarh","Durg",2005,"November",2005-11-01,"0"
"358","Chhattisgarh","Janjgir",2005,"November",2005-11-01,"0"
"359","Chhattisgarh","Jashpur",2005,"November",2005-11-01,"0"
"360","Chhattisgarh","Kanker",2005,"November",2005-11-01,"0"
"361","Chhattisgarh","Korba",2005,"November",2005-11-01,"0"
"362","Chhattisgarh","Koriya",2005,"November",2005-11-01,"0"
"363","Chhattisgarh","Kowardha",2005,"November",2005-11-01,"0"
"364","Chhattisgarh","Mahasamund",2005,"November",2005-11-01,"0"
"365","Chhattisgarh","Raigarh",2005,"November",2005-11-01,"0"
"366","Chhattisgarh","Raipur",2005,"November",2005-11-01,"0"
"367","Chhattisgarh","Rajnandgaon",2005,"November",2005-11-01,"0"
"368","Chhattisgarh","Surguja",2005,"November",2005-11-01,"0"
"369","Chhattisgarh","Bastar",2005,"December",2005-12-01,"0"
"370","Chhattisgarh","Bilaspur",2005,"December",2005-12-01,"0"
"371","Chhattisgarh","Dantewara",2005,"December",2005-12-01,"0"
"372","Chhattisgarh","Dhamtari",2005,"December",2005-12-01,"0"
"373","Chhattisgarh","Durg",2005,"December",2005-12-01,"2.6"
"374","Chhattisgarh","Janjgir",2005,"December",2005-12-01,"0"
"375","Chhattisgarh","Jashpur",2005,"December",2005-12-01,"0"
"376","Chhattisgarh","Kanker",2005,"December",2005-12-01,"0"
"377","Chhattisgarh","Korba",2005,"December",2005-12-01,"0"
"378","Chhattisgarh","Koriya",2005,"December",2005-12-01,"0"
"379","Chhattisgarh","Kowardha",2005,"December",2005-12-01,"0"
"380","Chhattisgarh","Mahasamund",2005,"December",2005-12-01,"0"
"381","Chhattisgarh","Raigarh",2005,"December",2005-12-01,"0"
"382","Chhattisgarh","Raipur",2005,"December",2005-12-01,"0"
"383","Chhattisgarh","Rajnandgaon",2005,"December",2005-12-01,"0"
"384","Chhattisgarh","Surguja",2005,"December",2005-12-01,"0.1"
"385","Chhattisgarh","Bastar",2006,"January",2006-01-01,"0"
"386","Chhattisgarh","Bilaspur",2006,"January",2006-01-01,"0"
"387","Chhattisgarh","Dantewara",2006,"January",2006-01-01,"0"
"388","Chhattisgarh","Dhamtari",2006,"January",2006-01-01,"0"
"389","Chhattisgarh","Durg",2006,"January",2006-01-01,"0"
"390","Chhattisgarh","Janjgir",2006,"January",2006-01-01,"0"
"391","Chhattisgarh","Jashpur",2006,"January",2006-01-01,"0"
"392","Chhattisgarh","Kanker",2006,"January",2006-01-01,"0"
"393","Chhattisgarh","Korba",2006,"January",2006-01-01,"0"
"394","Chhattisgarh","Koriya",2006,"January",2006-01-01,"N.A."
"395","Chhattisgarh","Kowardha",2006,"January",2006-01-01,"0"
"396","Chhattisgarh","Mahasamund",2006,"January",2006-01-01,"0"
"397","Chhattisgarh","Raigarh",2006,"January",2006-01-01,"0"
"398","Chhattisgarh","Raipur",2006,"January",2006-01-01,"0"
"399","Chhattisgarh","Rajnandgaon",2006,"January",2006-01-01,"0"
"400","Chhattisgarh","Surguja",2006,"January",2006-01-01,"0"
"401","Chhattisgarh","Bastar",2006,"February",2006-02-01,"0"
"402","Chhattisgarh","Bilaspur",2006,"February",2006-02-01,"0"
"403","Chhattisgarh","Dantewara",2006,"February",2006-02-01,"0"
"404","Chhattisgarh","Dhamtari",2006,"February",2006-02-01,"0"
"405","Chhattisgarh","Durg",2006,"February",2006-02-01,"0"
"406","Chhattisgarh","Janjgir",2006,"February",2006-02-01,"0"
"407","Chhattisgarh","Jashpur",2006,"February",2006-02-01,"0"
"408","Chhattisgarh","Kanker",2006,"February",2006-02-01,"0"
"409","Chhattisgarh","Korba",2006,"February",2006-02-01,"0"
"410","Chhattisgarh","Koriya",2006,"February",2006-02-01,"0"
"411","Chhattisgarh","Kowardha",2006,"February",2006-02-01,"N.A."
"412","Chhattisgarh","Mahasamund",2006,"February",2006-02-01,"0"
"413","Chhattisgarh","Raigarh",2006,"February",2006-02-01,"0"
"414","Chhattisgarh","Raipur",2006,"February",2006-02-01,"0"
"415","Chhattisgarh","Rajnandgaon",2006,"February",2006-02-01,"0"
"416","Chhattisgarh","Surguja",2006,"February",2006-02-01,"0"
"417","Chhattisgarh","Bastar",2006,"March",2006-03-01,"43.7"
"418","Chhattisgarh","Bilaspur",2006,"March",2006-03-01,"75.8"
"419","Chhattisgarh","Dantewara",2006,"March",2006-03-01,"N.A."
"420","Chhattisgarh","Dhamtari",2006,"March",2006-03-01,"68"
"421","Chhattisgarh","Durg",2006,"March",2006-03-01,"26.8"
"422","Chhattisgarh","Janjgir",2006,"March",2006-03-01,"73.8"
"423","Chhattisgarh","Jashpur",2006,"March",2006-03-01,"0"
"424","Chhattisgarh","Kanker",2006,"March",2006-03-01,"59.5"
"425","Chhattisgarh","Korba",2006,"March",2006-03-01,"0"
"426","Chhattisgarh","Koriya",2006,"March",2006-03-01,"0"
"427","Chhattisgarh","Kowardha",2006,"March",2006-03-01,"N.A."
"428","Chhattisgarh","Mahasamund",2006,"March",2006-03-01,"8.6"
"429","Chhattisgarh","Raigarh",2006,"March",2006-03-01,"0"
"430","Chhattisgarh","Raipur",2006,"March",2006-03-01,"35.6"
"431","Chhattisgarh","Rajnandgaon",2006,"March",2006-03-01,"36"
"432","Chhattisgarh","Surguja",2006,"March",2006-03-01,"45"
"433","Chhattisgarh","Bastar",2006,"April",2006-04-01,"132"
"434","Chhattisgarh","Bilaspur",2006,"April",2006-04-01,"20.2"
"435","Chhattisgarh","Dantewara",2006,"April",2006-04-01,"N.A."
"436","Chhattisgarh","Dhamtari",2006,"April",2006-04-01,"40"
"437","Chhattisgarh","Durg",2006,"April",2006-04-01,"18.2"
"438","Chhattisgarh","Janjgir",2006,"April",2006-04-01,"35.7"
"439","Chhattisgarh","Jashpur",2006,"April",2006-04-01,"0"
"440","Chhattisgarh","Kanker",2006,"April",2006-04-01,"59.3"
"441","Chhattisgarh","Korba",2006,"April",2006-04-01,"0"
"442","Chhattisgarh","Koriya",2006,"April",2006-04-01,"0"
"443","Chhattisgarh","Kowardha",2006,"April",2006-04-01,"N.A."
"444","Chhattisgarh","Mahasamund",2006,"April",2006-04-01,"22.6"
"445","Chhattisgarh","Raigarh",2006,"April",2006-04-01,"0"
"446","Chhattisgarh","Raipur",2006,"April",2006-04-01,"31.2"
"447","Chhattisgarh","Rajnandgaon",2006,"April",2006-04-01,"12"
"448","Chhattisgarh","Surguja",2006,"April",2006-04-01,"17.4"
"449","Chhattisgarh","Bastar",2006,"May",2006-05-01,"90"
"450","Chhattisgarh","Bilaspur",2006,"May",2006-05-01,"90.8"
"451","Chhattisgarh","Dantewara",2006,"May",2006-05-01,"0"
"452","Chhattisgarh","Dhamtari",2006,"May",2006-05-01,"72.5"
"453","Chhattisgarh","Durg",2006,"May",2006-05-01,"44.8"
"454","Chhattisgarh","Janjgir",2006,"May",2006-05-01,"13.9"
"455","Chhattisgarh","Jashpur",2006,"May",2006-05-01,"2"
"456","Chhattisgarh","Kanker",2006,"May",2006-05-01,"0"
"457","Chhattisgarh","Korba",2006,"May",2006-05-01,"33.8"
"458","Chhattisgarh","Koriya",2006,"May",2006-05-01,"N.A."
"459","Chhattisgarh","Kowardha",2006,"May",2006-05-01,"0"
"460","Chhattisgarh","Mahasamund",2006,"May",2006-05-01,"8.6"
"461","Chhattisgarh","Raigarh",2006,"May",2006-05-01,"91.2"
"462","Chhattisgarh","Raipur",2006,"May",2006-05-01,"72"
"463","Chhattisgarh","Rajnandgaon",2006,"May",2006-05-01,"0"
"464","Chhattisgarh","Surguja",2006,"May",2006-05-01,"33.7"
"465","Chhattisgarh","Bastar",2006,"June",2006-06-01,"127.3"
"466","Chhattisgarh","Bilaspur",2006,"June",2006-06-01,"56.6"
"467","Chhattisgarh","Dantewara",2006,"June",2006-06-01,"41.5"
"468","Chhattisgarh","Dhamtari",2006,"June",2006-06-01,"53.9"
"469","Chhattisgarh","Durg",2006,"June",2006-06-01,"27.4"
"470","Chhattisgarh","Janjgir",2006,"June",2006-06-01,"85.5"
"471","Chhattisgarh","Jashpur",2006,"June",2006-06-01,"25.8"
"472","Chhattisgarh","Kanker",2006,"June",2006-06-01,"94.4"
"473","Chhattisgarh","Korba",2006,"June",2006-06-01,"85.5"
"474","Chhattisgarh","Koriya",2006,"June",2006-06-01,"59.3"
"475","Chhattisgarh","Kowardha",2006,"June",2006-06-01,"38.7"
"476","Chhattisgarh","Mahasamund",2006,"June",2006-06-01,"85.4"
"477","Chhattisgarh","Raigarh",2006,"June",2006-06-01,"117.5"
"478","Chhattisgarh","Raipur",2006,"June",2006-06-01,"59.6"
"479","Chhattisgarh","Rajnandgaon",2006,"June",2006-06-01,"65.5"
"480","Chhattisgarh","Surguja",2006,"June",2006-06-01,"82.1"
"481","Chhattisgarh","Bastar",2006,"July",2006-07-01,"491"
"482","Chhattisgarh","Bilaspur",2006,"July",2006-07-01,"369.4"
"483","Chhattisgarh","Dantewara",2006,"July",2006-07-01,"283.5"
"484","Chhattisgarh","Dhamtari",2006,"July",2006-07-01,"449.2"
"485","Chhattisgarh","Durg",2006,"July",2006-07-01,"251.7"
"486","Chhattisgarh","Janjgir",2006,"July",2006-07-01,"431.7"
"487","Chhattisgarh","Jashpur",2006,"July",2006-07-01,"372.2"
"488","Chhattisgarh","Kanker",2006,"July",2006-07-01,"624.5"
"489","Chhattisgarh","Korba",2006,"July",2006-07-01,"234.6"
"490","Chhattisgarh","Koriya",2006,"July",2006-07-01,"465.5"
"491","Chhattisgarh","Kowardha",2006,"July",2006-07-01,"418.8"
"492","Chhattisgarh","Mahasamund",2006,"July",2006-07-01,"388.2"
"493","Chhattisgarh","Raigarh",2006,"July",2006-07-01,"308.2"
"494","Chhattisgarh","Raipur",2006,"July",2006-07-01,"384.5"
"495","Chhattisgarh","Rajnandgaon",2006,"July",2006-07-01,"323.9"
"496","Chhattisgarh","Surguja",2006,"July",2006-07-01,"391.9"
"497","Chhattisgarh","Bastar",2006,"August",2006-08-01,"422"
"498","Chhattisgarh","Bilaspur",2006,"August",2006-08-01,"316.1"
"499","Chhattisgarh","Dantewara",2006,"August",2006-08-01,"595.2"
"500","Chhattisgarh","Dhamtari",2006,"August",2006-08-01,"482"
"501","Chhattisgarh","Durg",2006,"August",2006-08-01,"392.6"
"502","Chhattisgarh","Janjgir",2006,"August",2006-08-01,"416.3"
"503","Chhattisgarh","Jashpur",2006,"August",2006-08-01,"269.3"
"504","Chhattisgarh","Kanker",2006,"August",2006-08-01,"443.2"
"505","Chhattisgarh","Korba",2006,"August",2006-08-01,"302.9"
"506","Chhattisgarh","Koriya",2006,"August",2006-08-01,"415.1"
"507","Chhattisgarh","Kowardha",2006,"August",2006-08-01,"245.7"
"508","Chhattisgarh","Mahasamund",2006,"August",2006-08-01,"723.8"
"509","Chhattisgarh","Raigarh",2006,"August",2006-08-01,"430.6"
"510","Chhattisgarh","Raipur",2006,"August",2006-08-01,"430.5"
"511","Chhattisgarh","Rajnandgaon",2006,"August",2006-08-01,"530.5"
"512","Chhattisgarh","Surguja",2006,"August",2006-08-01,"439.3"
"513","Chhattisgarh","Bastar",2006,"September",2006-09-01,"309.3"
"514","Chhattisgarh","Bilaspur",2006,"September",2006-09-01,"128.4"
"515","Chhattisgarh","Dantewara",2006,"September",2006-09-01,"220.3"
"516","Chhattisgarh","Dhamtari",2006,"September",2006-09-01,"143"
"517","Chhattisgarh","Durg",2006,"September",2006-09-01,"120.5"
"518","Chhattisgarh","Janjgir",2006,"September",2006-09-01,"142.7"
"519","Chhattisgarh","Jashpur",2006,"September",2006-09-01,"110.2"
"520","Chhattisgarh","Kanker",2006,"September",2006-09-01,"255.8"
"521","Chhattisgarh","Korba",2006,"September",2006-09-01,"91.2"
"522","Chhattisgarh","Koriya",2006,"September",2006-09-01,"80.1"
"523","Chhattisgarh","Kowardha",2006,"September",2006-09-01,"45.6"
"524","Chhattisgarh","Mahasamund",2006,"September",2006-09-01,"144.7"
"525","Chhattisgarh","Raigarh",2006,"September",2006-09-01,"110.2"
"526","Chhattisgarh","Raipur",2006,"September",2006-09-01,"177.5"
"527","Chhattisgarh","Rajnandgaon",2006,"September",2006-09-01,"154.2"
"528","Chhattisgarh","Surguja",2006,"September",2006-09-01,"146.7"
"529","Chhattisgarh","Bastar",2006,"October",2006-10-01,"1.6"
"530","Chhattisgarh","Bilaspur",2006,"October",2006-10-01,"29.6"
"531","Chhattisgarh","Dantewara",2006,"October",2006-10-01,"11"
"532","Chhattisgarh","Dhamtari",2006,"October",2006-10-01,"1.6"
"533","Chhattisgarh","Durg",2006,"October",2006-10-01,"4.4"
"534","Chhattisgarh","Janjgir",2006,"October",2006-10-01,"2.2"
"535","Chhattisgarh","Jashpur",2006,"October",2006-10-01,"56.8"
"536","Chhattisgarh","Kanker",2006,"October",2006-10-01,"19"
"537","Chhattisgarh","Korba",2006,"October",2006-10-01,"0.8"
"538","Chhattisgarh","Koriya",2006,"October",2006-10-01,"1.3"
"539","Chhattisgarh","Kowardha",2006,"October",2006-10-01,"19.7"
"540","Chhattisgarh","Mahasamund",2006,"October",2006-10-01,"0"
"541","Chhattisgarh","Raigarh",2006,"October",2006-10-01,"26.1"
"542","Chhattisgarh","Raipur",2006,"October",2006-10-01,"14.4"
"543","Chhattisgarh","Rajnandgaon",2006,"October",2006-10-01,"5.5"
"544","Chhattisgarh","Surguja",2006,"October",2006-10-01,"25.7"
"545","Chhattisgarh","Bastar",2006,"November",2006-11-01,"92.9"
"546","Chhattisgarh","Bilaspur",2006,"November",2006-11-01,"3.9"
"547","Chhattisgarh","Dantewara",2006,"November",2006-11-01,"0"
"548","Chhattisgarh","Dhamtari",2006,"November",2006-11-01,"10.2"
"549","Chhattisgarh","Durg",2006,"November",2006-11-01,"0"
"550","Chhattisgarh","Janjgir",2006,"November",2006-11-01,"1.3"
"551","Chhattisgarh","Jashpur",2006,"November",2006-11-01,"0"
"552","Chhattisgarh","Kanker",2006,"November",2006-11-01,"16"
"553","Chhattisgarh","Korba",2006,"November",2006-11-01,"1.9"
"554","Chhattisgarh","Koriya",2006,"November",2006-11-01,"0"
"555","Chhattisgarh","Kowardha",2006,"November",2006-11-01,"4.6"
"556","Chhattisgarh","Mahasamund",2006,"November",2006-11-01,"2"
"557","Chhattisgarh","Raigarh",2006,"November",2006-11-01,"5.3"
"558","Chhattisgarh","Raipur",2006,"November",2006-11-01,"1.4"
"559","Chhattisgarh","Rajnandgaon",2006,"November",2006-11-01,"0"
"560","Chhattisgarh","Surguja",2006,"November",2006-11-01,"4.5"
"561","Chhattisgarh","Bastar",2006,"December",2006-12-01,"0"
"562","Chhattisgarh","Bilaspur",2006,"December",2006-12-01,"0.9"
"563","Chhattisgarh","Dantewara",2006,"December",2006-12-01,"0"
"564","Chhattisgarh","Dhamtari",2006,"December",2006-12-01,"0"
"565","Chhattisgarh","Durg",2006,"December",2006-12-01,"0"
"566","Chhattisgarh","Janjgir",2006,"December",2006-12-01,"0"
"567","Chhattisgarh","Jashpur",2006,"December",2006-12-01,"0"
"568","Chhattisgarh","Kanker",2006,"December",2006-12-01,"0"
"569","Chhattisgarh","Korba",2006,"December",2006-12-01,"0"
"570","Chhattisgarh","Koriya",2006,"December",2006-12-01,"0"
"571","Chhattisgarh","Kowardha",2006,"December",2006-12-01,"0"
"572","Chhattisgarh","Mahasamund",2006,"December",2006-12-01,"0"
"573","Chhattisgarh","Raigarh",2006,"December",2006-12-01,"0"
"574","Chhattisgarh","Raipur",2006,"December",2006-12-01,"0"
"575","Chhattisgarh","Rajnandgaon",2006,"December",2006-12-01,"0"
"576","Chhattisgarh","Surguja",2006,"December",2006-12-01,"0"
"577","Chhattisgarh","Bastar",2007,"January",2007-01-01,"0"
"578","Chhattisgarh","Bilaspur",2007,"January",2007-01-01,"0"
"579","Chhattisgarh","Dantewara",2007,"January",2007-01-01,"0"
"580","Chhattisgarh","Dhamtari",2007,"January",2007-01-01,"0"
"581","Chhattisgarh","Durg",2007,"January",2007-01-01,"0"
"582","Chhattisgarh","Janjgir",2007,"January",2007-01-01,"0"
"583","Chhattisgarh","Jashpur",2007,"January",2007-01-01,"0"
"584","Chhattisgarh","Kanker",2007,"January",2007-01-01,"0"
"585","Chhattisgarh","Korba",2007,"January",2007-01-01,"0"
"586","Chhattisgarh","Koriya",2007,"January",2007-01-01,"0"
"587","Chhattisgarh","Kowardha",2007,"January",2007-01-01,"0"
"588","Chhattisgarh","Mahasamund",2007,"January",2007-01-01,"0"
"589","Chhattisgarh","Raigarh",2007,"January",2007-01-01,"0"
"590","Chhattisgarh","Raipur",2007,"January",2007-01-01,"0"
"591","Chhattisgarh","Rajnandgaon",2007,"January",2007-01-01,"0"
"592","Chhattisgarh","Surguja",2007,"January",2007-01-01,"0"
"593","Chhattisgarh","Bastar",2007,"February",2007-02-01,"15.3"
"594","Chhattisgarh","Bilaspur",2007,"February",2007-02-01,"61.5"
"595","Chhattisgarh","Dantewara",2007,"February",2007-02-01,"2.5"
"596","Chhattisgarh","Dhamtari",2007,"February",2007-02-01,"0"
"597","Chhattisgarh","Durg",2007,"February",2007-02-01,"5.8"
"598","Chhattisgarh","Janjgir",2007,"February",2007-02-01,"62.2"
"599","Chhattisgarh","Jashpur",2007,"February",2007-02-01,"0"
"600","Chhattisgarh","Kanker",2007,"February",2007-02-01,"0"
"601","Chhattisgarh","Korba",2007,"February",2007-02-01,"25.6"
"602","Chhattisgarh","Koriya",2007,"February",2007-02-01,"66.1"
"603","Chhattisgarh","Kowardha",2007,"February",2007-02-01,"55.2"
"604","Chhattisgarh","Mahasamund",2007,"February",2007-02-01,"32.5"
"605","Chhattisgarh","Raigarh",2007,"February",2007-02-01,"35.2"
"606","Chhattisgarh","Raipur",2007,"February",2007-02-01,"19.5"
"607","Chhattisgarh","Rajnandgaon",2007,"February",2007-02-01,"16.9"
"608","Chhattisgarh","Surguja",2007,"February",2007-02-01,"33.2"
"609","Chhattisgarh","Bastar",2007,"March",2007-03-01,"0"
"610","Chhattisgarh","Bilaspur",2007,"March",2007-03-01,"22.1"
"611","Chhattisgarh","Dantewara",2007,"March",2007-03-01,"0"
"612","Chhattisgarh","Dhamtari",2007,"March",2007-03-01,"11.8"
"613","Chhattisgarh","Durg",2007,"March",2007-03-01,"1.8"
"614","Chhattisgarh","Janjgir",2007,"March",2007-03-01,"6.8"
"615","Chhattisgarh","Jashpur",2007,"March",2007-03-01,"3"
"616","Chhattisgarh","Kanker",2007,"March",2007-03-01,"0"
"617","Chhattisgarh","Korba",2007,"March",2007-03-01,"16.9"
"618","Chhattisgarh","Koriya",2007,"March",2007-03-01,"28.2"
"619","Chhattisgarh","Kowardha",2007,"March",2007-03-01,"19.2"
"620","Chhattisgarh","Mahasamund",2007,"March",2007-03-01,"0"
"621","Chhattisgarh","Raigarh",2007,"March",2007-03-01,"17.2"
"622","Chhattisgarh","Raipur",2007,"March",2007-03-01,"0.2"
"623","Chhattisgarh","Rajnandgaon",2007,"March",2007-03-01,"0"
"624","Chhattisgarh","Surguja",2007,"March",2007-03-01,"17.2"
"625","Chhattisgarh","Bastar",2007,"April",2007-04-01,"13.5"
"626","Chhattisgarh","Bilaspur",2007,"April",2007-04-01,"11.8"
"627","Chhattisgarh","Dantewara",2007,"April",2007-04-01,"5.3"
"628","Chhattisgarh","Dhamtari",2007,"April",2007-04-01,"2.4"
"629","Chhattisgarh","Durg",2007,"April",2007-04-01,"0"
"630","Chhattisgarh","Janjgir",2007,"April",2007-04-01,"0"
"631","Chhattisgarh","Jashpur",2007,"April",2007-04-01,"0"
"632","Chhattisgarh","Kanker",2007,"April",2007-04-01,"0"
"633","Chhattisgarh","Korba",2007,"April",2007-04-01,"0"
"634","Chhattisgarh","Koriya",2007,"April",2007-04-01,"0"
"635","Chhattisgarh","Kowardha",2007,"April",2007-04-01,"1"
"636","Chhattisgarh","Mahasamund",2007,"April",2007-04-01,"14"
"637","Chhattisgarh","Raigarh",2007,"April",2007-04-01,"0"
"638","Chhattisgarh","Raipur",2007,"April",2007-04-01,"0.2"
"639","Chhattisgarh","Rajnandgaon",2007,"April",2007-04-01,"0"
"640","Chhattisgarh","Surguja",2007,"April",2007-04-01,"8.4"
"641","Chhattisgarh","Bastar",2007,"May",2007-05-01,"68.6"
"642","Chhattisgarh","Bilaspur",2007,"May",2007-05-01,"26.9"
"643","Chhattisgarh","Dantewara",2007,"May",2007-05-01,"0"
"644","Chhattisgarh","Dhamtari",2007,"May",2007-05-01,"24.4"
"645","Chhattisgarh","Durg",2007,"May",2007-05-01,"0"
"646","Chhattisgarh","Janjgir",2007,"May",2007-05-01,"8.3"
"647","Chhattisgarh","Jashpur",2007,"May",2007-05-01,"0"
"648","Chhattisgarh","Kanker",2007,"May",2007-05-01,"0.1"
"649","Chhattisgarh","Korba",2007,"May",2007-05-01,"0"
"650","Chhattisgarh","Koriya",2007,"May",2007-05-01,"1.4"
"651","Chhattisgarh","Kowardha",2007,"May",2007-05-01,"9.8"
"652","Chhattisgarh","Mahasamund",2007,"May",2007-05-01,"8.7"
"653","Chhattisgarh","Raigarh",2007,"May",2007-05-01,"29.6"
"654","Chhattisgarh","Raipur",2007,"May",2007-05-01,"4.1"
"655","Chhattisgarh","Rajnandgaon",2007,"May",2007-05-01,"6"
"656","Chhattisgarh","Surguja",2007,"May",2007-05-01,"21.1"
"657","Chhattisgarh","Bastar",2007,"June",2007-06-01,"337"
"658","Chhattisgarh","Bilaspur",2007,"June",2007-06-01,"190.2"
"659","Chhattisgarh","Dantewara",2007,"June",2007-06-01,"104.8"
"660","Chhattisgarh","Dhamtari",2007,"June",2007-06-01,"269.8"
"661","Chhattisgarh","Durg",2007,"June",2007-06-01,"229.6"
"662","Chhattisgarh","Janjgir",2007,"June",2007-06-01,"156.5"
"663","Chhattisgarh","Jashpur",2007,"June",2007-06-01,"207.6"
"664","Chhattisgarh","Kanker",2007,"June",2007-06-01,"479.6"
"665","Chhattisgarh","Korba",2007,"June",2007-06-01,"153"
"666","Chhattisgarh","Koriya",2007,"June",2007-06-01,"110.9"
"667","Chhattisgarh","Kowardha",2007,"June",2007-06-01,"70.7"
"668","Chhattisgarh","Mahasamund",2007,"June",2007-06-01,"232"
"669","Chhattisgarh","Raigarh",2007,"June",2007-06-01,"233.1"
"670","Chhattisgarh","Raipur",2007,"June",2007-06-01,"525.2"
"671","Chhattisgarh","Rajnandgaon",2007,"June",2007-06-01,"159.5"
"672","Chhattisgarh","Surguja",2007,"June",2007-06-01,"155.1"
"673","Chhattisgarh","Bastar",2007,"July",2007-07-01,"195.9"
"674","Chhattisgarh","Bilaspur",2007,"July",2007-07-01,"353.5"
"675","Chhattisgarh","Dantewara",2007,"July",2007-07-01,"301.7"
"676","Chhattisgarh","Dhamtari",2007,"July",2007-07-01,"154.4"
"677","Chhattisgarh","Durg",2007,"July",2007-07-01,"298.4"
"678","Chhattisgarh","Janjgir",2007,"July",2007-07-01,"364.7"
"679","Chhattisgarh","Jashpur",2007,"July",2007-07-01,"281.9"
"680","Chhattisgarh","Kanker",2007,"July",2007-07-01,"87.6"
"681","Chhattisgarh","Korba",2007,"July",2007-07-01,"294.4"
"682","Chhattisgarh","Koriya",2007,"July",2007-07-01,"571.4"
"683","Chhattisgarh","Kowardha",2007,"July",2007-07-01,"134.5"
"684","Chhattisgarh","Mahasamund",2007,"July",2007-07-01,"296.3"
"685","Chhattisgarh","Raigarh",2007,"July",2007-07-01,"342.3"
"686","Chhattisgarh","Raipur",2007,"July",2007-07-01,"320.1"
"687","Chhattisgarh","Rajnandgaon",2007,"July",2007-07-01,"125.3"
"688","Chhattisgarh","Surguja",2007,"July",2007-07-01,"354.6"
"689","Chhattisgarh","Bastar",2007,"August",2007-08-01,"377.4"
"690","Chhattisgarh","Bilaspur",2007,"August",2007-08-01,"306.4"
"691","Chhattisgarh","Dantewara",2007,"August",2007-08-01,"398.2"
"692","Chhattisgarh","Dhamtari",2007,"August",2007-08-01,"266.6"
"693","Chhattisgarh","Durg",2007,"August",2007-08-01,"328.8"
"694","Chhattisgarh","Janjgir",2007,"August",2007-08-01,"473.5"
"695","Chhattisgarh","Jashpur",2007,"August",2007-08-01,"408.2"
"696","Chhattisgarh","Kanker",2007,"August",2007-08-01,"416.8"
"697","Chhattisgarh","Korba",2007,"August",2007-08-01,"147.1"
"698","Chhattisgarh","Koriya",2007,"August",2007-08-01,"251.5"
"699","Chhattisgarh","Kowardha",2007,"August",2007-08-01,"199.1"
"700","Chhattisgarh","Mahasamund",2007,"August",2007-08-01,"258.3"
"701","Chhattisgarh","Raigarh",2007,"August",2007-08-01,"318.2"
"702","Chhattisgarh","Raipur",2007,"August",2007-08-01,"284.6"
"703","Chhattisgarh","Rajnandgaon",2007,"August",2007-08-01,"300.6"
"704","Chhattisgarh","Surguja",2007,"August",2007-08-01,"248.1"
"705","Chhattisgarh","Bastar",2007,"September",2007-09-01,"157.7"
"706","Chhattisgarh","Bilaspur",2007,"September",2007-09-01,"281.6"
"707","Chhattisgarh","Dantewara",2007,"September",2007-09-01,"511.3"
"708","Chhattisgarh","Dhamtari",2007,"September",2007-09-01,"236.2"
"709","Chhattisgarh","Durg",2007,"September",2007-09-01,"202.1"
"710","Chhattisgarh","Janjgir",2007,"September",2007-09-01,"280.1"
"711","Chhattisgarh","Jashpur",2007,"September",2007-09-01,"236.4"
"712","Chhattisgarh","Kanker",2007,"September",2007-09-01,"204.2"
"713","Chhattisgarh","Korba",2007,"September",2007-09-01,"214.5"
"714","Chhattisgarh","Koriya",2007,"September",2007-09-01,"259.8"
"715","Chhattisgarh","Kowardha",2007,"September",2007-09-01,"147.3"
"716","Chhattisgarh","Mahasamund",2007,"September",2007-09-01,"303.3"
"717","Chhattisgarh","Raigarh",2007,"September",2007-09-01,"239.5"
"718","Chhattisgarh","Raipur",2007,"September",2007-09-01,"238"
"719","Chhattisgarh","Rajnandgaon",2007,"September",2007-09-01,"110.2"
"720","Chhattisgarh","Surguja",2007,"September",2007-09-01,"285.9"
"721","Chhattisgarh","Bastar",2007,"October",2007-10-01,"93.8"
"722","Chhattisgarh","Bilaspur",2007,"October",2007-10-01,"9.8"
"723","Chhattisgarh","Dantewara",2007,"October",2007-10-01,"361.8"
"724","Chhattisgarh","Dhamtari",2007,"October",2007-10-01,"41.6"
"725","Chhattisgarh","Durg",2007,"October",2007-10-01,"2"
"726","Chhattisgarh","Janjgir",2007,"October",2007-10-01,"31.5"
"727","Chhattisgarh","Jashpur",2007,"October",2007-10-01,"96.4"
"728","Chhattisgarh","Kanker",2007,"October",2007-10-01,"47.4"
"729","Chhattisgarh","Korba",2007,"October",2007-10-01,"5.9"
"730","Chhattisgarh","Koriya",2007,"October",2007-10-01,"29.5"
"731","Chhattisgarh","Kowardha",2007,"October",2007-10-01,"17.7"
"732","Chhattisgarh","Mahasamund",2007,"October",2007-10-01,"29.5"
"733","Chhattisgarh","Raigarh",2007,"October",2007-10-01,"40.1"
"734","Chhattisgarh","Raipur",2007,"October",2007-10-01,"28.3"
"735","Chhattisgarh","Rajnandgaon",2007,"October",2007-10-01,"24.7"
"736","Chhattisgarh","Surguja",2007,"October",2007-10-01,"29.5"
"737","Chhattisgarh","Bastar",2007,"November",2007-11-01,"0"
"738","Chhattisgarh","Bilaspur",2007,"November",2007-11-01,"5.6"
"739","Chhattisgarh","Dantewara",2007,"November",2007-11-01,"0"
"740","Chhattisgarh","Dhamtari",2007,"November",2007-11-01,"0"
"741","Chhattisgarh","Durg",2007,"November",2007-11-01,"0"
"742","Chhattisgarh","Janjgir",2007,"November",2007-11-01,"12.4"
"743","Chhattisgarh","Jashpur",2007,"November",2007-11-01,"0"
"744","Chhattisgarh","Kanker",2007,"November",2007-11-01,"0"
"745","Chhattisgarh","Korba",2007,"November",2007-11-01,"0"
"746","Chhattisgarh","Koriya",2007,"November",2007-11-01,"0"
"747","Chhattisgarh","Kowardha",2007,"November",2007-11-01,"0"
"748","Chhattisgarh","Mahasamund",2007,"November",2007-11-01,"0"
"749","Chhattisgarh","Raigarh",2007,"November",2007-11-01,"36.6"
"750","Chhattisgarh","Raipur",2007,"November",2007-11-01,"14"
"751","Chhattisgarh","Rajnandgaon",2007,"November",2007-11-01,"26.6"
"752","Chhattisgarh","Surguja",2007,"November",2007-11-01,"0.3"
"753","Chhattisgarh","Bastar",2007,"December",2007-12-01,"0"
"754","Chhattisgarh","Bilaspur",2007,"December",2007-12-01,"0"
"755","Chhattisgarh","Dantewara",2007,"December",2007-12-01,"0"
"756","Chhattisgarh","Dhamtari",2007,"December",2007-12-01,"0"
"757","Chhattisgarh","Durg",2007,"December",2007-12-01,"0"
"758","Chhattisgarh","Janjgir",2007,"December",2007-12-01,"0"
"759","Chhattisgarh","Jashpur",2007,"December",2007-12-01,"0"
"760","Chhattisgarh","Kanker",2007,"December",2007-12-01,"0"
"761","Chhattisgarh","Korba",2007,"December",2007-12-01,"0"
"762","Chhattisgarh","Koriya",2007,"December",2007-12-01,"0"
"763","Chhattisgarh","Kowardha",2007,"December",2007-12-01,"0"
"764","Chhattisgarh","Mahasamund",2007,"December",2007-12-01,"0"
"765","Chhattisgarh","Raigarh",2007,"December",2007-12-01,"0"
"766","Chhattisgarh","Raipur",2007,"December",2007-12-01,"0"
"767","Chhattisgarh","Rajnandgaon",2007,"December",2007-12-01,"0"
"768","Chhattisgarh","Surguja",2007,"December",2007-12-01,"0"
"769","Chhattisgarh","Bastar",2008,"January",2008-01-01,"10"
"770","Chhattisgarh","Bilaspur",2008,"January",2008-01-01,"4"
"771","Chhattisgarh","Dantewara",2008,"January",2008-01-01,"0"
"772","Chhattisgarh","Dhamtari",2008,"January",2008-01-01,"0"
"773","Chhattisgarh","Durg",2008,"January",2008-01-01,"0"
"774","Chhattisgarh","Janjgir",2008,"January",2008-01-01,"1.2"
"775","Chhattisgarh","Jashpur",2008,"January",2008-01-01,"0"
"776","Chhattisgarh","Kanker",2008,"January",2008-01-01,"0"
"777","Chhattisgarh","Korba",2008,"January",2008-01-01,"0"
"778","Chhattisgarh","Koriya",2008,"January",2008-01-01,"0"
"779","Chhattisgarh","Kowardha",2008,"January",2008-01-01,"0"
"780","Chhattisgarh","Mahasamund",2008,"January",2008-01-01,"0"
"781","Chhattisgarh","Raigarh",2008,"January",2008-01-01,"22.4"
"782","Chhattisgarh","Raipur",2008,"January",2008-01-01,"6.5"
"783","Chhattisgarh","Rajnandgaon",2008,"January",2008-01-01,"8.4"
"784","Chhattisgarh","Surguja",2008,"January",2008-01-01,"8.3"
"785","Chhattisgarh","Bastar",2008,"February",2008-02-01,"18.2"
"786","Chhattisgarh","Bilaspur",2008,"February",2008-02-01,"11.9"
"787","Chhattisgarh","Dantewara",2008,"February",2008-02-01,"2"
"788","Chhattisgarh","Dhamtari",2008,"February",2008-02-01,"10.6"
"789","Chhattisgarh","Durg",2008,"February",2008-02-01,"0"
"790","Chhattisgarh","Janjgir",2008,"February",2008-02-01,"12.8"
"791","Chhattisgarh","Jashpur",2008,"February",2008-02-01,"0"
"792","Chhattisgarh","Kanker",2008,"February",2008-02-01,"0"
"793","Chhattisgarh","Korba",2008,"February",2008-02-01,"10"
"794","Chhattisgarh","Koriya",2008,"February",2008-02-01,"9.4"
"795","Chhattisgarh","Kowardha",2008,"February",2008-02-01,"0"
"796","Chhattisgarh","Mahasamund",2008,"February",2008-02-01,"5.8"
"797","Chhattisgarh","Raigarh",2008,"February",2008-02-01,"21.3"
"798","Chhattisgarh","Raipur",2008,"February",2008-02-01,"10.1"
"799","Chhattisgarh","Rajnandgaon",2008,"February",2008-02-01,"15.4"
"800","Chhattisgarh","Surguja",2008,"February",2008-02-01,"6.9"
"801","Chhattisgarh","Bastar",2008,"March",2008-03-01,"135.5"
"802","Chhattisgarh","Bilaspur",2008,"March",2008-03-01,"34.2"
"803","Chhattisgarh","Dantewara",2008,"March",2008-03-01,"13"
"804","Chhattisgarh","Dhamtari",2008,"March",2008-03-01,"0"
"805","Chhattisgarh","Durg",2008,"March",2008-03-01,"6.8"
"806","Chhattisgarh","Janjgir",2008,"March",2008-03-01,"9"
"807","Chhattisgarh","Jashpur",2008,"March",2008-03-01,"2.2"
"808","Chhattisgarh","Kanker",2008,"March",2008-03-01,"0"
"809","Chhattisgarh","Korba",2008,"March",2008-03-01,"0"
"810","Chhattisgarh","Koriya",2008,"March",2008-03-01,"0"
"811","Chhattisgarh","Kowardha",2008,"March",2008-03-01,"0"
"812","Chhattisgarh","Mahasamund",2008,"March",2008-03-01,"0"
"813","Chhattisgarh","Raigarh",2008,"March",2008-03-01,"27.8"
"814","Chhattisgarh","Raipur",2008,"March",2008-03-01,"2.6"
"815","Chhattisgarh","Rajnandgaon",2008,"March",2008-03-01,"45"
"816","Chhattisgarh","Surguja",2008,"March",2008-03-01,"10.3"
"817","Chhattisgarh","Bastar",2008,"April",2008-04-01,"17.7"
"818","Chhattisgarh","Bilaspur",2008,"April",2008-04-01,"11.3"
"819","Chhattisgarh","Dantewara",2008,"April",2008-04-01,"3.5"
"820","Chhattisgarh","Dhamtari",2008,"April",2008-04-01,"0"
"821","Chhattisgarh","Durg",2008,"April",2008-04-01,"0"
"822","Chhattisgarh","Janjgir",2008,"April",2008-04-01,"20"
"823","Chhattisgarh","Jashpur",2008,"April",2008-04-01,"0"
"824","Chhattisgarh","Kanker",2008,"April",2008-04-01,"0"
"825","Chhattisgarh","Korba",2008,"April",2008-04-01,"0"
"826","Chhattisgarh","Koriya",2008,"April",2008-04-01,"0"
"827","Chhattisgarh","Kowardha",2008,"April",2008-04-01,"0"
"828","Chhattisgarh","Mahasamund",2008,"April",2008-04-01,"0"
"829","Chhattisgarh","Raigarh",2008,"April",2008-04-01,"31.5"
"830","Chhattisgarh","Raipur",2008,"April",2008-04-01,"1"
"831","Chhattisgarh","Rajnandgaon",2008,"April",2008-04-01,"0.2"
"832","Chhattisgarh","Surguja",2008,"April",2008-04-01,"25.4"
"833","Chhattisgarh","Bastar",2008,"May",2008-05-01,"40.3"
"834","Chhattisgarh","Bilaspur",2008,"May",2008-05-01,"1.7"
"835","Chhattisgarh","Dantewara",2008,"May",2008-05-01,"0"
"836","Chhattisgarh","Dhamtari",2008,"May",2008-05-01,"0"
"837","Chhattisgarh","Durg",2008,"May",2008-05-01,"0"
"838","Chhattisgarh","Janjgir",2008,"May",2008-05-01,"0"
"839","Chhattisgarh","Jashpur",2008,"May",2008-05-01,"0"
"840","Chhattisgarh","Kanker",2008,"May",2008-05-01,"0"
"841","Chhattisgarh","Korba",2008,"May",2008-05-01,"0"
"842","Chhattisgarh","Koriya",2008,"May",2008-05-01,"0"
"843","Chhattisgarh","Kowardha",2008,"May",2008-05-01,"0"
"844","Chhattisgarh","Mahasamund",2008,"May",2008-05-01,"0"
"845","Chhattisgarh","Raigarh",2008,"May",2008-05-01,"2.3"
"846","Chhattisgarh","Raipur",2008,"May",2008-05-01,"5.8"
"847","Chhattisgarh","Rajnandgaon",2008,"May",2008-05-01,"9.3"
"848","Chhattisgarh","Surguja",2008,"May",2008-05-01,"8.9"
"849","Chhattisgarh","Bastar",2008,"June",2008-06-01,"183.9"
"850","Chhattisgarh","Bilaspur",2008,"June",2008-06-01,"249.8"
"851","Chhattisgarh","Dantewara",2008,"June",2008-06-01,"202"
"852","Chhattisgarh","Dhamtari",2008,"June",2008-06-01,"316"
"853","Chhattisgarh","Durg",2008,"June",2008-06-01,"240"
"854","Chhattisgarh","Janjgir",2008,"June",2008-06-01,"231.6"
"855","Chhattisgarh","Jashpur",2008,"June",2008-06-01,"356.6"
"856","Chhattisgarh","Kanker",2008,"June",2008-06-01,"192.6"
"857","Chhattisgarh","Korba",2008,"June",2008-06-01,"204.1"
"858","Chhattisgarh","Koriya",2008,"June",2008-06-01,"290.8"
"859","Chhattisgarh","Kowardha",2008,"June",2008-06-01,"132.1"
"860","Chhattisgarh","Mahasamund",2008,"June",2008-06-01,"237"
"861","Chhattisgarh","Raigarh",2008,"June",2008-06-01,"256.7"
"862","Chhattisgarh","Raipur",2008,"June",2008-06-01,"262.8"
"863","Chhattisgarh","Rajnandgaon",2008,"June",2008-06-01,"87"
"864","Chhattisgarh","Surguja",2008,"June",2008-06-01,"331.8"
"865","Chhattisgarh","Bastar",2008,"July",2008-07-01,"360.2"
"866","Chhattisgarh","Bilaspur",2008,"July",2008-07-01,"230.8"
"867","Chhattisgarh","Dantewara",2008,"July",2008-07-01,"460.1"
"868","Chhattisgarh","Dhamtari",2008,"July",2008-07-01,"180.2"
"869","Chhattisgarh","Durg",2008,"July",2008-07-01,"138.3"
"870","Chhattisgarh","Janjgir",2008,"July",2008-07-01,"351.4"
"871","Chhattisgarh","Jashpur",2008,"July",2008-07-01,"381.7"
"872","Chhattisgarh","Kanker",2008,"July",2008-07-01,"207.5"
"873","Chhattisgarh","Korba",2008,"July",2008-07-01,"489.7"
"874","Chhattisgarh","Koriya",2008,"July",2008-07-01,"340.4"
"875","Chhattisgarh","Kowardha",2008,"July",2008-07-01,"210.8"
"876","Chhattisgarh","Mahasamund",2008,"July",2008-07-01,"171.3"
"877","Chhattisgarh","Raigarh",2008,"July",2008-07-01,"298.1"
"878","Chhattisgarh","Raipur",2008,"July",2008-07-01,"233.1"
"879","Chhattisgarh","Rajnandgaon",2008,"July",2008-07-01,"181"
"880","Chhattisgarh","Surguja",2008,"July",2008-07-01,"359.6"
"881","Chhattisgarh","Bastar",2008,"August",2008-08-01,"380.5"
"882","Chhattisgarh","Bilaspur",2008,"August",2008-08-01,"257.6"
"883","Chhattisgarh","Dantewara",2008,"August",2008-08-01,"387.9"
"884","Chhattisgarh","Dhamtari",2008,"August",2008-08-01,"194"
"885","Chhattisgarh","Durg",2008,"August",2008-08-01,"287.9"
"886","Chhattisgarh","Janjgir",2008,"August",2008-08-01,"526.5"
"887","Chhattisgarh","Jashpur",2008,"August",2008-08-01,"373.7"
"888","Chhattisgarh","Kanker",2008,"August",2008-08-01,"148.4"
"889","Chhattisgarh","Korba",2008,"August",2008-08-01,"314.3"
"890","Chhattisgarh","Koriya",2008,"August",2008-08-01,"325.8"
"891","Chhattisgarh","Kowardha",2008,"August",2008-08-01,"174.4"
"892","Chhattisgarh","Mahasamund",2008,"August",2008-08-01,"246.2"
"893","Chhattisgarh","Raigarh",2008,"August",2008-08-01,"586.5"
"894","Chhattisgarh","Raipur",2008,"August",2008-08-01,"279.5"
"895","Chhattisgarh","Rajnandgaon",2008,"August",2008-08-01,"239.8"
"896","Chhattisgarh","Surguja",2008,"August",2008-08-01,"246"
"897","Chhattisgarh","Bastar",2008,"September",2008-09-01,"239.5"
"898","Chhattisgarh","Bilaspur",2008,"September",2008-09-01,"236.2"
"899","Chhattisgarh","Dantewara",2008,"September",2008-09-01,"137.4"
"900","Chhattisgarh","Dhamtari",2008,"September",2008-09-01,"188.7"
"901","Chhattisgarh","Durg",2008,"September",2008-09-01,"231.8"
"902","Chhattisgarh","Janjgir",2008,"September",2008-09-01,"252.1"
"903","Chhattisgarh","Jashpur",2008,"September",2008-09-01,"239.6"
"904","Chhattisgarh","Kanker",2008,"September",2008-09-01,"90.6"
"905","Chhattisgarh","Korba",2008,"September",2008-09-01,"213"
"906","Chhattisgarh","Koriya",2008,"September",2008-09-01,"12.9"
"907","Chhattisgarh","Kowardha",2008,"September",2008-09-01,"177.4"
"908","Chhattisgarh","Mahasamund",2008,"September",2008-09-01,"270"
"909","Chhattisgarh","Raigarh",2008,"September",2008-09-01,"261.5"
"910","Chhattisgarh","Raipur",2008,"September",2008-09-01,"289.7"
"911","Chhattisgarh","Rajnandgaon",2008,"September",2008-09-01,"225.4"
"912","Chhattisgarh","Surguja",2008,"September",2008-09-01,"111.7"
"913","Chhattisgarh","Bastar",2008,"October",2008-10-01,"11.8"
"914","Chhattisgarh","Bilaspur",2008,"October",2008-10-01,"4.8"
"915","Chhattisgarh","Dantewara",2008,"October",2008-10-01,"0.1"
"916","Chhattisgarh","Dhamtari",2008,"October",2008-10-01,"11.5"
"917","Chhattisgarh","Durg",2008,"October",2008-10-01,"0"
"918","Chhattisgarh","Janjgir",2008,"October",2008-10-01,"0"
"919","Chhattisgarh","Jashpur",2008,"October",2008-10-01,"58.2"
"920","Chhattisgarh","Kanker",2008,"October",2008-10-01,"13.1"
"921","Chhattisgarh","Korba",2008,"October",2008-10-01,"2.5"
"922","Chhattisgarh","Koriya",2008,"October",2008-10-01,"19.1"
"923","Chhattisgarh","Kowardha",2008,"October",2008-10-01,"0"
"924","Chhattisgarh","Mahasamund",2008,"October",2008-10-01,"14.6"
"925","Chhattisgarh","Raigarh",2008,"October",2008-10-01,"5.8"
"926","Chhattisgarh","Raipur",2008,"October",2008-10-01,"23.4"
"927","Chhattisgarh","Rajnandgaon",2008,"October",2008-10-01,"1.2"
"928","Chhattisgarh","Surguja",2008,"October",2008-10-01,"9.8"
"929","Chhattisgarh","Bastar",2008,"November",2008-11-01,"0.7"
"930","Chhattisgarh","Bilaspur",2008,"November",2008-11-01,"4.7"
"931","Chhattisgarh","Dantewara",2008,"November",2008-11-01,"0"
"932","Chhattisgarh","Dhamtari",2008,"November",2008-11-01,"0"
"933","Chhattisgarh","Durg",2008,"November",2008-11-01,"0"
"934","Chhattisgarh","Janjgir",2008,"November",2008-11-01,"0"
"935","Chhattisgarh","Jashpur",2008,"November",2008-11-01,"0"
"936","Chhattisgarh","Kanker",2008,"November",2008-11-01,"0"
"937","Chhattisgarh","Korba",2008,"November",2008-11-01,"0"
"938","Chhattisgarh","Koriya",2008,"November",2008-11-01,"0"
"939","Chhattisgarh","Kowardha",2008,"November",2008-11-01,"0"
"940","Chhattisgarh","Mahasamund",2008,"November",2008-11-01,"0"
"941","Chhattisgarh","Raigarh",2008,"November",2008-11-01,"0"
"942","Chhattisgarh","Raipur",2008,"November",2008-11-01,"0"
"943","Chhattisgarh","Rajnandgaon",2008,"November",2008-11-01,"0"
"944","Chhattisgarh","Surguja",2008,"November",2008-11-01,"0.9"
"945","Chhattisgarh","Bastar",2008,"December",2008-12-01,"0"
"946","Chhattisgarh","Bilaspur",2008,"December",2008-12-01,"0"
"947","Chhattisgarh","Dantewara",2008,"December",2008-12-01,"0"
"948","Chhattisgarh","Dhamtari",2008,"December",2008-12-01,"0"
"949","Chhattisgarh","Durg",2008,"December",2008-12-01,"0"
"950","Chhattisgarh","Janjgir",2008,"December",2008-12-01,"0"
"951","Chhattisgarh","Jashpur",2008,"December",2008-12-01,"0"
"952","Chhattisgarh","Kanker",2008,"December",2008-12-01,"0"
"953","Chhattisgarh","Korba",2008,"December",2008-12-01,"0"
"954","Chhattisgarh","Koriya",2008,"December",2008-12-01,"0"
"955","Chhattisgarh","Kowardha",2008,"December",2008-12-01,"0"
"956","Chhattisgarh","Mahasamund",2008,"December",2008-12-01,"0"
"957","Chhattisgarh","Raigarh",2008,"December",2008-12-01,"0"
"958","Chhattisgarh","Raipur",2008,"December",2008-12-01,"0"
"959","Chhattisgarh","Rajnandgaon",2008,"December",2008-12-01,"0"
"960","Chhattisgarh","Surguja",2008,"December",2008-12-01,"0"
"961","Chhattisgarh","Bastar",2009,"January",2009-01-01,"0"
"962","Chhattisgarh","Bilaspur",2009,"January",2009-01-01,"7.8"
"963","Chhattisgarh","Dantewara",2009,"January",2009-01-01,"0"
"964","Chhattisgarh","Dhamtari",2009,"January",2009-01-01,"0"
"965","Chhattisgarh","Durg",2009,"January",2009-01-01,"0"
"966","Chhattisgarh","Janjgir",2009,"January",2009-01-01,"0"
"967","Chhattisgarh","Jashpur",2009,"January",2009-01-01,"0"
"968","Chhattisgarh","Kanker",2009,"January",2009-01-01,"0"
"969","Chhattisgarh","Korba",2009,"January",2009-01-01,"0"
"970","Chhattisgarh","Koriya",2009,"January",2009-01-01,"0"
"971","Chhattisgarh","Kowardha",2009,"January",2009-01-01,"0"
"972","Chhattisgarh","Mahasamund",2009,"January",2009-01-01,"0"
"973","Chhattisgarh","Raigarh",2009,"January",2009-01-01,"0"
"974","Chhattisgarh","Raipur",2009,"January",2009-01-01,"0"
"975","Chhattisgarh","Rajnandgaon",2009,"January",2009-01-01,"0"
"976","Chhattisgarh","Surguja",2009,"January",2009-01-01,"5.4"
"977","Chhattisgarh","Bastar",2009,"February",2009-02-01,"0"
"978","Chhattisgarh","Bilaspur",2009,"February",2009-02-01,"0"
"979","Chhattisgarh","Dantewara",2009,"February",2009-02-01,"0"
"980","Chhattisgarh","Dhamtari",2009,"February",2009-02-01,"0"
"981","Chhattisgarh","Durg",2009,"February",2009-02-01,"0"
"982","Chhattisgarh","Janjgir",2009,"February",2009-02-01,"0"
"983","Chhattisgarh","Jashpur",2009,"February",2009-02-01,"0"
"984","Chhattisgarh","Kanker",2009,"February",2009-02-01,"0"
"985","Chhattisgarh","Korba",2009,"February",2009-02-01,"0"
"986","Chhattisgarh","Koriya",2009,"February",2009-02-01,"0"
"987","Chhattisgarh","Kowardha",2009,"February",2009-02-01,"0"
"988","Chhattisgarh","Mahasamund",2009,"February",2009-02-01,"0"
"989","Chhattisgarh","Raigarh",2009,"February",2009-02-01,"0"
"990","Chhattisgarh","Raipur",2009,"February",2009-02-01,"0"
"991","Chhattisgarh","Rajnandgaon",2009,"February",2009-02-01,"0"
"992","Chhattisgarh","Surguja",2009,"February",2009-02-01,"0"
"993","Chhattisgarh","Bastar",2009,"March",2009-03-01,"0"
"994","Chhattisgarh","Bilaspur",2009,"March",2009-03-01,"0"
"995","Chhattisgarh","Dantewara",2009,"March",2009-03-01,"0"
"996","Chhattisgarh","Dhamtari",2009,"March",2009-03-01,"0"
"997","Chhattisgarh","Durg",2009,"March",2009-03-01,"0"
"998","Chhattisgarh","Janjgir",2009,"March",2009-03-01,"0"
"999","Chhattisgarh","Jashpur",2009,"March",2009-03-01,"0"
"1000","Chhattisgarh","Kanker",2009,"March",2009-03-01,"0"
"1001","Chhattisgarh","Korba",2009,"March",2009-03-01,"0"
"1002","Chhattisgarh","Koriya",2009,"March",2009-03-01,"0"
"1003","Chhattisgarh","Kowardha",2009,"March",2009-03-01,"0"
"1004","Chhattisgarh","Mahasamund",2009,"March",2009-03-01,"0"
"1005","Chhattisgarh","Raigarh",2009,"March",2009-03-01,"0"
"1006","Chhattisgarh","Raipur",2009,"March",2009-03-01,"0"
"1007","Chhattisgarh","Rajnandgaon",2009,"March",2009-03-01,"0"
"1008","Chhattisgarh","Surguja",2009,"March",2009-03-01,"0"
"1009","Chhattisgarh","Bastar",2009,"April",2009-04-01,"0"
"1010","Chhattisgarh","Bilaspur",2009,"April",2009-04-01,"9.7"
"1011","Chhattisgarh","Dantewara",2009,"April",2009-04-01,"0"
"1012","Chhattisgarh","Dhamtari",2009,"April",2009-04-01,"0"
"1013","Chhattisgarh","Durg",2009,"April",2009-04-01,"0"
"1014","Chhattisgarh","Janjgir",2009,"April",2009-04-01,"3.4"
"1015","Chhattisgarh","Jashpur",2009,"April",2009-04-01,"0"
"1016","Chhattisgarh","Kanker",2009,"April",2009-04-01,"0"
"1017","Chhattisgarh","Korba",2009,"April",2009-04-01,"0"
"1018","Chhattisgarh","Koriya",2009,"April",2009-04-01,"0"
"1019","Chhattisgarh","Kowardha",2009,"April",2009-04-01,"0"
"1020","Chhattisgarh","Mahasamund",2009,"April",2009-04-01,"0"
"1021","Chhattisgarh","Raigarh",2009,"April",2009-04-01,"0"
"1022","Chhattisgarh","Raipur",2009,"April",2009-04-01,"2.1"
"1023","Chhattisgarh","Rajnandgaon",2009,"April",2009-04-01,"2.2"
"1024","Chhattisgarh","Surguja",2009,"April",2009-04-01,"0.3"
"1025","Chhattisgarh","Bastar",2009,"May",2009-05-01,"41.9"
"1026","Chhattisgarh","Bilaspur",2009,"May",2009-05-01,"23.5"
"1027","Chhattisgarh","Dantewara",2009,"May",2009-05-01,"0"
"1028","Chhattisgarh","Dhamtari",2009,"May",2009-05-01,"0"
"1029","Chhattisgarh","Durg",2009,"May",2009-05-01,"0"
"1030","Chhattisgarh","Janjgir",2009,"May",2009-05-01,"7.7"
"1031","Chhattisgarh","Jashpur",2009,"May",2009-05-01,"0"
"1032","Chhattisgarh","Kanker",2009,"May",2009-05-01,"0"
"1033","Chhattisgarh","Korba",2009,"May",2009-05-01,"0"
"1034","Chhattisgarh","Koriya",2009,"May",2009-05-01,"0"
"1035","Chhattisgarh","Kowardha",2009,"May",2009-05-01,"0"
"1036","Chhattisgarh","Mahasamund",2009,"May",2009-05-01,"0"
"1037","Chhattisgarh","Raigarh",2009,"May",2009-05-01,"0"
"1038","Chhattisgarh","Raipur",2009,"May",2009-05-01,"4.9"
"1039","Chhattisgarh","Rajnandgaon",2009,"May",2009-05-01,"2.9"
"1040","Chhattisgarh","Surguja",2009,"May",2009-05-01,"3.5"
"1041","Chhattisgarh","Bastar",2009,"June",2009-06-01,"87.6"
"1042","Chhattisgarh","Bilaspur",2009,"June",2009-06-01,"43.1"
"1043","Chhattisgarh","Dantewara",2009,"June",2009-06-01,"14.4"
"1044","Chhattisgarh","Dhamtari",2009,"June",2009-06-01,"98.7"
"1045","Chhattisgarh","Durg",2009,"June",2009-06-01,"21.5"
"1046","Chhattisgarh","Janjgir",2009,"June",2009-06-01,"4"
"1047","Chhattisgarh","Jashpur",2009,"June",2009-06-01,"11.4"
"1048","Chhattisgarh","Kanker",2009,"June",2009-06-01,"29.5"
"1049","Chhattisgarh","Korba",2009,"June",2009-06-01,"3.7"
"1050","Chhattisgarh","Koriya",2009,"June",2009-06-01,"52.7"
"1051","Chhattisgarh","Kowardha",2009,"June",2009-06-01,"66"
"1052","Chhattisgarh","Mahasamund",2009,"June",2009-06-01,"21.2"
"1053","Chhattisgarh","Raigarh",2009,"June",2009-06-01,"15.3"
"1054","Chhattisgarh","Raipur",2009,"June",2009-06-01,"25.8"
"1055","Chhattisgarh","Rajnandgaon",2009,"June",2009-06-01,"38.3"
"1056","Chhattisgarh","Surguja",2009,"June",2009-06-01,"74.2"
"1057","Chhattisgarh","Bastar",2009,"July",2009-07-01,"446.9"
"1058","Chhattisgarh","Bilaspur",2009,"July",2009-07-01,"314.8"
"1059","Chhattisgarh","Dantewara",2009,"July",2009-07-01,"398.9"
"1060","Chhattisgarh","Dhamtari",2009,"July",2009-07-01,"648.9"
"1061","Chhattisgarh","Durg",2009,"July",2009-07-01,"405.2"
"1062","Chhattisgarh","Janjgir",2009,"July",2009-07-01,"413.7"
"1063","Chhattisgarh","Jashpur",2009,"July",2009-07-01,"447.7"
"1064","Chhattisgarh","Kanker",2009,"July",2009-07-01,"488.7"
"1065","Chhattisgarh","Korba",2009,"July",2009-07-01,"448.9"
"1066","Chhattisgarh","Koriya",2009,"July",2009-07-01,"328.4"
"1067","Chhattisgarh","Kowardha",2009,"July",2009-07-01,"149.4"
"1068","Chhattisgarh","Mahasamund",2009,"July",2009-07-01,"895.2"
"1069","Chhattisgarh","Raigarh",2009,"July",2009-07-01,"650.4"
"1070","Chhattisgarh","Raipur",2009,"July",2009-07-01,"571.8"
"1071","Chhattisgarh","Rajnandgaon",2009,"July",2009-07-01,"430.9"
"1072","Chhattisgarh","Surguja",2009,"July",2009-07-01,"234.6"
"1073","Chhattisgarh","Bastar",2009,"August",2009-08-01,"315.5"
"1074","Chhattisgarh","Bilaspur",2009,"August",2009-08-01,"301.9"
"1075","Chhattisgarh","Dantewara",2009,"August",2009-08-01,"155.5"
"1076","Chhattisgarh","Dhamtari",2009,"August",2009-08-01,"142.3"
"1077","Chhattisgarh","Durg",2009,"August",2009-08-01,"213"
"1078","Chhattisgarh","Janjgir",2009,"August",2009-08-01,"325.9"
"1079","Chhattisgarh","Jashpur",2009,"August",2009-08-01,"396"
"1080","Chhattisgarh","Kanker",2009,"August",2009-08-01,"266.9"
"1081","Chhattisgarh","Korba",2009,"August",2009-08-01,"275.6"
"1082","Chhattisgarh","Koriya",2009,"August",2009-08-01,"283.2"
"1083","Chhattisgarh","Kowardha",2009,"August",2009-08-01,"250"
"1084","Chhattisgarh","Mahasamund",2009,"August",2009-08-01,"188.7"
"1085","Chhattisgarh","Raigarh",2009,"August",2009-08-01,"194.8"
"1086","Chhattisgarh","Raipur",2009,"August",2009-08-01,"246.4"
"1087","Chhattisgarh","Rajnandgaon",2009,"August",2009-08-01,"163"
"1088","Chhattisgarh","Surguja",2009,"August",2009-08-01,"150"
"1089","Chhattisgarh","Bastar",2009,"September",2009-09-01,"113"
"1090","Chhattisgarh","Bilaspur",2009,"September",2009-09-01,"62.6"
"1091","Chhattisgarh","Dantewara",2009,"September",2009-09-01,"110.3"
"1092","Chhattisgarh","Dhamtari",2009,"September",2009-09-01,"77.3"
"1093","Chhattisgarh","Durg",2009,"September",2009-09-01,"51.8"
"1094","Chhattisgarh","Janjgir",2009,"September",2009-09-01,"80.5"
"1095","Chhattisgarh","Jashpur",2009,"September",2009-09-01,"119.4"
"1096","Chhattisgarh","Kanker",2009,"September",2009-09-01,"55.7"
"1097","Chhattisgarh","Korba",2009,"September",2009-09-01,"71.8"
"1098","Chhattisgarh","Koriya",2009,"September",2009-09-01,"131.4"
"1099","Chhattisgarh","Kowardha",2009,"September",2009-09-01,"37"
"1100","Chhattisgarh","Mahasamund",2009,"September",2009-09-01,"68.9"
"1101","Chhattisgarh","Raigarh",2009,"September",2009-09-01,"92.2"
"1102","Chhattisgarh","Raipur",2009,"September",2009-09-01,"66.4"
"1103","Chhattisgarh","Rajnandgaon",2009,"September",2009-09-01,"58.6"
"1104","Chhattisgarh","Surguja",2009,"September",2009-09-01,"77.1"
"1105","Chhattisgarh","Bastar",2009,"October",2009-10-01,"26"
"1106","Chhattisgarh","Bilaspur",2009,"October",2009-10-01,"28"
"1107","Chhattisgarh","Dantewara",2009,"October",2009-10-01,"19.5"
"1108","Chhattisgarh","Dhamtari",2009,"October",2009-10-01,"1.3"
"1109","Chhattisgarh","Durg",2009,"October",2009-10-01,"4.2"
"1110","Chhattisgarh","Janjgir",2009,"October",2009-10-01,"12.2"
"1111","Chhattisgarh","Jashpur",2009,"October",2009-10-01,"89.5"
"1112","Chhattisgarh","Kanker",2009,"October",2009-10-01,"27.8"
"1113","Chhattisgarh","Korba",2009,"October",2009-10-01,"22.6"
"1114","Chhattisgarh","Koriya",2009,"October",2009-10-01,"21.2"
"1115","Chhattisgarh","Kowardha",2009,"October",2009-10-01,"15"
"1116","Chhattisgarh","Mahasamund",2009,"October",2009-10-01,"16.1"
"1117","Chhattisgarh","Raigarh",2009,"October",2009-10-01,"25.5"
"1118","Chhattisgarh","Raipur",2009,"October",2009-10-01,"20.1"
"1119","Chhattisgarh","Rajnandgaon",2009,"October",2009-10-01,"16.4"
"1120","Chhattisgarh","Surguja",2009,"October",2009-10-01,"19"
"1121","Chhattisgarh","Bastar",2009,"November",2009-11-01,"7.4"
"1122","Chhattisgarh","Bilaspur",2009,"November",2009-11-01,"63.4"
"1123","Chhattisgarh","Dantewara",2009,"November",2009-11-01,"10.5"
"1124","Chhattisgarh","Dhamtari",2009,"November",2009-11-01,"144.5"
"1125","Chhattisgarh","Durg",2009,"November",2009-11-01,"99.2"
"1126","Chhattisgarh","Janjgir",2009,"November",2009-11-01,"26.3"
"1127","Chhattisgarh","Jashpur",2009,"November",2009-11-01,"0"
"1128","Chhattisgarh","Kanker",2009,"November",2009-11-01,"0"
"1129","Chhattisgarh","Korba",2009,"November",2009-11-01,"0"
"1130","Chhattisgarh","Koriya",2009,"November",2009-11-01,"0"
"1131","Chhattisgarh","Kowardha",2009,"November",2009-11-01,"95"
"1132","Chhattisgarh","Mahasamund",2009,"November",2009-11-01,"0"
"1133","Chhattisgarh","Raigarh",2009,"November",2009-11-01,"0"
"1134","Chhattisgarh","Raipur",2009,"November",2009-11-01,"10.5"
"1135","Chhattisgarh","Rajnandgaon",2009,"November",2009-11-01,"22"
"1136","Chhattisgarh","Surguja",2009,"November",2009-11-01,"52.7"
"1137","Chhattisgarh","Bastar",2009,"December",2009-12-01,"0"
"1138","Chhattisgarh","Bilaspur",2009,"December",2009-12-01,"0"
"1139","Chhattisgarh","Dantewara",2009,"December",2009-12-01,"0"
"1140","Chhattisgarh","Dhamtari",2009,"December",2009-12-01,"0"
"1141","Chhattisgarh","Durg",2009,"December",2009-12-01,"0"
"1142","Chhattisgarh","Janjgir",2009,"December",2009-12-01,"0"
"1143","Chhattisgarh","Jashpur",2009,"December",2009-12-01,"0"
"1144","Chhattisgarh","Kanker",2009,"December",2009-12-01,"0"
"1145","Chhattisgarh","Korba",2009,"December",2009-12-01,"0"
"1146","Chhattisgarh","Koriya",2009,"December",2009-12-01,"0"
"1147","Chhattisgarh","Kowardha",2009,"December",2009-12-01,"0"
"1148","Chhattisgarh","Mahasamund",2009,"December",2009-12-01,"0"
"1149","Chhattisgarh","Raigarh",2009,"December",2009-12-01,"0"
"1150","Chhattisgarh","Raipur",2009,"December",2009-12-01,"0.3"
"1151","Chhattisgarh","Rajnandgaon",2009,"December",2009-12-01,"0.6"
"1152","Chhattisgarh","Surguja",2009,"December",2009-12-01,"0"
"1153","Chhattisgarh","Bastar",2010,"January",2010-01-01,"6.1"
"1154","Chhattisgarh","Bilaspur",2010,"January",2010-01-01,"3.3"
"1155","Chhattisgarh","Dantewara",2010,"January",2010-01-01,"17.2"
"1156","Chhattisgarh","Dhamtari",2010,"January",2010-01-01,"4"
"1157","Chhattisgarh","Durg",2010,"January",2010-01-01,"6.2"
"1158","Chhattisgarh","Janjgir",2010,"January",2010-01-01,"0"
"1159","Chhattisgarh","Jashpur",2010,"January",2010-01-01,"0"
"1160","Chhattisgarh","Kanker",2010,"January",2010-01-01,"30.6"
"1161","Chhattisgarh","Korba",2010,"January",2010-01-01,"0"
"1162","Chhattisgarh","Koriya",2010,"January",2010-01-01,"0"
"1163","Chhattisgarh","Kowardha",2010,"January",2010-01-01,"0"
"1164","Chhattisgarh","Mahasamund",2010,"January",2010-01-01,"0"
"1165","Chhattisgarh","Raigarh",2010,"January",2010-01-01,"0"
"1166","Chhattisgarh","Raipur",2010,"January",2010-01-01,"3.4"
"1167","Chhattisgarh","Rajnandgaon",2010,"January",2010-01-01,"3.8"
"1168","Chhattisgarh","Surguja",2010,"January",2010-01-01,"0"
"1169","Chhattisgarh","Bastar",2010,"February",2010-02-01,"3.1"
"1170","Chhattisgarh","Bilaspur",2010,"February",2010-02-01,"3.5"
"1171","Chhattisgarh","Dantewara",2010,"February",2010-02-01,"0"
"1172","Chhattisgarh","Dhamtari",2010,"February",2010-02-01,"0"
"1173","Chhattisgarh","Durg",2010,"February",2010-02-01,"0"
"1174","Chhattisgarh","Janjgir",2010,"February",2010-02-01,"1.1"
"1175","Chhattisgarh","Jashpur",2010,"February",2010-02-01,"0"
"1176","Chhattisgarh","Kanker",2010,"February",2010-02-01,"0.2"
"1177","Chhattisgarh","Korba",2010,"February",2010-02-01,"0"
"1178","Chhattisgarh","Koriya",2010,"February",2010-02-01,"1.7"
"1179","Chhattisgarh","Kowardha",2010,"February",2010-02-01,"15"
"1180","Chhattisgarh","Mahasamund",2010,"February",2010-02-01,"0.1"
"1181","Chhattisgarh","Raigarh",2010,"February",2010-02-01,"0"
"1182","Chhattisgarh","Raipur",2010,"February",2010-02-01,"1"
"1183","Chhattisgarh","Rajnandgaon",2010,"February",2010-02-01,"1.5"
"1184","Chhattisgarh","Surguja",2010,"February",2010-02-01,"10.9"
"1185","Chhattisgarh","Bastar",2010,"March",2010-03-01,"10.1"
"1186","Chhattisgarh","Bilaspur",2010,"March",2010-03-01,"0.1"
"1187","Chhattisgarh","Dantewara",2010,"March",2010-03-01,"0"
"1188","Chhattisgarh","Dhamtari",2010,"March",2010-03-01,"0"
"1189","Chhattisgarh","Durg",2010,"March",2010-03-01,"0"
"1190","Chhattisgarh","Janjgir",2010,"March",2010-03-01,"0"
"1191","Chhattisgarh","Jashpur",2010,"March",2010-03-01,"0"
"1192","Chhattisgarh","Kanker",2010,"March",2010-03-01,"0"
"1193","Chhattisgarh","Korba",2010,"March",2010-03-01,"0"
"1194","Chhattisgarh","Koriya",2010,"March",2010-03-01,"0"
"1195","Chhattisgarh","Kowardha",2010,"March",2010-03-01,"0"
"1196","Chhattisgarh","Mahasamund",2010,"March",2010-03-01,"0"
"1197","Chhattisgarh","Raigarh",2010,"March",2010-03-01,"0"
"1198","Chhattisgarh","Raipur",2010,"March",2010-03-01,"0"
"1199","Chhattisgarh","Rajnandgaon",2010,"March",2010-03-01,"0"
"1200","Chhattisgarh","Surguja",2010,"March",2010-03-01,"0"
"1201","Chhattisgarh","Bastar",2010,"April",2010-04-01,"36"
"1202","Chhattisgarh","Bilaspur",2010,"April",2010-04-01,"6.3"
"1203","Chhattisgarh","Dantewara",2010,"April",2010-04-01,"3"
"1204","Chhattisgarh","Dhamtari",2010,"April",2010-04-01,"0"
"1205","Chhattisgarh","Durg",2010,"April",2010-04-01,"0"
"1206","Chhattisgarh","Janjgir",2010,"April",2010-04-01,"0"
"1207","Chhattisgarh","Jashpur",2010,"April",2010-04-01,"0"
"1208","Chhattisgarh","Kanker",2010,"April",2010-04-01,"0"
"1209","Chhattisgarh","Korba",2010,"April",2010-04-01,"0"
"1210","Chhattisgarh","Koriya",2010,"April",2010-04-01,"0"
"1211","Chhattisgarh","Kowardha",2010,"April",2010-04-01,"0"
"1212","Chhattisgarh","Mahasamund",2010,"April",2010-04-01,"0"
"1213","Chhattisgarh","Raigarh",2010,"April",2010-04-01,"0"
"1214","Chhattisgarh","Raipur",2010,"April",2010-04-01,"1.7"
"1215","Chhattisgarh","Rajnandgaon",2010,"April",2010-04-01,"0"
"1216","Chhattisgarh","Surguja",2010,"April",2010-04-01,"0"
"1217","Chhattisgarh","Bastar",2010,"May",2010-05-01,"38.2"
"1218","Chhattisgarh","Bilaspur",2010,"May",2010-05-01,"19.6"
"1219","Chhattisgarh","Dantewara",2010,"May",2010-05-01,"0"
"1220","Chhattisgarh","Dhamtari",2010,"May",2010-05-01,"3.8"
"1221","Chhattisgarh","Durg",2010,"May",2010-05-01,"7.7"
"1222","Chhattisgarh","Janjgir",2010,"May",2010-05-01,"1.2"
"1223","Chhattisgarh","Jashpur",2010,"May",2010-05-01,"0"
"1224","Chhattisgarh","Kanker",2010,"May",2010-05-01,"0"
"1225","Chhattisgarh","Korba",2010,"May",2010-05-01,"0"
"1226","Chhattisgarh","Koriya",2010,"May",2010-05-01,"0"
"1227","Chhattisgarh","Kowardha",2010,"May",2010-05-01,"0"
"1228","Chhattisgarh","Mahasamund",2010,"May",2010-05-01,"0"
"1229","Chhattisgarh","Raigarh",2010,"May",2010-05-01,"0"
"1230","Chhattisgarh","Raipur",2010,"May",2010-05-01,"5"
"1231","Chhattisgarh","Rajnandgaon",2010,"May",2010-05-01,"1.4"
"1232","Chhattisgarh","Surguja",2010,"May",2010-05-01,"9"
"1233","Chhattisgarh","Bastar",2010,"June",2010-06-01,"133.1"
"1234","Chhattisgarh","Bilaspur",2010,"June",2010-06-01,"51.5"
"1235","Chhattisgarh","Dantewara",2010,"June",2010-06-01,"117.7"
"1236","Chhattisgarh","Dhamtari",2010,"June",2010-06-01,"70.2"
"1237","Chhattisgarh","Durg",2010,"June",2010-06-01,"146.4"
"1238","Chhattisgarh","Janjgir",2010,"June",2010-06-01,"21.9"
"1239","Chhattisgarh","Jashpur",2010,"June",2010-06-01,"86.5"
"1240","Chhattisgarh","Kanker",2010,"June",2010-06-01,"76"
"1241","Chhattisgarh","Korba",2010,"June",2010-06-01,"36.3"
"1242","Chhattisgarh","Koriya",2010,"June",2010-06-01,"18.3"
"1243","Chhattisgarh","Kowardha",2010,"June",2010-06-01,"53"
"1244","Chhattisgarh","Mahasamund",2010,"June",2010-06-01,"182"
"1245","Chhattisgarh","Raigarh",2010,"June",2010-06-01,"117.1"
"1246","Chhattisgarh","Raipur",2010,"June",2010-06-01,"53.8"
"1247","Chhattisgarh","Rajnandgaon",2010,"June",2010-06-01,"149.4"
"1248","Chhattisgarh","Surguja",2010,"June",2010-06-01,"51.6"
"1249","Chhattisgarh","Bastar",2010,"July",2010-07-01,"422.7"
"1250","Chhattisgarh","Bilaspur",2010,"July",2010-07-01,"300.3"
"1251","Chhattisgarh","Dantewara",2010,"July",2010-07-01,"524.4"
"1252","Chhattisgarh","Dhamtari",2010,"July",2010-07-01,"432.4"
"1253","Chhattisgarh","Durg",2010,"July",2010-07-01,"391.3"
"1254","Chhattisgarh","Janjgir",2010,"July",2010-07-01,"441.1"
"1255","Chhattisgarh","Jashpur",2010,"July",2010-07-01,"368.1"
"1256","Chhattisgarh","Kanker",2010,"July",2010-07-01,"414.6"
"1257","Chhattisgarh","Korba",2010,"July",2010-07-01,"471.6"
"1258","Chhattisgarh","Koriya",2010,"July",2010-07-01,"368.2"
"1259","Chhattisgarh","Kowardha",2010,"July",2010-07-01,"544"
"1260","Chhattisgarh","Mahasamund",2010,"July",2010-07-01,"513"
"1261","Chhattisgarh","Raigarh",2010,"July",2010-07-01,"319.5"
"1262","Chhattisgarh","Raipur",2010,"July",2010-07-01,"462.4"
"1263","Chhattisgarh","Rajnandgaon",2010,"July",2010-07-01,"438"
"1264","Chhattisgarh","Surguja",2010,"July",2010-07-01,"216"
"1265","Chhattisgarh","Bastar",2010,"August",2010-08-01,"436.8"
"1266","Chhattisgarh","Bilaspur",2010,"August",2010-08-01,"250.5"
"1267","Chhattisgarh","Dantewara",2010,"August",2010-08-01,"457.7"
"1268","Chhattisgarh","Dhamtari",2010,"August",2010-08-01,"202.5"
"1269","Chhattisgarh","Durg",2010,"August",2010-08-01,"276.6"
"1270","Chhattisgarh","Janjgir",2010,"August",2010-08-01,"377.6"
"1271","Chhattisgarh","Jashpur",2010,"August",2010-08-01,"263.2"
"1272","Chhattisgarh","Kanker",2010,"August",2010-08-01,"484.2"
"1273","Chhattisgarh","Korba",2010,"August",2010-08-01,"328.5"
"1274","Chhattisgarh","Koriya",2010,"August",2010-08-01,"218"
"1275","Chhattisgarh","Kowardha",2010,"August",2010-08-01,"272"
"1276","Chhattisgarh","Mahasamund",2010,"August",2010-08-01,"197.4"
"1277","Chhattisgarh","Raigarh",2010,"August",2010-08-01,"251.4"
"1278","Chhattisgarh","Raipur",2010,"August",2010-08-01,"225"
"1279","Chhattisgarh","Rajnandgaon",2010,"August",2010-08-01,"309.1"
"1280","Chhattisgarh","Surguja",2010,"August",2010-08-01,"102.4"
"1281","Chhattisgarh","Bastar",2010,"September",2010-09-01,"320.1"
"1282","Chhattisgarh","Bilaspur",2010,"September",2010-09-01,"273.7"
"1283","Chhattisgarh","Dantewara",2010,"September",2010-09-01,"356.4"
"1284","Chhattisgarh","Dhamtari",2010,"September",2010-09-01,"347.8"
"1285","Chhattisgarh","Durg",2010,"September",2010-09-01,"279.8"
"1286","Chhattisgarh","Janjgir",2010,"September",2010-09-01,"276"
"1287","Chhattisgarh","Jashpur",2010,"September",2010-09-01,"274.9"
"1288","Chhattisgarh","Kanker",2010,"September",2010-09-01,"325.3"
"1289","Chhattisgarh","Korba",2010,"September",2010-09-01,"207.3"
"1290","Chhattisgarh","Koriya",2010,"September",2010-09-01,"75.8"
"1291","Chhattisgarh","Kowardha",2010,"September",2010-09-01,"276"
"1292","Chhattisgarh","Mahasamund",2010,"September",2010-09-01,"189.1"
"1293","Chhattisgarh","Raigarh",2010,"September",2010-09-01,"251.2"
"1294","Chhattisgarh","Raipur",2010,"September",2010-09-01,"273.8"
"1295","Chhattisgarh","Rajnandgaon",2010,"September",2010-09-01,"269.4"
"1296","Chhattisgarh","Surguja",2010,"September",2010-09-01,"154.3"
"1297","Chhattisgarh","Bastar",2010,"October",2010-10-01,"151.5"
"1298","Chhattisgarh","Bilaspur",2010,"October",2010-10-01,"36.4"
"1299","Chhattisgarh","Dantewara",2010,"October",2010-10-01,"72"
"1300","Chhattisgarh","Dhamtari",2010,"October",2010-10-01,"112"
"1301","Chhattisgarh","Durg",2010,"October",2010-10-01,"11.1"
"1302","Chhattisgarh","Janjgir",2010,"October",2010-10-01,"51.4"
"1303","Chhattisgarh","Jashpur",2010,"October",2010-10-01,"68.7"
"1304","Chhattisgarh","Kanker",2010,"October",2010-10-01,"98.7"
"1305","Chhattisgarh","Korba",2010,"October",2010-10-01,"26.7"
"1306","Chhattisgarh","Koriya",2010,"October",2010-10-01,"12"
"1307","Chhattisgarh","Kowardha",2010,"October",2010-10-01,"40.5"
"1308","Chhattisgarh","Mahasamund",2010,"October",2010-10-01,"23.4"
"1309","Chhattisgarh","Raigarh",2010,"October",2010-10-01,"21.3"
"1310","Chhattisgarh","Raipur",2010,"October",2010-10-01,"47.7"
"1311","Chhattisgarh","Rajnandgaon",2010,"October",2010-10-01,"24.8"
"1312","Chhattisgarh","Surguja",2010,"October",2010-10-01,"22.8"
"1313","Chhattisgarh","Bastar",2010,"November",2010-11-01,"35.4"
"1314","Chhattisgarh","Bilaspur",2010,"November",2010-11-01,"7.3"
"1315","Chhattisgarh","Dantewara",2010,"November",2010-11-01,"40"
"1316","Chhattisgarh","Dhamtari",2010,"November",2010-11-01,"20.5"
"1317","Chhattisgarh","Durg",2010,"November",2010-11-01,"18.2"
"1318","Chhattisgarh","Janjgir",2010,"November",2010-11-01,"0"
"1319","Chhattisgarh","Jashpur",2010,"November",2010-11-01,"19.5"
"1320","Chhattisgarh","Kanker",2010,"November",2010-11-01,"0"
"1321","Chhattisgarh","Korba",2010,"November",2010-11-01,"6.7"
"1322","Chhattisgarh","Koriya",2010,"November",2010-11-01,"0"
"1323","Chhattisgarh","Kowardha",2010,"November",2010-11-01,"8.5"
"1324","Chhattisgarh","Mahasamund",2010,"November",2010-11-01,"4.4"
"1325","Chhattisgarh","Raigarh",2010,"November",2010-11-01,"7.3"
"1326","Chhattisgarh","Raipur",2010,"November",2010-11-01,"23.3"
"1327","Chhattisgarh","Rajnandgaon",2010,"November",2010-11-01,"8"
"1328","Chhattisgarh","Surguja",2010,"November",2010-11-01,"6.4"
"1329","Chhattisgarh","Bastar",2010,"December",2010-12-01,"30.1"
"1330","Chhattisgarh","Bilaspur",2010,"December",2010-12-01,"21.4"
"1331","Chhattisgarh","Dantewara",2010,"December",2010-12-01,"42.8"
"1332","Chhattisgarh","Dhamtari",2010,"December",2010-12-01,"17.9"
"1333","Chhattisgarh","Durg",2010,"December",2010-12-01,"12.4"
"1334","Chhattisgarh","Janjgir",2010,"December",2010-12-01,"42.3"
"1335","Chhattisgarh","Jashpur",2010,"December",2010-12-01,"53"
"1336","Chhattisgarh","Kanker",2010,"December",2010-12-01,"51.2"
"1337","Chhattisgarh","Korba",2010,"December",2010-12-01,"16"
"1338","Chhattisgarh","Koriya",2010,"December",2010-12-01,"8.2"
"1339","Chhattisgarh","Kowardha",2010,"December",2010-12-01,"16"
"1340","Chhattisgarh","Mahasamund",2010,"December",2010-12-01,"20.6"
"1341","Chhattisgarh","Raigarh",2010,"December",2010-12-01,"20.5"
"1342","Chhattisgarh","Raipur",2010,"December",2010-12-01,"12"
"1343","Chhattisgarh","Rajnandgaon",2010,"December",2010-12-01,"16.5"
"1344","Chhattisgarh","Surguja",2010,"December",2010-12-01,"23.3"
