"Sr.No","State","District","Year","Month","Date","Value"
"1","Haryana","Ambala",2004,"January",2004-01-01,"74.5"
"2","Haryana","Bhiwani",2004,"January",2004-01-01,"12.6"
"3","Haryana","Faridabad",2004,"January",2004-01-01,"19.5"
"4","Haryana","Fatehabad",2004,"January",2004-01-01,"15.5"
"5","Haryana","Gurgaon",2004,"January",2004-01-01,"16"
"6","Haryana","Hissar",2004,"January",2004-01-01,"11.5"
"7","Haryana","Jhajjar",2004,"January",2004-01-01,"28"
"8","Haryana","Jind",2004,"January",2004-01-01,"22.9"
"9","Haryana","Kaithal",2004,"January",2004-01-01,"53"
"10","Haryana","Karnal",2004,"January",2004-01-01,"65.4"
"11","Haryana","Kurukshetra",2004,"January",2004-01-01,"62.6"
"12","Haryana","Mahendragarh",2004,"January",2004-01-01,"2.9"
"13","Haryana","Panchkula",2004,"January",2004-01-01,"98.7"
"14","Haryana","Panipat",2004,"January",2004-01-01,"49"
"15","Haryana","Rewari",2004,"January",2004-01-01,"19"
"16","Haryana","Rohtak",2004,"January",2004-01-01,"18.3"
"17","Haryana","Sirsa",2004,"January",2004-01-01,"7.6"
"18","Haryana","Sonepat",2004,"January",2004-01-01,"26.6"
"19","Haryana","Yamunanagar",2004,"January",2004-01-01,"87.5"
"20","Haryana","Ambala",2004,"February",2004-02-01,"0"
"21","Haryana","Bhiwani",2004,"February",2004-02-01,"0"
"22","Haryana","Faridabad",2004,"February",2004-02-01,"0"
"23","Haryana","Fatehabad",2004,"February",2004-02-01,"2"
"24","Haryana","Gurgaon",2004,"February",2004-02-01,"0"
"25","Haryana","Hissar",2004,"February",2004-02-01,"0.9"
"26","Haryana","Jhajjar",2004,"February",2004-02-01,"0"
"27","Haryana","Jind",2004,"February",2004-02-01,"5"
"28","Haryana","Kaithal",2004,"February",2004-02-01,"0"
"29","Haryana","Karnal",2004,"February",2004-02-01,"0"
"30","Haryana","Kurukshetra",2004,"February",2004-02-01,"0"
"31","Haryana","Mahendragarh",2004,"February",2004-02-01,"0"
"32","Haryana","Panchkula",2004,"February",2004-02-01,"0"
"33","Haryana","Panipat",2004,"February",2004-02-01,"0"
"34","Haryana","Rewari",2004,"February",2004-02-01,"0"
"35","Haryana","Rohtak",2004,"February",2004-02-01,"0"
"36","Haryana","Sirsa",2004,"February",2004-02-01,"2.8"
"37","Haryana","Sonepat",2004,"February",2004-02-01,"0"
"38","Haryana","Yamunanagar",2004,"February",2004-02-01,"0"
"39","Haryana","Ambala",2004,"March",2004-03-01,"0"
"40","Haryana","Bhiwani",2004,"March",2004-03-01,"0"
"41","Haryana","Faridabad",2004,"March",2004-03-01,"0"
"42","Haryana","Fatehabad",2004,"March",2004-03-01,"0"
"43","Haryana","Gurgaon",2004,"March",2004-03-01,"0"
"44","Haryana","Hissar",2004,"March",2004-03-01,"0"
"45","Haryana","Jhajjar",2004,"March",2004-03-01,"0"
"46","Haryana","Jind",2004,"March",2004-03-01,"0"
"47","Haryana","Kaithal",2004,"March",2004-03-01,"0"
"48","Haryana","Karnal",2004,"March",2004-03-01,"0"
"49","Haryana","Kurukshetra",2004,"March",2004-03-01,"0"
"50","Haryana","Mahendragarh",2004,"March",2004-03-01,"0"
"51","Haryana","Panchkula",2004,"March",2004-03-01,"0"
"52","Haryana","Panipat",2004,"March",2004-03-01,"0"
"53","Haryana","Rewari",2004,"March",2004-03-01,"0"
"54","Haryana","Rohtak",2004,"March",2004-03-01,"0"
"55","Haryana","Sirsa",2004,"March",2004-03-01,"0"
"56","Haryana","Sonepat",2004,"March",2004-03-01,"0"
"57","Haryana","Yamunanagar",2004,"March",2004-03-01,"0"
"58","Haryana","Ambala",2004,"April",2004-04-01,"26.3"
"59","Haryana","Bhiwani",2004,"April",2004-04-01,"14.6"
"60","Haryana","Faridabad",2004,"April",2004-04-01,"49.5"
"61","Haryana","Fatehabad",2004,"April",2004-04-01,"12"
"62","Haryana","Gurgaon",2004,"April",2004-04-01,"20.1"
"63","Haryana","Hissar",2004,"April",2004-04-01,"16.2"
"64","Haryana","Jhajjar",2004,"April",2004-04-01,"23"
"65","Haryana","Jind",2004,"April",2004-04-01,"42"
"66","Haryana","Kaithal",2004,"April",2004-04-01,"52.5"
"67","Haryana","Karnal",2004,"April",2004-04-01,"32.6"
"68","Haryana","Kurukshetra",2004,"April",2004-04-01,"45.5"
"69","Haryana","Mahendragarh",2004,"April",2004-04-01,"13"
"70","Haryana","Panchkula",2004,"April",2004-04-01,"0"
"71","Haryana","Panipat",2004,"April",2004-04-01,"10"
"72","Haryana","Rewari",2004,"April",2004-04-01,"6"
"73","Haryana","Rohtak",2004,"April",2004-04-01,"20.3"
"74","Haryana","Sirsa",2004,"April",2004-04-01,"2.5"
"75","Haryana","Sonepat",2004,"April",2004-04-01,"12.5"
"76","Haryana","Yamunanagar",2004,"April",2004-04-01,"47.7"
"77","Haryana","Ambala",2004,"May",2004-05-01,"75.2"
"78","Haryana","Bhiwani",2004,"May",2004-05-01,"30.2"
"79","Haryana","Faridabad",2004,"May",2004-05-01,"30.8"
"80","Haryana","Fatehabad",2004,"May",2004-05-01,"40"
"81","Haryana","Gurgaon",2004,"May",2004-05-01,"5"
"82","Haryana","Hissar",2004,"May",2004-05-01,"38.3"
"83","Haryana","Jhajjar",2004,"May",2004-05-01,"73.4"
"84","Haryana","Jind",2004,"May",2004-05-01,"54"
"85","Haryana","Kaithal",2004,"May",2004-05-01,"88"
"86","Haryana","Karnal",2004,"May",2004-05-01,"78.4"
"87","Haryana","Kurukshetra",2004,"May",2004-05-01,"14"
"88","Haryana","Mahendragarh",2004,"May",2004-05-01,"11.8"
"89","Haryana","Panchkula",2004,"May",2004-05-01,"6"
"90","Haryana","Panipat",2004,"May",2004-05-01,"26"
"91","Haryana","Rewari",2004,"May",2004-05-01,"38"
"92","Haryana","Rohtak",2004,"May",2004-05-01,"36.8"
"93","Haryana","Sirsa",2004,"May",2004-05-01,"51.1"
"94","Haryana","Sonepat",2004,"May",2004-05-01,"51.8"
"95","Haryana","Yamunanagar",2004,"May",2004-05-01,"57.5"
"96","Haryana","Ambala",2004,"June",2004-06-01,"146"
"97","Haryana","Bhiwani",2004,"June",2004-06-01,"42.8"
"98","Haryana","Faridabad",2004,"June",2004-06-01,"63.5"
"99","Haryana","Fatehabad",2004,"June",2004-06-01,"80"
"100","Haryana","Gurgaon",2004,"June",2004-06-01,"73.3"
"101","Haryana","Hissar",2004,"June",2004-06-01,"41.6"
"102","Haryana","Jhajjar",2004,"June",2004-06-01,"72.5"
"103","Haryana","Jind",2004,"June",2004-06-01,"79.8"
"104","Haryana","Kaithal",2004,"June",2004-06-01,"165"
"105","Haryana","Karnal",2004,"June",2004-06-01,"49.2"
"106","Haryana","Kurukshetra",2004,"June",2004-06-01,"72.5"
"107","Haryana","Mahendragarh",2004,"June",2004-06-01,"7.4"
"108","Haryana","Panchkula",2004,"June",2004-06-01,"18"
"109","Haryana","Panipat",2004,"June",2004-06-01,"37"
"110","Haryana","Rewari",2004,"June",2004-06-01,"4.5"
"111","Haryana","Rohtak",2004,"June",2004-06-01,"30.5"
"112","Haryana","Sirsa",2004,"June",2004-06-01,"99.1"
"113","Haryana","Sonepat",2004,"June",2004-06-01,"41.8"
"114","Haryana","Yamunanagar",2004,"June",2004-06-01,"75"
"115","Haryana","Ambala",2004,"July",2004-07-01,"89.7"
"116","Haryana","Bhiwani",2004,"July",2004-07-01,"13.3"
"117","Haryana","Faridabad",2004,"July",2004-07-01,"21.4"
"118","Haryana","Fatehabad",2004,"July",2004-07-01,"0"
"119","Haryana","Gurgaon",2004,"July",2004-07-01,"43.3"
"120","Haryana","Hissar",2004,"July",2004-07-01,"3"
"121","Haryana","Jhajjar",2004,"July",2004-07-01,"31"
"122","Haryana","Jind",2004,"July",2004-07-01,"5.1"
"123","Haryana","Kaithal",2004,"July",2004-07-01,"3"
"124","Haryana","Karnal",2004,"July",2004-07-01,"17.5"
"125","Haryana","Kurukshetra",2004,"July",2004-07-01,"19"
"126","Haryana","Mahendragarh",2004,"July",2004-07-01,"5.9"
"127","Haryana","Panchkula",2004,"July",2004-07-01,"101"
"128","Haryana","Panipat",2004,"July",2004-07-01,"18"
"129","Haryana","Rewari",2004,"July",2004-07-01,"10"
"130","Haryana","Rohtak",2004,"July",2004-07-01,"0"
"131","Haryana","Sirsa",2004,"July",2004-07-01,"1.7"
"132","Haryana","Sonepat",2004,"July",2004-07-01,"10"
"133","Haryana","Yamunanagar",2004,"July",2004-07-01,"107.8"
"134","Haryana","Ambala",2004,"August",2004-08-01,"607.4"
"135","Haryana","Bhiwani",2004,"August",2004-08-01,"235.8"
"136","Haryana","Faridabad",2004,"August",2004-08-01,"293.5"
"137","Haryana","Fatehabad",2004,"August",2004-08-01,"103.3"
"138","Haryana","Gurgaon",2004,"August",2004-08-01,"267.4"
"139","Haryana","Hissar",2004,"August",2004-08-01,"138.3"
"140","Haryana","Jhajjar",2004,"August",2004-08-01,"203.5"
"141","Haryana","Jind",2004,"August",2004-08-01,"322.3"
"142","Haryana","Kaithal",2004,"August",2004-08-01,"340.3"
"143","Haryana","Karnal",2004,"August",2004-08-01,"282.9"
"144","Haryana","Kurukshetra",2004,"August",2004-08-01,"264"
"145","Haryana","Mahendragarh",2004,"August",2004-08-01,"172.9"
"146","Haryana","Panchkula",2004,"August",2004-08-01,"467.5"
"147","Haryana","Panipat",2004,"August",2004-08-01,"317.3"
"148","Haryana","Rewari",2004,"August",2004-08-01,"284.2"
"149","Haryana","Rohtak",2004,"August",2004-08-01,"242"
"150","Haryana","Sirsa",2004,"August",2004-08-01,"52.2"
"151","Haryana","Sonepat",2004,"August",2004-08-01,"342.5"
"152","Haryana","Yamunanagar",2004,"August",2004-08-01,"319.3"
"153","Haryana","Ambala",2004,"September",2004-09-01,"93.2"
"154","Haryana","Bhiwani",2004,"September",2004-09-01,"11"
"155","Haryana","Faridabad",2004,"September",2004-09-01,"0"
"156","Haryana","Fatehabad",2004,"September",2004-09-01,"19.8"
"157","Haryana","Gurgaon",2004,"September",2004-09-01,"19.6"
"158","Haryana","Hissar",2004,"September",2004-09-01,"14.9"
"159","Haryana","Jhajjar",2004,"September",2004-09-01,"0"
"160","Haryana","Jind",2004,"September",2004-09-01,"10.8"
"161","Haryana","Kaithal",2004,"September",2004-09-01,"N.A."
"162","Haryana","Karnal",2004,"September",2004-09-01,"58.6"
"163","Haryana","Kurukshetra",2004,"September",2004-09-01,"51"
"164","Haryana","Mahendragarh",2004,"September",2004-09-01,"0"
"165","Haryana","Panchkula",2004,"September",2004-09-01,"123"
"166","Haryana","Panipat",2004,"September",2004-09-01,"71"
"167","Haryana","Rewari",2004,"September",2004-09-01,"26.1"
"168","Haryana","Rohtak",2004,"September",2004-09-01,"0"
"169","Haryana","Sirsa",2004,"September",2004-09-01,"1.2"
"170","Haryana","Sonepat",2004,"September",2004-09-01,"16.3"
"171","Haryana","Yamunanagar",2004,"September",2004-09-01,"34.4"
"172","Haryana","Ambala",2004,"October",2004-10-01,"88.5"
"173","Haryana","Bhiwani",2004,"October",2004-10-01,"65.3"
"174","Haryana","Faridabad",2004,"October",2004-10-01,"156.3"
"175","Haryana","Fatehabad",2004,"October",2004-10-01,"12"
"176","Haryana","Gurgaon",2004,"October",2004-10-01,"113.5"
"177","Haryana","Hissar",2004,"October",2004-10-01,"34.2"
"178","Haryana","Jhajjar",2004,"October",2004-10-01,"42"
"179","Haryana","Jind",2004,"October",2004-10-01,"91"
"180","Haryana","Kaithal",2004,"October",2004-10-01,"9"
"181","Haryana","Karnal",2004,"October",2004-10-01,"41.2"
"182","Haryana","Kurukshetra",2004,"October",2004-10-01,"31"
"183","Haryana","Mahendragarh",2004,"October",2004-10-01,"50.5"
"184","Haryana","Panchkula",2004,"October",2004-10-01,"97"
"185","Haryana","Panipat",2004,"October",2004-10-01,"31"
"186","Haryana","Rewari",2004,"October",2004-10-01,"29"
"187","Haryana","Rohtak",2004,"October",2004-10-01,"52.5"
"188","Haryana","Sirsa",2004,"October",2004-10-01,"24.9"
"189","Haryana","Sonepat",2004,"October",2004-10-01,"102.1"
"190","Haryana","Yamunanagar",2004,"October",2004-10-01,"9"
"191","Haryana","Ambala",2004,"November",2004-11-01,"0"
"192","Haryana","Bhiwani",2004,"November",2004-11-01,"0"
"193","Haryana","Faridabad",2004,"November",2004-11-01,"0"
"194","Haryana","Fatehabad",2004,"November",2004-11-01,"0"
"195","Haryana","Gurgaon",2004,"November",2004-11-01,"0"
"196","Haryana","Hissar",2004,"November",2004-11-01,"0"
"197","Haryana","Jhajjar",2004,"November",2004-11-01,"0"
"198","Haryana","Jind",2004,"November",2004-11-01,"1"
"199","Haryana","Kaithal",2004,"November",2004-11-01,"25"
"200","Haryana","Karnal",2004,"November",2004-11-01,"0"
"201","Haryana","Kurukshetra",2004,"November",2004-11-01,"0"
"202","Haryana","Mahendragarh",2004,"November",2004-11-01,"0"
"203","Haryana","Panchkula",2004,"November",2004-11-01,"0"
"204","Haryana","Panipat",2004,"November",2004-11-01,"0"
"205","Haryana","Rewari",2004,"November",2004-11-01,"0"
"206","Haryana","Rohtak",2004,"November",2004-11-01,"0"
"207","Haryana","Sirsa",2004,"November",2004-11-01,"0"
"208","Haryana","Sonepat",2004,"November",2004-11-01,"0"
"209","Haryana","Yamunanagar",2004,"November",2004-11-01,"0"
"210","Haryana","Ambala",2004,"December",2004-12-01,"2.1"
"211","Haryana","Bhiwani",2004,"December",2004-12-01,"1.1"
"212","Haryana","Faridabad",2004,"December",2004-12-01,"0"
"213","Haryana","Fatehabad",2004,"December",2004-12-01,"1"
"214","Haryana","Gurgaon",2004,"December",2004-12-01,"0"
"215","Haryana","Hissar",2004,"December",2004-12-01,"2"
"216","Haryana","Jhajjar",2004,"December",2004-12-01,"0"
"217","Haryana","Jind",2004,"December",2004-12-01,"0.8"
"218","Haryana","Kaithal",2004,"December",2004-12-01,"0"
"219","Haryana","Karnal",2004,"December",2004-12-01,"4.5"
"220","Haryana","Kurukshetra",2004,"December",2004-12-01,"5"
"221","Haryana","Mahendragarh",2004,"December",2004-12-01,"0"
"222","Haryana","Panchkula",2004,"December",2004-12-01,"0"
"223","Haryana","Panipat",2004,"December",2004-12-01,"1"
"224","Haryana","Rewari",2004,"December",2004-12-01,"0"
"225","Haryana","Rohtak",2004,"December",2004-12-01,"0"
"226","Haryana","Sirsa",2004,"December",2004-12-01,"3.1"
"227","Haryana","Sonepat",2004,"December",2004-12-01,"0.3"
"228","Haryana","Yamunanagar",2004,"December",2004-12-01,"4"
"229","Haryana","Ambala",2005,"January",2005-01-01,"31.4"
"230","Haryana","Bhiwani",2005,"January",2005-01-01,"12.1"
"231","Haryana","Faridabad",2005,"January",2005-01-01,"15.1"
"232","Haryana","Fatehabad",2005,"January",2005-01-01,"18"
"233","Haryana","Gurgaon",2005,"January",2005-01-01,"2.5"
"234","Haryana","Hissar",2005,"January",2005-01-01,"21.4"
"235","Haryana","Jhajjar",2005,"January",2005-01-01,"10"
"236","Haryana","Jind",2005,"January",2005-01-01,"26.7"
"237","Haryana","Kaithal",2005,"January",2005-01-01,"16"
"238","Haryana","Karnal",2005,"January",2005-01-01,"37.2"
"239","Haryana","Kurukshetra",2005,"January",2005-01-01,"36"
"240","Haryana","Mahendragarh",2005,"January",2005-01-01,"6.2"
"241","Haryana","Panchkula",2005,"January",2005-01-01,"N.A."
"242","Haryana","Panipat",2005,"January",2005-01-01,"17"
"243","Haryana","Rewari",2005,"January",2005-01-01,"0"
"244","Haryana","Rohtak",2005,"January",2005-01-01,"10.2"
"245","Haryana","Sirsa",2005,"January",2005-01-01,"15"
"246","Haryana","Sonepat",2005,"January",2005-01-01,"13.5"
"247","Haryana","Yamunanagar",2005,"January",2005-01-01,"34.5"
"248","Haryana","Ambala",2005,"February",2005-02-01,"47.3"
"249","Haryana","Bhiwani",2005,"February",2005-02-01,"45.5"
"250","Haryana","Faridabad",2005,"February",2005-02-01,"33.2"
"251","Haryana","Fatehabad",2005,"February",2005-02-01,"29.8"
"252","Haryana","Gurgaon",2005,"February",2005-02-01,"47"
"253","Haryana","Hissar",2005,"February",2005-02-01,"49.1"
"254","Haryana","Jhajjar",2005,"February",2005-02-01,"47.5"
"255","Haryana","Jind",2005,"February",2005-02-01,"24.7"
"256","Haryana","Kaithal",2005,"February",2005-02-01,"35"
"257","Haryana","Karnal",2005,"February",2005-02-01,"34.3"
"258","Haryana","Kurukshetra",2005,"February",2005-02-01,"32.5"
"259","Haryana","Mahendragarh",2005,"February",2005-02-01,"29.3"
"260","Haryana","Panchkula",2005,"February",2005-02-01,"25"
"261","Haryana","Panipat",2005,"February",2005-02-01,"13"
"262","Haryana","Rewari",2005,"February",2005-02-01,"80"
"263","Haryana","Rohtak",2005,"February",2005-02-01,"34.6"
"264","Haryana","Sirsa",2005,"February",2005-02-01,"33.4"
"265","Haryana","Sonepat",2005,"February",2005-02-01,"34"
"266","Haryana","Yamunanagar",2005,"February",2005-02-01,"48.5"
"267","Haryana","Ambala",2005,"March",2005-03-01,"36.2"
"268","Haryana","Bhiwani",2005,"March",2005-03-01,"46.8"
"269","Haryana","Faridabad",2005,"March",2005-03-01,"32.3"
"270","Haryana","Fatehabad",2005,"March",2005-03-01,"37.5"
"271","Haryana","Gurgaon",2005,"March",2005-03-01,"13.6"
"272","Haryana","Hissar",2005,"March",2005-03-01,"46.1"
"273","Haryana","Jhajjar",2005,"March",2005-03-01,"30.5"
"274","Haryana","Jind",2005,"March",2005-03-01,"59.5"
"275","Haryana","Kaithal",2005,"March",2005-03-01,"55"
"276","Haryana","Karnal",2005,"March",2005-03-01,"36.2"
"277","Haryana","Kurukshetra",2005,"March",2005-03-01,"57"
"278","Haryana","Mahendragarh",2005,"March",2005-03-01,"6.5"
"279","Haryana","Panchkula",2005,"March",2005-03-01,"45"
"280","Haryana","Panipat",2005,"March",2005-03-01,"40"
"281","Haryana","Rewari",2005,"March",2005-03-01,"11"
"282","Haryana","Rohtak",2005,"March",2005-03-01,"51.4"
"283","Haryana","Sirsa",2005,"March",2005-03-01,"48.1"
"284","Haryana","Sonepat",2005,"March",2005-03-01,"40.2"
"285","Haryana","Yamunanagar",2005,"March",2005-03-01,"37.5"
"286","Haryana","Ambala",2005,"April",2005-04-01,"2.5"
"287","Haryana","Bhiwani",2005,"April",2005-04-01,"2.8"
"288","Haryana","Faridabad",2005,"April",2005-04-01,"14"
"289","Haryana","Fatehabad",2005,"April",2005-04-01,"1.5"
"290","Haryana","Gurgaon",2005,"April",2005-04-01,"0.2"
"291","Haryana","Hissar",2005,"April",2005-04-01,"23.6"
"292","Haryana","Jhajjar",2005,"April",2005-04-01,"0"
"293","Haryana","Jind",2005,"April",2005-04-01,"2.5"
"294","Haryana","Kaithal",2005,"April",2005-04-01,"0"
"295","Haryana","Karnal",2005,"April",2005-04-01,"0.8"
"296","Haryana","Kurukshetra",2005,"April",2005-04-01,"0"
"297","Haryana","Mahendragarh",2005,"April",2005-04-01,"0"
"298","Haryana","Panchkula",2005,"April",2005-04-01,"10"
"299","Haryana","Panipat",2005,"April",2005-04-01,"0"
"300","Haryana","Rewari",2005,"April",2005-04-01,"0"
"301","Haryana","Rohtak",2005,"April",2005-04-01,"8.5"
"302","Haryana","Sirsa",2005,"April",2005-04-01,"0.7"
"303","Haryana","Sonepat",2005,"April",2005-04-01,"3"
"304","Haryana","Yamunanagar",2005,"April",2005-04-01,"0"
"305","Haryana","Ambala",2005,"May",2005-05-01,"4.2"
"306","Haryana","Bhiwani",2005,"May",2005-05-01,"9"
"307","Haryana","Faridabad",2005,"May",2005-05-01,"14"
"308","Haryana","Fatehabad",2005,"May",2005-05-01,"16"
"309","Haryana","Gurgaon",2005,"May",2005-05-01,"7.2"
"310","Haryana","Hissar",2005,"May",2005-05-01,"4.8"
"311","Haryana","Jhajjar",2005,"May",2005-05-01,"12"
"312","Haryana","Jind",2005,"May",2005-05-01,"0"
"313","Haryana","Kaithal",2005,"May",2005-05-01,"0"
"314","Haryana","Karnal",2005,"May",2005-05-01,"23.6"
"315","Haryana","Kurukshetra",2005,"May",2005-05-01,"9"
"316","Haryana","Mahendragarh",2005,"May",2005-05-01,"0.7"
"317","Haryana","Panchkula",2005,"May",2005-05-01,"0"
"318","Haryana","Panipat",2005,"May",2005-05-01,"0"
"319","Haryana","Rewari",2005,"May",2005-05-01,"32"
"320","Haryana","Rohtak",2005,"May",2005-05-01,"2.8"
"321","Haryana","Sirsa",2005,"May",2005-05-01,"21.4"
"322","Haryana","Sonepat",2005,"May",2005-05-01,"2.5"
"323","Haryana","Yamunanagar",2005,"May",2005-05-01,"3"
"324","Haryana","Ambala",2005,"June",2005-06-01,"97.6"
"325","Haryana","Bhiwani",2005,"June",2005-06-01,"103"
"326","Haryana","Faridabad",2005,"June",2005-06-01,"63"
"327","Haryana","Fatehabad",2005,"June",2005-06-01,"44"
"328","Haryana","Gurgaon",2005,"June",2005-06-01,"42.3"
"329","Haryana","Hissar",2005,"June",2005-06-01,"43.6"
"330","Haryana","Jhajjar",2005,"June",2005-06-01,"90"
"331","Haryana","Jind",2005,"June",2005-06-01,"22.2"
"332","Haryana","Kaithal",2005,"June",2005-06-01,"52"
"333","Haryana","Karnal",2005,"June",2005-06-01,"85.9"
"334","Haryana","Kurukshetra",2005,"June",2005-06-01,"96.5"
"335","Haryana","Mahendragarh",2005,"June",2005-06-01,"111.5"
"336","Haryana","Panchkula",2005,"June",2005-06-01,"5"
"337","Haryana","Panipat",2005,"June",2005-06-01,"16"
"338","Haryana","Rewari",2005,"June",2005-06-01,"64.5"
"339","Haryana","Rohtak",2005,"June",2005-06-01,"32.1"
"340","Haryana","Sirsa",2005,"June",2005-06-01,"20"
"341","Haryana","Sonepat",2005,"June",2005-06-01,"36.5"
"342","Haryana","Yamunanagar",2005,"June",2005-06-01,"100.5"
"343","Haryana","Ambala",2005,"July",2005-07-01,"461.9"
"344","Haryana","Bhiwani",2005,"July",2005-07-01,"133.9"
"345","Haryana","Faridabad",2005,"July",2005-07-01,"243.2"
"346","Haryana","Fatehabad",2005,"July",2005-07-01,"138.2"
"347","Haryana","Gurgaon",2005,"July",2005-07-01,"289.6"
"348","Haryana","Hissar",2005,"July",2005-07-01,"146.3"
"349","Haryana","Jhajjar",2005,"July",2005-07-01,"271.5"
"350","Haryana","Jind",2005,"July",2005-07-01,"337.6"
"351","Haryana","Kaithal",2005,"July",2005-07-01,"273.5"
"352","Haryana","Karnal",2005,"July",2005-07-01,"74.9"
"353","Haryana","Kurukshetra",2005,"July",2005-07-01,"53.3"
"354","Haryana","Mahendragarh",2005,"July",2005-07-01,"64.2"
"355","Haryana","Panchkula",2005,"July",2005-07-01,"360"
"356","Haryana","Panipat",2005,"July",2005-07-01,"108.5"
"357","Haryana","Rewari",2005,"July",2005-07-01,"306.5"
"358","Haryana","Rohtak",2005,"July",2005-07-01,"217.1"
"359","Haryana","Sirsa",2005,"July",2005-07-01,"78.2"
"360","Haryana","Sonepat",2005,"July",2005-07-01,"157"
"361","Haryana","Yamunanagar",2005,"July",2005-07-01,"405.6"
"362","Haryana","Ambala",2005,"August",2005-08-01,"182.5"
"363","Haryana","Bhiwani",2005,"August",2005-08-01,"22.2"
"364","Haryana","Faridabad",2005,"August",2005-08-01,"49.8"
"365","Haryana","Fatehabad",2005,"August",2005-08-01,"100"
"366","Haryana","Gurgaon",2005,"August",2005-08-01,"64"
"367","Haryana","Hissar",2005,"August",2005-08-01,"12.8"
"368","Haryana","Jhajjar",2005,"August",2005-08-01,"6.5"
"369","Haryana","Jind",2005,"August",2005-08-01,"70"
"370","Haryana","Kaithal",2005,"August",2005-08-01,"41.1"
"371","Haryana","Karnal",2005,"August",2005-08-01,"59.3"
"372","Haryana","Kurukshetra",2005,"August",2005-08-01,"118.5"
"373","Haryana","Mahendragarh",2005,"August",2005-08-01,"19"
"374","Haryana","Panchkula",2005,"August",2005-08-01,"199.4"
"375","Haryana","Panipat",2005,"August",2005-08-01,"71"
"376","Haryana","Rewari",2005,"August",2005-08-01,"20"
"377","Haryana","Rohtak",2005,"August",2005-08-01,"46.1"
"378","Haryana","Sirsa",2005,"August",2005-08-01,"8.8"
"379","Haryana","Sonepat",2005,"August",2005-08-01,"44.8"
"380","Haryana","Yamunanagar",2005,"August",2005-08-01,"110.7"
"381","Haryana","Ambala",2005,"September",2005-09-01,"194.8"
"382","Haryana","Bhiwani",2005,"September",2005-09-01,"114.5"
"383","Haryana","Faridabad",2005,"September",2005-09-01,"127.4"
"384","Haryana","Fatehabad",2005,"September",2005-09-01,"105.5"
"385","Haryana","Gurgaon",2005,"September",2005-09-01,"161.8"
"386","Haryana","Hissar",2005,"September",2005-09-01,"117.1"
"387","Haryana","Jhajjar",2005,"September",2005-09-01,"151.3"
"388","Haryana","Jind",2005,"September",2005-09-01,"270.2"
"389","Haryana","Kaithal",2005,"September",2005-09-01,"272.5"
"390","Haryana","Karnal",2005,"September",2005-09-01,"210.3"
"391","Haryana","Kurukshetra",2005,"September",2005-09-01,"152"
"392","Haryana","Mahendragarh",2005,"September",2005-09-01,"85.7"
"393","Haryana","Panchkula",2005,"September",2005-09-01,"95"
"394","Haryana","Panipat",2005,"September",2005-09-01,"290"
"395","Haryana","Rewari",2005,"September",2005-09-01,"114"
"396","Haryana","Rohtak",2005,"September",2005-09-01,"205.9"
"397","Haryana","Sirsa",2005,"September",2005-09-01,"84.1"
"398","Haryana","Sonepat",2005,"September",2005-09-01,"224.2"
"399","Haryana","Yamunanagar",2005,"September",2005-09-01,"251.6"
"400","Haryana","Ambala",2005,"October",2005-10-01,"0"
"401","Haryana","Bhiwani",2005,"October",2005-10-01,"0"
"402","Haryana","Faridabad",2005,"October",2005-10-01,"0"
"403","Haryana","Fatehabad",2005,"October",2005-10-01,"0"
"404","Haryana","Gurgaon",2005,"October",2005-10-01,"0"
"405","Haryana","Hissar",2005,"October",2005-10-01,"0"
"406","Haryana","Jhajjar",2005,"October",2005-10-01,"0"
"407","Haryana","Jind",2005,"October",2005-10-01,"0"
"408","Haryana","Kaithal",2005,"October",2005-10-01,"N.A."
"409","Haryana","Karnal",2005,"October",2005-10-01,"0"
"410","Haryana","Kurukshetra",2005,"October",2005-10-01,"0"
"411","Haryana","Mahendragarh",2005,"October",2005-10-01,"0"
"412","Haryana","Panchkula",2005,"October",2005-10-01,"0"
"413","Haryana","Panipat",2005,"October",2005-10-01,"0"
"414","Haryana","Rewari",2005,"October",2005-10-01,"0"
"415","Haryana","Rohtak",2005,"October",2005-10-01,"0"
"416","Haryana","Sirsa",2005,"October",2005-10-01,"0"
"417","Haryana","Sonepat",2005,"October",2005-10-01,"0"
"418","Haryana","Yamunanagar",2005,"October",2005-10-01,"0"
"419","Haryana","Ambala",2005,"November",2005-11-01,"0"
"420","Haryana","Bhiwani",2005,"November",2005-11-01,"0"
"421","Haryana","Faridabad",2005,"November",2005-11-01,"0"
"422","Haryana","Fatehabad",2005,"November",2005-11-01,"0"
"423","Haryana","Gurgaon",2005,"November",2005-11-01,"0"
"424","Haryana","Hissar",2005,"November",2005-11-01,"9"
"425","Haryana","Jhajjar",2005,"November",2005-11-01,"0"
"426","Haryana","Jind",2005,"November",2005-11-01,"0"
"427","Haryana","Kaithal",2005,"November",2005-11-01,"N.A."
"428","Haryana","Karnal",2005,"November",2005-11-01,"0"
"429","Haryana","Kurukshetra",2005,"November",2005-11-01,"0"
"430","Haryana","Mahendragarh",2005,"November",2005-11-01,"0"
"431","Haryana","Panchkula",2005,"November",2005-11-01,"0"
"432","Haryana","Panipat",2005,"November",2005-11-01,"0"
"433","Haryana","Rewari",2005,"November",2005-11-01,"0"
"434","Haryana","Rohtak",2005,"November",2005-11-01,"0.6"
"435","Haryana","Sirsa",2005,"November",2005-11-01,"4.1"
"436","Haryana","Sonepat",2005,"November",2005-11-01,"0"
"437","Haryana","Yamunanagar",2005,"November",2005-11-01,"0"
"438","Haryana","Ambala",2005,"December",2005-12-01,"0"
"439","Haryana","Bhiwani",2005,"December",2005-12-01,"0"
"440","Haryana","Faridabad",2005,"December",2005-12-01,"0"
"441","Haryana","Fatehabad",2005,"December",2005-12-01,"0"
"442","Haryana","Gurgaon",2005,"December",2005-12-01,"0"
"443","Haryana","Hissar",2005,"December",2005-12-01,"0"
"444","Haryana","Jhajjar",2005,"December",2005-12-01,"0"
"445","Haryana","Jind",2005,"December",2005-12-01,"0"
"446","Haryana","Kaithal",2005,"December",2005-12-01,"0"
"447","Haryana","Karnal",2005,"December",2005-12-01,"0"
"448","Haryana","Kurukshetra",2005,"December",2005-12-01,"0"
"449","Haryana","Mahendragarh",2005,"December",2005-12-01,"0"
"450","Haryana","Panchkula",2005,"December",2005-12-01,"0"
"451","Haryana","Panipat",2005,"December",2005-12-01,"0"
"452","Haryana","Rewari",2005,"December",2005-12-01,"0"
"453","Haryana","Rohtak",2005,"December",2005-12-01,"0"
"454","Haryana","Sirsa",2005,"December",2005-12-01,"0"
"455","Haryana","Sonepat",2005,"December",2005-12-01,"0"
"456","Haryana","Yamunanagar",2005,"December",2005-12-01,"0"
"457","Haryana","Ambala",2006,"January",2006-01-01,"13"
"458","Haryana","Bhiwani",2006,"January",2006-01-01,"0"
"459","Haryana","Faridabad",2006,"January",2006-01-01,"0"
"460","Haryana","Fatehabad",2006,"January",2006-01-01,"0"
"461","Haryana","Gurgaon",2006,"January",2006-01-01,"0"
"462","Haryana","Hissar",2006,"January",2006-01-01,"0.4"
"463","Haryana","Jhajjar",2006,"January",2006-01-01,"N.A."
"464","Haryana","Jind",2006,"January",2006-01-01,"0"
"465","Haryana","Kaithal",2006,"January",2006-01-01,"6"
"466","Haryana","Karnal",2006,"January",2006-01-01,"2.4"
"467","Haryana","Kurukshetra",2006,"January",2006-01-01,"2"
"468","Haryana","Mahendragarh",2006,"January",2006-01-01,"0"
"469","Haryana","Panchkula",2006,"January",2006-01-01,"12"
"470","Haryana","Panipat",2006,"January",2006-01-01,"3"
"471","Haryana","Rewari",2006,"January",2006-01-01,"0"
"472","Haryana","Rohtak",2006,"January",2006-01-01,"1.4"
"473","Haryana","Sirsa",2006,"January",2006-01-01,"2.2"
"474","Haryana","Sonepat",2006,"January",2006-01-01,"0"
"475","Haryana","Yamunanagar",2006,"January",2006-01-01,"11"
"476","Haryana","Ambala",2006,"February",2006-02-01,"0"
"477","Haryana","Bhiwani",2006,"February",2006-02-01,"0"
"478","Haryana","Faridabad",2006,"February",2006-02-01,"0"
"479","Haryana","Fatehabad",2006,"February",2006-02-01,"0"
"480","Haryana","Gurgaon",2006,"February",2006-02-01,"0"
"481","Haryana","Hissar",2006,"February",2006-02-01,"0"
"482","Haryana","Jhajjar",2006,"February",2006-02-01,"N.A."
"483","Haryana","Jind",2006,"February",2006-02-01,"0"
"484","Haryana","Kaithal",2006,"February",2006-02-01,"0"
"485","Haryana","Karnal",2006,"February",2006-02-01,"5"
"486","Haryana","Kurukshetra",2006,"February",2006-02-01,"0"
"487","Haryana","Mahendragarh",2006,"February",2006-02-01,"0"
"488","Haryana","Panchkula",2006,"February",2006-02-01,"0"
"489","Haryana","Panipat",2006,"February",2006-02-01,"0"
"490","Haryana","Rewari",2006,"February",2006-02-01,"0"
"491","Haryana","Rohtak",2006,"February",2006-02-01,"0"
"492","Haryana","Sirsa",2006,"February",2006-02-01,"0"
"493","Haryana","Sonepat",2006,"February",2006-02-01,"0"
"494","Haryana","Yamunanagar",2006,"February",2006-02-01,"0"
"495","Haryana","Ambala",2006,"March",2006-03-01,"60.4"
"496","Haryana","Bhiwani",2006,"March",2006-03-01,"28.6"
"497","Haryana","Faridabad",2006,"March",2006-03-01,"32"
"498","Haryana","Fatehabad",2006,"March",2006-03-01,"48.3"
"499","Haryana","Gurgaon",2006,"March",2006-03-01,"50.9"
"500","Haryana","Hissar",2006,"March",2006-03-01,"20.1"
"501","Haryana","Jhajjar",2006,"March",2006-03-01,"68"
"502","Haryana","Jind",2006,"March",2006-03-01,"29"
"503","Haryana","Kaithal",2006,"March",2006-03-01,"34"
"504","Haryana","Karnal",2006,"March",2006-03-01,"36.3"
"505","Haryana","Kurukshetra",2006,"March",2006-03-01,"26.5"
"506","Haryana","Mahendragarh",2006,"March",2006-03-01,"15.6"
"507","Haryana","Panchkula",2006,"March",2006-03-01,"75"
"508","Haryana","Panipat",2006,"March",2006-03-01,"9"
"509","Haryana","Rewari",2006,"March",2006-03-01,"72"
"510","Haryana","Rohtak",2006,"March",2006-03-01,"25.5"
"511","Haryana","Sirsa",2006,"March",2006-03-01,"74"
"512","Haryana","Sonepat",2006,"March",2006-03-01,"10"
"513","Haryana","Yamunanagar",2006,"March",2006-03-01,"43"
"514","Haryana","Ambala",2006,"April",2006-04-01,"1.5"
"515","Haryana","Bhiwani",2006,"April",2006-04-01,"3.8"
"516","Haryana","Faridabad",2006,"April",2006-04-01,"0"
"517","Haryana","Fatehabad",2006,"April",2006-04-01,"0"
"518","Haryana","Gurgaon",2006,"April",2006-04-01,"9"
"519","Haryana","Hissar",2006,"April",2006-04-01,"1.2"
"520","Haryana","Jhajjar",2006,"April",2006-04-01,"0"
"521","Haryana","Jind",2006,"April",2006-04-01,"0"
"522","Haryana","Kaithal",2006,"April",2006-04-01,"0"
"523","Haryana","Karnal",2006,"April",2006-04-01,"0"
"524","Haryana","Kurukshetra",2006,"April",2006-04-01,"0"
"525","Haryana","Mahendragarh",2006,"April",2006-04-01,"0"
"526","Haryana","Panchkula",2006,"April",2006-04-01,"0"
"527","Haryana","Panipat",2006,"April",2006-04-01,"0"
"528","Haryana","Rewari",2006,"April",2006-04-01,"0"
"529","Haryana","Rohtak",2006,"April",2006-04-01,"0.6"
"530","Haryana","Sirsa",2006,"April",2006-04-01,"4.2"
"531","Haryana","Sonepat",2006,"April",2006-04-01,"0"
"532","Haryana","Yamunanagar",2006,"April",2006-04-01,"0"
"533","Haryana","Ambala",2006,"May",2006-05-01,"70.8"
"534","Haryana","Bhiwani",2006,"May",2006-05-01,"40.5"
"535","Haryana","Faridabad",2006,"May",2006-05-01,"15"
"536","Haryana","Fatehabad",2006,"May",2006-05-01,"45.8"
"537","Haryana","Gurgaon",2006,"May",2006-05-01,"32.3"
"538","Haryana","Hissar",2006,"May",2006-05-01,"45.7"
"539","Haryana","Jhajjar",2006,"May",2006-05-01,"35"
"540","Haryana","Jind",2006,"May",2006-05-01,"27.6"
"541","Haryana","Kaithal",2006,"May",2006-05-01,"17"
"542","Haryana","Karnal",2006,"May",2006-05-01,"29.9"
"543","Haryana","Kurukshetra",2006,"May",2006-05-01,"20.8"
"544","Haryana","Mahendragarh",2006,"May",2006-05-01,"2.1"
"545","Haryana","Panchkula",2006,"May",2006-05-01,"54"
"546","Haryana","Panipat",2006,"May",2006-05-01,"4"
"547","Haryana","Rewari",2006,"May",2006-05-01,"12"
"548","Haryana","Rohtak",2006,"May",2006-05-01,"18.6"
"549","Haryana","Sirsa",2006,"May",2006-05-01,"36.5"
"550","Haryana","Sonepat",2006,"May",2006-05-01,"61.5"
"551","Haryana","Yamunanagar",2006,"May",2006-05-01,"29"
"552","Haryana","Ambala",2006,"June",2006-06-01,"68.4"
"553","Haryana","Bhiwani",2006,"June",2006-06-01,"52"
"554","Haryana","Faridabad",2006,"June",2006-06-01,"0"
"555","Haryana","Fatehabad",2006,"June",2006-06-01,"54.5"
"556","Haryana","Gurgaon",2006,"June",2006-06-01,"21.3"
"557","Haryana","Hissar",2006,"June",2006-06-01,"32.6"
"558","Haryana","Jhajjar",2006,"June",2006-06-01,"N.A."
"559","Haryana","Jind",2006,"June",2006-06-01,"30"
"560","Haryana","Kaithal",2006,"June",2006-06-01,"69.5"
"561","Haryana","Karnal",2006,"June",2006-06-01,"77.6"
"562","Haryana","Kurukshetra",2006,"June",2006-06-01,"52"
"563","Haryana","Mahendragarh",2006,"June",2006-06-01,"11.8"
"564","Haryana","Panchkula",2006,"June",2006-06-01,"61.8"
"565","Haryana","Panipat",2006,"June",2006-06-01,"96"
"566","Haryana","Rewari",2006,"June",2006-06-01,"29"
"567","Haryana","Rohtak",2006,"June",2006-06-01,"126.2"
"568","Haryana","Sirsa",2006,"June",2006-06-01,"86.6"
"569","Haryana","Sonepat",2006,"June",2006-06-01,"37.9"
"570","Haryana","Yamunanagar",2006,"June",2006-06-01,"87"
"571","Haryana","Ambala",2006,"July",2006-07-01,"286.8"
"572","Haryana","Bhiwani",2006,"July",2006-07-01,"157.3"
"573","Haryana","Faridabad",2006,"July",2006-07-01,"125.6"
"574","Haryana","Fatehabad",2006,"July",2006-07-01,"75.3"
"575","Haryana","Gurgaon",2006,"July",2006-07-01,"114.2"
"576","Haryana","Hissar",2006,"July",2006-07-01,"74.8"
"577","Haryana","Jhajjar",2006,"July",2006-07-01,"164.1"
"578","Haryana","Jind",2006,"July",2006-07-01,"182.3"
"579","Haryana","Kaithal",2006,"July",2006-07-01,"77.7"
"580","Haryana","Karnal",2006,"July",2006-07-01,"117.4"
"581","Haryana","Kurukshetra",2006,"July",2006-07-01,"96.5"
"582","Haryana","Mahendragarh",2006,"July",2006-07-01,"104.4"
"583","Haryana","Panchkula",2006,"July",2006-07-01,"207"
"584","Haryana","Panipat",2006,"July",2006-07-01,"172.5"
"585","Haryana","Rewari",2006,"July",2006-07-01,"272.7"
"586","Haryana","Rohtak",2006,"July",2006-07-01,"99.6"
"587","Haryana","Sirsa",2006,"July",2006-07-01,"162.7"
"588","Haryana","Sonepat",2006,"July",2006-07-01,"128.3"
"589","Haryana","Yamunanagar",2006,"July",2006-07-01,"325.1"
"590","Haryana","Ambala",2006,"August",2006-08-01,"104.8"
"591","Haryana","Bhiwani",2006,"August",2006-08-01,"24.8"
"592","Haryana","Faridabad",2006,"August",2006-08-01,"25.2"
"593","Haryana","Fatehabad",2006,"August",2006-08-01,"21.7"
"594","Haryana","Gurgaon",2006,"August",2006-08-01,"42.5"
"595","Haryana","Hissar",2006,"August",2006-08-01,"11.4"
"596","Haryana","Jhajjar",2006,"August",2006-08-01,"37"
"597","Haryana","Jind",2006,"August",2006-08-01,"43.8"
"598","Haryana","Kaithal",2006,"August",2006-08-01,"20.3"
"599","Haryana","Karnal",2006,"August",2006-08-01,"9.5"
"600","Haryana","Kurukshetra",2006,"August",2006-08-01,"14"
"601","Haryana","Mahendragarh",2006,"August",2006-08-01,"7.1"
"602","Haryana","Panchkula",2006,"August",2006-08-01,"250"
"603","Haryana","Panipat",2006,"August",2006-08-01,"24"
"604","Haryana","Rewari",2006,"August",2006-08-01,"22.3"
"605","Haryana","Rohtak",2006,"August",2006-08-01,"48.6"
"606","Haryana","Sirsa",2006,"August",2006-08-01,"9.1"
"607","Haryana","Sonepat",2006,"August",2006-08-01,"15.3"
"608","Haryana","Yamunanagar",2006,"August",2006-08-01,"107.3"
"609","Haryana","Ambala",2006,"September",2006-09-01,"38.7"
"610","Haryana","Bhiwani",2006,"September",2006-09-01,"43.2"
"611","Haryana","Faridabad",2006,"September",2006-09-01,"71.4"
"612","Haryana","Fatehabad",2006,"September",2006-09-01,"77.3"
"613","Haryana","Gurgaon",2006,"September",2006-09-01,"63.3"
"614","Haryana","Hissar",2006,"September",2006-09-01,"53.4"
"615","Haryana","Jhajjar",2006,"September",2006-09-01,"67"
"616","Haryana","Jind",2006,"September",2006-09-01,"54.3"
"617","Haryana","Kaithal",2006,"September",2006-09-01,"19"
"618","Haryana","Karnal",2006,"September",2006-09-01,"36.3"
"619","Haryana","Kurukshetra",2006,"September",2006-09-01,"24"
"620","Haryana","Mahendragarh",2006,"September",2006-09-01,"15.3"
"621","Haryana","Panchkula",2006,"September",2006-09-01,"93"
"622","Haryana","Panipat",2006,"September",2006-09-01,"44.5"
"623","Haryana","Rewari",2006,"September",2006-09-01,"39.9"
"624","Haryana","Rohtak",2006,"September",2006-09-01,"115"
"625","Haryana","Sirsa",2006,"September",2006-09-01,"36.4"
"626","Haryana","Sonepat",2006,"September",2006-09-01,"53.2"
"627","Haryana","Yamunanagar",2006,"September",2006-09-01,"31.5"
"628","Haryana","Ambala",2006,"October",2006-10-01,"7.8"
"629","Haryana","Bhiwani",2006,"October",2006-10-01,"5.7"
"630","Haryana","Faridabad",2006,"October",2006-10-01,"0"
"631","Haryana","Fatehabad",2006,"October",2006-10-01,"0"
"632","Haryana","Gurgaon",2006,"October",2006-10-01,"0"
"633","Haryana","Hissar",2006,"October",2006-10-01,"0"
"634","Haryana","Jhajjar",2006,"October",2006-10-01,"0"
"635","Haryana","Jind",2006,"October",2006-10-01,"5"
"636","Haryana","Kaithal",2006,"October",2006-10-01,"0"
"637","Haryana","Karnal",2006,"October",2006-10-01,"7.2"
"638","Haryana","Kurukshetra",2006,"October",2006-10-01,"2"
"639","Haryana","Mahendragarh",2006,"October",2006-10-01,"7.3"
"640","Haryana","Panchkula",2006,"October",2006-10-01,"0"
"641","Haryana","Panipat",2006,"October",2006-10-01,"0"
"642","Haryana","Rewari",2006,"October",2006-10-01,"6"
"643","Haryana","Rohtak",2006,"October",2006-10-01,"0.8"
"644","Haryana","Sirsa",2006,"October",2006-10-01,"13.8"
"645","Haryana","Sonepat",2006,"October",2006-10-01,"0"
"646","Haryana","Yamunanagar",2006,"October",2006-10-01,"0"
"647","Haryana","Ambala",2006,"November",2006-11-01,"4.2"
"648","Haryana","Bhiwani",2006,"November",2006-11-01,"1.2"
"649","Haryana","Faridabad",2006,"November",2006-11-01,"0"
"650","Haryana","Fatehabad",2006,"November",2006-11-01,"0"
"651","Haryana","Gurgaon",2006,"November",2006-11-01,"4"
"652","Haryana","Hissar",2006,"November",2006-11-01,"0"
"653","Haryana","Jhajjar",2006,"November",2006-11-01,"0"
"654","Haryana","Jind",2006,"November",2006-11-01,"4.2"
"655","Haryana","Kaithal",2006,"November",2006-11-01,"0"
"656","Haryana","Karnal",2006,"November",2006-11-01,"13.2"
"657","Haryana","Kurukshetra",2006,"November",2006-11-01,"0"
"658","Haryana","Mahendragarh",2006,"November",2006-11-01,"0"
"659","Haryana","Panchkula",2006,"November",2006-11-01,"0"
"660","Haryana","Panipat",2006,"November",2006-11-01,"0"
"661","Haryana","Rewari",2006,"November",2006-11-01,"0"
"662","Haryana","Rohtak",2006,"November",2006-11-01,"0"
"663","Haryana","Sirsa",2006,"November",2006-11-01,"4.9"
"664","Haryana","Sonepat",2006,"November",2006-11-01,"0"
"665","Haryana","Yamunanagar",2006,"November",2006-11-01,"0"
"666","Haryana","Ambala",2006,"December",2006-12-01,"4.3"
"667","Haryana","Bhiwani",2006,"December",2006-12-01,"7"
"668","Haryana","Faridabad",2006,"December",2006-12-01,"0"
"669","Haryana","Fatehabad",2006,"December",2006-12-01,"0"
"670","Haryana","Gurgaon",2006,"December",2006-12-01,"3"
"671","Haryana","Hissar",2006,"December",2006-12-01,"7.3"
"672","Haryana","Jhajjar",2006,"December",2006-12-01,"0"
"673","Haryana","Jind",2006,"December",2006-12-01,"6"
"674","Haryana","Kaithal",2006,"December",2006-12-01,"0"
"675","Haryana","Karnal",2006,"December",2006-12-01,"5.2"
"676","Haryana","Kurukshetra",2006,"December",2006-12-01,"4"
"677","Haryana","Mahendragarh",2006,"December",2006-12-01,"7.3"
"678","Haryana","Panchkula",2006,"December",2006-12-01,"5"
"679","Haryana","Panipat",2006,"December",2006-12-01,"0"
"680","Haryana","Rewari",2006,"December",2006-12-01,"0"
"681","Haryana","Rohtak",2006,"December",2006-12-01,"3"
"682","Haryana","Sirsa",2006,"December",2006-12-01,"7.5"
"683","Haryana","Sonepat",2006,"December",2006-12-01,"0"
"684","Haryana","Yamunanagar",2006,"December",2006-12-01,"3"
"685","Haryana","Ambala",2007,"January",2007-01-01,"0.4"
"686","Haryana","Bhiwani",2007,"January",2007-01-01,"0"
"687","Haryana","Faridabad",2007,"January",2007-01-01,"N.A."
"688","Haryana","Fatehabad",2007,"January",2007-01-01,"N.A."
"689","Haryana","Gurgaon",2007,"January",2007-01-01,"N.A."
"690","Haryana","Hissar",2007,"January",2007-01-01,"0"
"691","Haryana","Jhajjar",2007,"January",2007-01-01,"N.A."
"692","Haryana","Jind",2007,"January",2007-01-01,"0"
"693","Haryana","Kaithal",2007,"January",2007-01-01,"N.A."
"694","Haryana","Karnal",2007,"January",2007-01-01,"15.5"
"695","Haryana","Kurukshetra",2007,"January",2007-01-01,"0"
"696","Haryana","Mahendragarh",2007,"January",2007-01-01,"6.8"
"697","Haryana","Panchkula",2007,"January",2007-01-01,"N.A."
"698","Haryana","Panipat",2007,"January",2007-01-01,"0"
"699","Haryana","Rewari",2007,"January",2007-01-01,"N.A."
"700","Haryana","Rohtak",2007,"January",2007-01-01,"0.7"
"701","Haryana","Sirsa",2007,"January",2007-01-01,"0"
"702","Haryana","Sonepat",2007,"January",2007-01-01,"0"
"703","Haryana","Yamunanagar",2007,"January",2007-01-01,"0"
"704","Haryana","Ambala",2007,"February",2007-02-01,"136.4"
"705","Haryana","Bhiwani",2007,"February",2007-02-01,"44.1"
"706","Haryana","Faridabad",2007,"February",2007-02-01,"N.A."
"707","Haryana","Fatehabad",2007,"February",2007-02-01,"N.A."
"708","Haryana","Gurgaon",2007,"February",2007-02-01,"103"
"709","Haryana","Hissar",2007,"February",2007-02-01,"89.5"
"710","Haryana","Jhajjar",2007,"February",2007-02-01,"N.A."
"711","Haryana","Jind",2007,"February",2007-02-01,"102.7"
"712","Haryana","Kaithal",2007,"February",2007-02-01,"N.A."
"713","Haryana","Karnal",2007,"February",2007-02-01,"196.8"
"714","Haryana","Kurukshetra",2007,"February",2007-02-01,"104"
"715","Haryana","Mahendragarh",2007,"February",2007-02-01,"86.3"
"716","Haryana","Panchkula",2007,"February",2007-02-01,"190"
"717","Haryana","Panipat",2007,"February",2007-02-01,"51.8"
"718","Haryana","Rewari",2007,"February",2007-02-01,"N.A."
"719","Haryana","Rohtak",2007,"February",2007-02-01,"53.3"
"720","Haryana","Sirsa",2007,"February",2007-02-01,"58.6"
"721","Haryana","Sonepat",2007,"February",2007-02-01,"17"
"722","Haryana","Yamunanagar",2007,"February",2007-02-01,"120.2"
"723","Haryana","Ambala",2007,"March",2007-03-01,"107"
"724","Haryana","Bhiwani",2007,"March",2007-03-01,"39.3"
"725","Haryana","Faridabad",2007,"March",2007-03-01,"N.A."
"726","Haryana","Fatehabad",2007,"March",2007-03-01,"N.A."
"727","Haryana","Gurgaon",2007,"March",2007-03-01,"N.A."
"728","Haryana","Hissar",2007,"March",2007-03-01,"52.7"
"729","Haryana","Jhajjar",2007,"March",2007-03-01,"N.A."
"730","Haryana","Jind",2007,"March",2007-03-01,"92"
"731","Haryana","Kaithal",2007,"March",2007-03-01,"N.A."
"732","Haryana","Karnal",2007,"March",2007-03-01,"60"
"733","Haryana","Kurukshetra",2007,"March",2007-03-01,"47"
"734","Haryana","Mahendragarh",2007,"March",2007-03-01,"13.5"
"735","Haryana","Panchkula",2007,"March",2007-03-01,"152"
"736","Haryana","Panipat",2007,"March",2007-03-01,"15"
"737","Haryana","Rewari",2007,"March",2007-03-01,"N.A."
"738","Haryana","Rohtak",2007,"March",2007-03-01,"52"
"739","Haryana","Sirsa",2007,"March",2007-03-01,"10.5"
"740","Haryana","Sonepat",2007,"March",2007-03-01,"9"
"741","Haryana","Yamunanagar",2007,"March",2007-03-01,"77.5"
"742","Haryana","Ambala",2007,"April",2007-04-01,"11.3"
"743","Haryana","Bhiwani",2007,"April",2007-04-01,"0"
"744","Haryana","Faridabad",2007,"April",2007-04-01,"N.A."
"745","Haryana","Fatehabad",2007,"April",2007-04-01,"N.A."
"746","Haryana","Gurgaon",2007,"April",2007-04-01,"N.A."
"747","Haryana","Hissar",2007,"April",2007-04-01,"5.4"
"748","Haryana","Jhajjar",2007,"April",2007-04-01,"N.A."
"749","Haryana","Jind",2007,"April",2007-04-01,"0"
"750","Haryana","Kaithal",2007,"April",2007-04-01,"N.A."
"751","Haryana","Karnal",2007,"April",2007-04-01,"0"
"752","Haryana","Kurukshetra",2007,"April",2007-04-01,"2"
"753","Haryana","Mahendragarh",2007,"April",2007-04-01,"0"
"754","Haryana","Panchkula",2007,"April",2007-04-01,"0"
"755","Haryana","Panipat",2007,"April",2007-04-01,"0"
"756","Haryana","Rewari",2007,"April",2007-04-01,"N.A."
"757","Haryana","Rohtak",2007,"April",2007-04-01,"4.8"
"758","Haryana","Sirsa",2007,"April",2007-04-01,"0.6"
"759","Haryana","Sonepat",2007,"April",2007-04-01,"0"
"760","Haryana","Yamunanagar",2007,"April",2007-04-01,"3"
"761","Haryana","Ambala",2007,"May",2007-05-01,"12.3"
"762","Haryana","Bhiwani",2007,"May",2007-05-01,"18.3"
"763","Haryana","Faridabad",2007,"May",2007-05-01,"N.A."
"764","Haryana","Fatehabad",2007,"May",2007-05-01,"N.A."
"765","Haryana","Gurgaon",2007,"May",2007-05-01,"N.A."
"766","Haryana","Hissar",2007,"May",2007-05-01,"52.1"
"767","Haryana","Jhajjar",2007,"May",2007-05-01,"N.A."
"768","Haryana","Jind",2007,"May",2007-05-01,"28"
"769","Haryana","Kaithal",2007,"May",2007-05-01,"N.A."
"770","Haryana","Karnal",2007,"May",2007-05-01,"3.6"
"771","Haryana","Kurukshetra",2007,"May",2007-05-01,"20"
"772","Haryana","Mahendragarh",2007,"May",2007-05-01,"16"
"773","Haryana","Panchkula",2007,"May",2007-05-01,"0"
"774","Haryana","Panipat",2007,"May",2007-05-01,"7"
"775","Haryana","Rewari",2007,"May",2007-05-01,"N.A."
"776","Haryana","Rohtak",2007,"May",2007-05-01,"32.1"
"777","Haryana","Sirsa",2007,"May",2007-05-01,"7.6"
"778","Haryana","Sonepat",2007,"May",2007-05-01,"42"
"779","Haryana","Yamunanagar",2007,"May",2007-05-01,"4"
"780","Haryana","Ambala",2007,"June",2007-06-01,"98.5"
"781","Haryana","Bhiwani",2007,"June",2007-06-01,"85.3"
"782","Haryana","Faridabad",2007,"June",2007-06-01,"52.1"
"783","Haryana","Fatehabad",2007,"June",2007-06-01,"76.6"
"784","Haryana","Gurgaon",2007,"June",2007-06-01,"154.3"
"785","Haryana","Hissar",2007,"June",2007-06-01,"124"
"786","Haryana","Jhajjar",2007,"June",2007-06-01,"109.7"
"787","Haryana","Jind",2007,"June",2007-06-01,"88.4"
"788","Haryana","Kaithal",2007,"June",2007-06-01,"60.5"
"789","Haryana","Karnal",2007,"June",2007-06-01,"130.1"
"790","Haryana","Kurukshetra",2007,"June",2007-06-01,"59.5"
"791","Haryana","Mahendragarh",2007,"June",2007-06-01,"117"
"792","Haryana","Panchkula",2007,"June",2007-06-01,"118"
"793","Haryana","Panipat",2007,"June",2007-06-01,"61"
"794","Haryana","Rewari",2007,"June",2007-06-01,"60"
"795","Haryana","Rohtak",2007,"June",2007-06-01,"39.2"
"796","Haryana","Sirsa",2007,"June",2007-06-01,"144.8"
"797","Haryana","Sonepat",2007,"June",2007-06-01,"23.3"
"798","Haryana","Yamunanagar",2007,"June",2007-06-01,"93.5"
"799","Haryana","Ambala",2007,"July",2007-07-01,"107"
"800","Haryana","Bhiwani",2007,"July",2007-07-01,"63.8"
"801","Haryana","Faridabad",2007,"July",2007-07-01,"109.4"
"802","Haryana","Fatehabad",2007,"July",2007-07-01,"50.3"
"803","Haryana","Gurgaon",2007,"July",2007-07-01,"96.6"
"804","Haryana","Hissar",2007,"July",2007-07-01,"45.6"
"805","Haryana","Jhajjar",2007,"July",2007-07-01,"41.8"
"806","Haryana","Jind",2007,"July",2007-07-01,"100.3"
"807","Haryana","Kaithal",2007,"July",2007-07-01,"52.5"
"808","Haryana","Karnal",2007,"July",2007-07-01,"74.6"
"809","Haryana","Kurukshetra",2007,"July",2007-07-01,"76.5"
"810","Haryana","Mahendragarh",2007,"July",2007-07-01,"45"
"811","Haryana","Panchkula",2007,"July",2007-07-01,"67"
"812","Haryana","Panipat",2007,"July",2007-07-01,"44.5"
"813","Haryana","Rewari",2007,"July",2007-07-01,"69.7"
"814","Haryana","Rohtak",2007,"July",2007-07-01,"49.1"
"815","Haryana","Sirsa",2007,"July",2007-07-01,"18.2"
"816","Haryana","Sonepat",2007,"July",2007-07-01,"92.3"
"817","Haryana","Yamunanagar",2007,"July",2007-07-01,"211.3"
"818","Haryana","Ambala",2007,"August",2007-08-01,"203.1"
"819","Haryana","Bhiwani",2007,"August",2007-08-01,"70.8"
"820","Haryana","Faridabad",2007,"August",2007-08-01,"162"
"821","Haryana","Fatehabad",2007,"August",2007-08-01,"26"
"822","Haryana","Gurgaon",2007,"August",2007-08-01,"100.5"
"823","Haryana","Hissar",2007,"August",2007-08-01,"82.1"
"824","Haryana","Jhajjar",2007,"August",2007-08-01,"106"
"825","Haryana","Jind",2007,"August",2007-08-01,"87.3"
"826","Haryana","Kaithal",2007,"August",2007-08-01,"53"
"827","Haryana","Karnal",2007,"August",2007-08-01,"138.6"
"828","Haryana","Kurukshetra",2007,"August",2007-08-01,"31.5"
"829","Haryana","Mahendragarh",2007,"August",2007-08-01,"104.2"
"830","Haryana","Panchkula",2007,"August",2007-08-01,"283"
"831","Haryana","Panipat",2007,"August",2007-08-01,"41.5"
"832","Haryana","Rewari",2007,"August",2007-08-01,"68.7"
"833","Haryana","Rohtak",2007,"August",2007-08-01,"84"
"834","Haryana","Sirsa",2007,"August",2007-08-01,"31.3"
"835","Haryana","Sonepat",2007,"August",2007-08-01,"64.3"
"836","Haryana","Yamunanagar",2007,"August",2007-08-01,"192.7"
"837","Haryana","Ambala",2007,"September",2007-09-01,"58.6"
"838","Haryana","Bhiwani",2007,"September",2007-09-01,"59.7"
"839","Haryana","Faridabad",2007,"September",2007-09-01,"17.4"
"840","Haryana","Fatehabad",2007,"September",2007-09-01,"27.7"
"841","Haryana","Gurgaon",2007,"September",2007-09-01,"35"
"842","Haryana","Hissar",2007,"September",2007-09-01,"39.4"
"843","Haryana","Jhajjar",2007,"September",2007-09-01,"43.7"
"844","Haryana","Jind",2007,"September",2007-09-01,"58.5"
"845","Haryana","Kaithal",2007,"September",2007-09-01,"62.7"
"846","Haryana","Karnal",2007,"September",2007-09-01,"109.9"
"847","Haryana","Kurukshetra",2007,"September",2007-09-01,"14.5"
"848","Haryana","Mahendragarh",2007,"September",2007-09-01,"64.1"
"849","Haryana","Panchkula",2007,"September",2007-09-01,"105"
"850","Haryana","Panipat",2007,"September",2007-09-01,"69.5"
"851","Haryana","Rewari",2007,"September",2007-09-01,"95.6"
"852","Haryana","Rohtak",2007,"September",2007-09-01,"42.2"
"853","Haryana","Sirsa",2007,"September",2007-09-01,"29.6"
"854","Haryana","Sonepat",2007,"September",2007-09-01,"56.2"
"855","Haryana","Yamunanagar",2007,"September",2007-09-01,"22.6"
"856","Haryana","Ambala",2007,"October",2007-10-01,"1.2"
"857","Haryana","Bhiwani",2007,"October",2007-10-01,"0"
"858","Haryana","Faridabad",2007,"October",2007-10-01,"0"
"859","Haryana","Fatehabad",2007,"October",2007-10-01,"0"
"860","Haryana","Gurgaon",2007,"October",2007-10-01,"0"
"861","Haryana","Hissar",2007,"October",2007-10-01,"0"
"862","Haryana","Jhajjar",2007,"October",2007-10-01,"0"
"863","Haryana","Jind",2007,"October",2007-10-01,"0"
"864","Haryana","Kaithal",2007,"October",2007-10-01,"0"
"865","Haryana","Karnal",2007,"October",2007-10-01,"0"
"866","Haryana","Kurukshetra",2007,"October",2007-10-01,"0"
"867","Haryana","Mahendragarh",2007,"October",2007-10-01,"0"
"868","Haryana","Panchkula",2007,"October",2007-10-01,"0"
"869","Haryana","Panipat",2007,"October",2007-10-01,"0"
"870","Haryana","Rewari",2007,"October",2007-10-01,"0"
"871","Haryana","Rohtak",2007,"October",2007-10-01,"0"
"872","Haryana","Sirsa",2007,"October",2007-10-01,"0"
"873","Haryana","Sonepat",2007,"October",2007-10-01,"0"
"874","Haryana","Yamunanagar",2007,"October",2007-10-01,"0"
"875","Haryana","Ambala",2007,"November",2007-11-01,"0.5"
"876","Haryana","Bhiwani",2007,"November",2007-11-01,"0"
"877","Haryana","Faridabad",2007,"November",2007-11-01,"0"
"878","Haryana","Fatehabad",2007,"November",2007-11-01,"0.8"
"879","Haryana","Gurgaon",2007,"November",2007-11-01,"0"
"880","Haryana","Hissar",2007,"November",2007-11-01,"0.7"
"881","Haryana","Jhajjar",2007,"November",2007-11-01,"0"
"882","Haryana","Jind",2007,"November",2007-11-01,"0"
"883","Haryana","Kaithal",2007,"November",2007-11-01,"0"
"884","Haryana","Karnal",2007,"November",2007-11-01,"1.2"
"885","Haryana","Kurukshetra",2007,"November",2007-11-01,"0"
"886","Haryana","Mahendragarh",2007,"November",2007-11-01,"0"
"887","Haryana","Panchkula",2007,"November",2007-11-01,"0"
"888","Haryana","Panipat",2007,"November",2007-11-01,"0"
"889","Haryana","Rewari",2007,"November",2007-11-01,"0"
"890","Haryana","Rohtak",2007,"November",2007-11-01,"0.3"
"891","Haryana","Sirsa",2007,"November",2007-11-01,"1.3"
"892","Haryana","Sonepat",2007,"November",2007-11-01,"0"
"893","Haryana","Yamunanagar",2007,"November",2007-11-01,"0"
"894","Haryana","Ambala",2007,"December",2007-12-01,"2"
"895","Haryana","Bhiwani",2007,"December",2007-12-01,"0"
"896","Haryana","Faridabad",2007,"December",2007-12-01,"0"
"897","Haryana","Fatehabad",2007,"December",2007-12-01,"4"
"898","Haryana","Gurgaon",2007,"December",2007-12-01,"0"
"899","Haryana","Hissar",2007,"December",2007-12-01,"4.3"
"900","Haryana","Jhajjar",2007,"December",2007-12-01,"0"
"901","Haryana","Jind",2007,"December",2007-12-01,"0"
"902","Haryana","Kaithal",2007,"December",2007-12-01,"0"
"903","Haryana","Karnal",2007,"December",2007-12-01,"1.4"
"904","Haryana","Kurukshetra",2007,"December",2007-12-01,"0"
"905","Haryana","Mahendragarh",2007,"December",2007-12-01,"2.5"
"906","Haryana","Panchkula",2007,"December",2007-12-01,"0"
"907","Haryana","Panipat",2007,"December",2007-12-01,"0"
"908","Haryana","Rewari",2007,"December",2007-12-01,"0"
"909","Haryana","Rohtak",2007,"December",2007-12-01,"18.9"
"910","Haryana","Sirsa",2007,"December",2007-12-01,"3.4"
"911","Haryana","Sonepat",2007,"December",2007-12-01,"0"
"912","Haryana","Yamunanagar",2007,"December",2007-12-01,"4"
"913","Haryana","Ambala",2008,"January",2008-01-01,"13.1"
"914","Haryana","Bhiwani",2008,"January",2008-01-01,"0"
"915","Haryana","Faridabad",2008,"January",2008-01-01,"7"
"916","Haryana","Fatehabad",2008,"January",2008-01-01,"0"
"917","Haryana","Gurgaon",2008,"January",2008-01-01,"N.A."
"918","Haryana","Hissar",2008,"January",2008-01-01,"3.5"
"919","Haryana","Jhajjar",2008,"January",2008-01-01,"N.A."
"920","Haryana","Jind",2008,"January",2008-01-01,"1.5"
"921","Haryana","Kaithal",2008,"January",2008-01-01,"N.A."
"922","Haryana","Karnal",2008,"January",2008-01-01,"1.4"
"923","Haryana","Kurukshetra",2008,"January",2008-01-01,"N.A."
"924","Haryana","Mahendragarh",2008,"January",2008-01-01,"0"
"925","Haryana","Panchkula",2008,"January",2008-01-01,"9"
"926","Haryana","Panipat",2008,"January",2008-01-01,"0"
"927","Haryana","Rewari",2008,"January",2008-01-01,"N.A."
"928","Haryana","Rohtak",2008,"January",2008-01-01,"0"
"929","Haryana","Sirsa",2008,"January",2008-01-01,"5.9"
"930","Haryana","Sonepat",2008,"January",2008-01-01,"0"
"931","Haryana","Yamunanagar",2008,"January",2008-01-01,"0"
"932","Haryana","Ambala",2008,"February",2008-02-01,"0.8"
"933","Haryana","Bhiwani",2008,"February",2008-02-01,"0"
"934","Haryana","Faridabad",2008,"February",2008-02-01,"0"
"935","Haryana","Fatehabad",2008,"February",2008-02-01,"1.5"
"936","Haryana","Gurgaon",2008,"February",2008-02-01,"N.A."
"937","Haryana","Hissar",2008,"February",2008-02-01,"2.4"
"938","Haryana","Jhajjar",2008,"February",2008-02-01,"N.A."
"939","Haryana","Jind",2008,"February",2008-02-01,"0"
"940","Haryana","Kaithal",2008,"February",2008-02-01,"N.A."
"941","Haryana","Karnal",2008,"February",2008-02-01,"2.4"
"942","Haryana","Kurukshetra",2008,"February",2008-02-01,"N.A."
"943","Haryana","Mahendragarh",2008,"February",2008-02-01,"0"
"944","Haryana","Panchkula",2008,"February",2008-02-01,"0"
"945","Haryana","Panipat",2008,"February",2008-02-01,"2.2"
"946","Haryana","Rewari",2008,"February",2008-02-01,"N.A."
"947","Haryana","Rohtak",2008,"February",2008-02-01,"1.1"
"948","Haryana","Sirsa",2008,"February",2008-02-01,"12.6"
"949","Haryana","Sonepat",2008,"February",2008-02-01,"0"
"950","Haryana","Yamunanagar",2008,"February",2008-02-01,"4.8"
"951","Haryana","Ambala",2008,"March",2008-03-01,"0"
"952","Haryana","Bhiwani",2008,"March",2008-03-01,"0"
"953","Haryana","Faridabad",2008,"March",2008-03-01,"N.A."
"954","Haryana","Fatehabad",2008,"March",2008-03-01,"0.1"
"955","Haryana","Gurgaon",2008,"March",2008-03-01,"N.A."
"956","Haryana","Hissar",2008,"March",2008-03-01,"0"
"957","Haryana","Jhajjar",2008,"March",2008-03-01,"N.A."
"958","Haryana","Jind",2008,"March",2008-03-01,"N.A."
"959","Haryana","Kaithal",2008,"March",2008-03-01,"N.A."
"960","Haryana","Karnal",2008,"March",2008-03-01,"0"
"961","Haryana","Kurukshetra",2008,"March",2008-03-01,"N.A."
"962","Haryana","Mahendragarh",2008,"March",2008-03-01,"0"
"963","Haryana","Panchkula",2008,"March",2008-03-01,"0"
"964","Haryana","Panipat",2008,"March",2008-03-01,"0"
"965","Haryana","Rewari",2008,"March",2008-03-01,"N.A."
"966","Haryana","Rohtak",2008,"March",2008-03-01,"0"
"967","Haryana","Sirsa",2008,"March",2008-03-01,"0"
"968","Haryana","Sonepat",2008,"March",2008-03-01,"0"
"969","Haryana","Yamunanagar",2008,"March",2008-03-01,"0"
"970","Haryana","Ambala",2008,"April",2008-04-01,"18.1"
"971","Haryana","Bhiwani",2008,"April",2008-04-01,"23"
"972","Haryana","Faridabad",2008,"April",2008-04-01,"N.A."
"973","Haryana","Fatehabad",2008,"April",2008-04-01,"15.5"
"974","Haryana","Gurgaon",2008,"April",2008-04-01,"N.A."
"975","Haryana","Hissar",2008,"April",2008-04-01,"11.9"
"976","Haryana","Jhajjar",2008,"April",2008-04-01,"N.A."
"977","Haryana","Jind",2008,"April",2008-04-01,"N.A."
"978","Haryana","Kaithal",2008,"April",2008-04-01,"N.A."
"979","Haryana","Karnal",2008,"April",2008-04-01,"15.6"
"980","Haryana","Kurukshetra",2008,"April",2008-04-01,"N.A."
"981","Haryana","Mahendragarh",2008,"April",2008-04-01,"30"
"982","Haryana","Panchkula",2008,"April",2008-04-01,"5"
"983","Haryana","Panipat",2008,"April",2008-04-01,"2"
"984","Haryana","Rewari",2008,"April",2008-04-01,"N.A."
"985","Haryana","Rohtak",2008,"April",2008-04-01,"30.7"
"986","Haryana","Sirsa",2008,"April",2008-04-01,"18.1"
"987","Haryana","Sonepat",2008,"April",2008-04-01,"3"
"988","Haryana","Yamunanagar",2008,"April",2008-04-01,"2.3"
"989","Haryana","Ambala",2008,"May",2008-05-01,"129.7"
"990","Haryana","Bhiwani",2008,"May",2008-05-01,"118.6"
"991","Haryana","Faridabad",2008,"May",2008-05-01,"N.A."
"992","Haryana","Fatehabad",2008,"May",2008-05-01,"25"
"993","Haryana","Gurgaon",2008,"May",2008-05-01,"54.3"
"994","Haryana","Hissar",2008,"May",2008-05-01,"50.4"
"995","Haryana","Jhajjar",2008,"May",2008-05-01,"N.A."
"996","Haryana","Jind",2008,"May",2008-05-01,"N.A."
"997","Haryana","Kaithal",2008,"May",2008-05-01,"N.A."
"998","Haryana","Karnal",2008,"May",2008-05-01,"71.7"
"999","Haryana","Kurukshetra",2008,"May",2008-05-01,"N.A."
"1000","Haryana","Mahendragarh",2008,"May",2008-05-01,"133.5"
"1001","Haryana","Panchkula",2008,"May",2008-05-01,"8.5"
"1002","Haryana","Panipat",2008,"May",2008-05-01,"37"
"1003","Haryana","Rewari",2008,"May",2008-05-01,"N.A."
"1004","Haryana","Rohtak",2008,"May",2008-05-01,"145.7"
"1005","Haryana","Sirsa",2008,"May",2008-05-01,"13.3"
"1006","Haryana","Sonepat",2008,"May",2008-05-01,"41"
"1007","Haryana","Yamunanagar",2008,"May",2008-05-01,"0"
"1008","Haryana","Ambala",2008,"June",2008-06-01,"250.9"
"1009","Haryana","Bhiwani",2008,"June",2008-06-01,"185.6"
"1010","Haryana","Faridabad",2008,"June",2008-06-01,"68.3"
"1011","Haryana","Fatehabad",2008,"June",2008-06-01,"168.8"
"1012","Haryana","Gurgaon",2008,"June",2008-06-01,"110.5"
"1013","Haryana","Hissar",2008,"June",2008-06-01,"103.7"
"1014","Haryana","Jhajjar",2008,"June",2008-06-01,"139.9"
"1015","Haryana","Jind",2008,"June",2008-06-01,"170.4"
"1016","Haryana","Kaithal",2008,"June",2008-06-01,"196"
"1017","Haryana","Karnal",2008,"June",2008-06-01,"155"
"1018","Haryana","Kurukshetra",2008,"June",2008-06-01,"33"
"1019","Haryana","Mahendragarh",2008,"June",2008-06-01,"266"
"1020","Haryana","Panchkula",2008,"June",2008-06-01,"101"
"1021","Haryana","Panipat",2008,"June",2008-06-01,"50.5"
"1022","Haryana","Rewari",2008,"June",2008-06-01,"165"
"1023","Haryana","Rohtak",2008,"June",2008-06-01,"85"
"1024","Haryana","Sirsa",2008,"June",2008-06-01,"148.1"
"1025","Haryana","Sonepat",2008,"June",2008-06-01,"133.1"
"1026","Haryana","Yamunanagar",2008,"June",2008-06-01,"290.8"
"1027","Haryana","Ambala",2008,"July",2008-07-01,"268"
"1028","Haryana","Bhiwani",2008,"July",2008-07-01,"109.1"
"1029","Haryana","Faridabad",2008,"July",2008-07-01,"187.1"
"1030","Haryana","Fatehabad",2008,"July",2008-07-01,"32.7"
"1031","Haryana","Gurgaon",2008,"July",2008-07-01,"139.6"
"1032","Haryana","Hissar",2008,"July",2008-07-01,"83.7"
"1033","Haryana","Jhajjar",2008,"July",2008-07-01,"150"
"1034","Haryana","Jind",2008,"July",2008-07-01,"102.1"
"1035","Haryana","Kaithal",2008,"July",2008-07-01,"38"
"1036","Haryana","Karnal",2008,"July",2008-07-01,"103.7"
"1037","Haryana","Kurukshetra",2008,"July",2008-07-01,"39.8"
"1038","Haryana","Mahendragarh",2008,"July",2008-07-01,"121"
"1039","Haryana","Panchkula",2008,"July",2008-07-01,"120.5"
"1040","Haryana","Panipat",2008,"July",2008-07-01,"137"
"1041","Haryana","Rewari",2008,"July",2008-07-01,"185.5"
"1042","Haryana","Rohtak",2008,"July",2008-07-01,"101.9"
"1043","Haryana","Sirsa",2008,"July",2008-07-01,"9.6"
"1044","Haryana","Sonepat",2008,"July",2008-07-01,"196.2"
"1045","Haryana","Yamunanagar",2008,"July",2008-07-01,"293.3"
"1046","Haryana","Ambala",2008,"August",2008-08-01,"298.5"
"1047","Haryana","Bhiwani",2008,"August",2008-08-01,"240"
"1048","Haryana","Faridabad",2008,"August",2008-08-01,"143.6"
"1049","Haryana","Fatehabad",2008,"August",2008-08-01,"169.7"
"1050","Haryana","Gurgaon",2008,"August",2008-08-01,"207.5"
"1051","Haryana","Hissar",2008,"August",2008-08-01,"115.6"
"1052","Haryana","Jhajjar",2008,"August",2008-08-01,"198.9"
"1053","Haryana","Jind",2008,"August",2008-08-01,"123.4"
"1054","Haryana","Kaithal",2008,"August",2008-08-01,"107"
"1055","Haryana","Karnal",2008,"August",2008-08-01,"146.4"
"1056","Haryana","Kurukshetra",2008,"August",2008-08-01,"76.8"
"1057","Haryana","Mahendragarh",2008,"August",2008-08-01,"140.8"
"1058","Haryana","Panchkula",2008,"August",2008-08-01,"209.5"
"1059","Haryana","Panipat",2008,"August",2008-08-01,"110.5"
"1060","Haryana","Rewari",2008,"August",2008-08-01,"112.3"
"1061","Haryana","Rohtak",2008,"August",2008-08-01,"117.8"
"1062","Haryana","Sirsa",2008,"August",2008-08-01,"109.7"
"1063","Haryana","Sonepat",2008,"August",2008-08-01,"272.5"
"1064","Haryana","Yamunanagar",2008,"August",2008-08-01,"177.6"
"1065","Haryana","Ambala",2008,"September",2008-09-01,"232.2"
"1066","Haryana","Bhiwani",2008,"September",2008-09-01,"75.8"
"1067","Haryana","Faridabad",2008,"September",2008-09-01,"126.8"
"1068","Haryana","Fatehabad",2008,"September",2008-09-01,"58.3"
"1069","Haryana","Gurgaon",2008,"September",2008-09-01,"102.2"
"1070","Haryana","Hissar",2008,"September",2008-09-01,"63.1"
"1071","Haryana","Jhajjar",2008,"September",2008-09-01,"123.5"
"1072","Haryana","Jind",2008,"September",2008-09-01,"154.8"
"1073","Haryana","Kaithal",2008,"September",2008-09-01,"206.5"
"1074","Haryana","Karnal",2008,"September",2008-09-01,"109.1"
"1075","Haryana","Kurukshetra",2008,"September",2008-09-01,"96.8"
"1076","Haryana","Mahendragarh",2008,"September",2008-09-01,"133.9"
"1077","Haryana","Panchkula",2008,"September",2008-09-01,"121"
"1078","Haryana","Panipat",2008,"September",2008-09-01,"91.3"
"1079","Haryana","Rewari",2008,"September",2008-09-01,"165.7"
"1080","Haryana","Rohtak",2008,"September",2008-09-01,"83.1"
"1081","Haryana","Sirsa",2008,"September",2008-09-01,"20.3"
"1082","Haryana","Sonepat",2008,"September",2008-09-01,"122.3"
"1083","Haryana","Yamunanagar",2008,"September",2008-09-01,"85.3"
"1084","Haryana","Ambala",2008,"October",2008-10-01,"13"
"1085","Haryana","Bhiwani",2008,"October",2008-10-01,"2.5"
"1086","Haryana","Faridabad",2008,"October",2008-10-01,"0"
"1087","Haryana","Fatehabad",2008,"October",2008-10-01,"0.5"
"1088","Haryana","Gurgaon",2008,"October",2008-10-01,"0"
"1089","Haryana","Hissar",2008,"October",2008-10-01,"3.3"
"1090","Haryana","Jhajjar",2008,"October",2008-10-01,"0"
"1091","Haryana","Jind",2008,"October",2008-10-01,"0"
"1092","Haryana","Kaithal",2008,"October",2008-10-01,"0"
"1093","Haryana","Karnal",2008,"October",2008-10-01,"1.2"
"1094","Haryana","Kurukshetra",2008,"October",2008-10-01,"0"
"1095","Haryana","Mahendragarh",2008,"October",2008-10-01,"0"
"1096","Haryana","Panchkula",2008,"October",2008-10-01,"7"
"1097","Haryana","Panipat",2008,"October",2008-10-01,"0"
"1098","Haryana","Rewari",2008,"October",2008-10-01,"0"
"1099","Haryana","Rohtak",2008,"October",2008-10-01,"0"
"1100","Haryana","Sirsa",2008,"October",2008-10-01,"1.2"
"1101","Haryana","Sonepat",2008,"October",2008-10-01,"0"
"1102","Haryana","Yamunanagar",2008,"October",2008-10-01,"11.5"
"1103","Haryana","Ambala",2008,"November",2008-11-01,"3.6"
"1104","Haryana","Bhiwani",2008,"November",2008-11-01,"7.6"
"1105","Haryana","Faridabad",2008,"November",2008-11-01,"0"
"1106","Haryana","Fatehabad",2008,"November",2008-11-01,"2.7"
"1107","Haryana","Gurgaon",2008,"November",2008-11-01,"0"
"1108","Haryana","Hissar",2008,"November",2008-11-01,"8.3"
"1109","Haryana","Jhajjar",2008,"November",2008-11-01,"0"
"1110","Haryana","Jind",2008,"November",2008-11-01,"9.5"
"1111","Haryana","Kaithal",2008,"November",2008-11-01,"0"
"1112","Haryana","Karnal",2008,"November",2008-11-01,"7.1"
"1113","Haryana","Kurukshetra",2008,"November",2008-11-01,"1.5"
"1114","Haryana","Mahendragarh",2008,"November",2008-11-01,"2.3"
"1115","Haryana","Panchkula",2008,"November",2008-11-01,"0"
"1116","Haryana","Panipat",2008,"November",2008-11-01,"0"
"1117","Haryana","Rewari",2008,"November",2008-11-01,"0"
"1118","Haryana","Rohtak",2008,"November",2008-11-01,"15.3"
"1119","Haryana","Sirsa",2008,"November",2008-11-01,"4.7"
"1120","Haryana","Sonepat",2008,"November",2008-11-01,"23.3"
"1121","Haryana","Yamunanagar",2008,"November",2008-11-01,"0"
"1122","Haryana","Ambala",2008,"December",2008-12-01,"0"
"1123","Haryana","Bhiwani",2008,"December",2008-12-01,"0.3"
"1124","Haryana","Faridabad",2008,"December",2008-12-01,"0"
"1125","Haryana","Fatehabad",2008,"December",2008-12-01,"0"
"1126","Haryana","Gurgaon",2008,"December",2008-12-01,"0"
"1127","Haryana","Hissar",2008,"December",2008-12-01,"0.8"
"1128","Haryana","Jhajjar",2008,"December",2008-12-01,"0"
"1129","Haryana","Jind",2008,"December",2008-12-01,"0"
"1130","Haryana","Kaithal",2008,"December",2008-12-01,"0"
"1131","Haryana","Karnal",2008,"December",2008-12-01,"0"
"1132","Haryana","Kurukshetra",2008,"December",2008-12-01,"0"
"1133","Haryana","Mahendragarh",2008,"December",2008-12-01,"0"
"1134","Haryana","Panchkula",2008,"December",2008-12-01,"0"
"1135","Haryana","Panipat",2008,"December",2008-12-01,"0"
"1136","Haryana","Rewari",2008,"December",2008-12-01,"0"
"1137","Haryana","Rohtak",2008,"December",2008-12-01,"0"
"1138","Haryana","Sirsa",2008,"December",2008-12-01,"0"
"1139","Haryana","Sonepat",2008,"December",2008-12-01,"0"
"1140","Haryana","Yamunanagar",2008,"December",2008-12-01,"0"
"1141","Haryana","Ambala",2009,"January",2009-01-01,"7.3"
"1142","Haryana","Bhiwani",2009,"January",2009-01-01,"6.5"
"1143","Haryana","Faridabad",2009,"January",2009-01-01,"0"
"1144","Haryana","Fatehabad",2009,"January",2009-01-01,"4.3"
"1145","Haryana","Gurgaon",2009,"January",2009-01-01,"0"
"1146","Haryana","Hissar",2009,"January",2009-01-01,"7.8"
"1147","Haryana","Jhajjar",2009,"January",2009-01-01,"0"
"1148","Haryana","Jind",2009,"January",2009-01-01,"10.5"
"1149","Haryana","Kaithal",2009,"January",2009-01-01,"0"
"1150","Haryana","Karnal",2009,"January",2009-01-01,"7.5"
"1151","Haryana","Kurukshetra",2009,"January",2009-01-01,"0"
"1152","Haryana","Mahendragarh",2009,"January",2009-01-01,"2"
"1153","Haryana","Panchkula",2009,"January",2009-01-01,"2"
"1154","Haryana","Panipat",2009,"January",2009-01-01,"0"
"1155","Haryana","Rewari",2009,"January",2009-01-01,"0"
"1156","Haryana","Rohtak",2009,"January",2009-01-01,"1"
"1157","Haryana","Sirsa",2009,"January",2009-01-01,"8.4"
"1158","Haryana","Sonepat",2009,"January",2009-01-01,"0"
"1159","Haryana","Yamunanagar",2009,"January",2009-01-01,"3.5"
"1160","Haryana","Ambala",2009,"February",2009-02-01,"15.6"
"1161","Haryana","Bhiwani",2009,"February",2009-02-01,"8.6"
"1162","Haryana","Faridabad",2009,"February",2009-02-01,"2"
"1163","Haryana","Fatehabad",2009,"February",2009-02-01,"5"
"1164","Haryana","Gurgaon",2009,"February",2009-02-01,"1"
"1165","Haryana","Hissar",2009,"February",2009-02-01,"8"
"1166","Haryana","Jhajjar",2009,"February",2009-02-01,"0"
"1167","Haryana","Jind",2009,"February",2009-02-01,"8.8"
"1168","Haryana","Kaithal",2009,"February",2009-02-01,"0"
"1169","Haryana","Karnal",2009,"February",2009-02-01,"5.5"
"1170","Haryana","Kurukshetra",2009,"February",2009-02-01,"5.5"
"1171","Haryana","Mahendragarh",2009,"February",2009-02-01,"0"
"1172","Haryana","Panchkula",2009,"February",2009-02-01,"7.6"
"1173","Haryana","Panipat",2009,"February",2009-02-01,"N.A."
"1174","Haryana","Rewari",2009,"February",2009-02-01,"N.A."
"1175","Haryana","Rohtak",2009,"February",2009-02-01,"0.1"
"1176","Haryana","Sirsa",2009,"February",2009-02-01,"11.5"
"1177","Haryana","Sonepat",2009,"February",2009-02-01,"19"
"1178","Haryana","Yamunanagar",2009,"February",2009-02-01,"20.5"
"1179","Haryana","Ambala",2009,"March",2009-03-01,"9.7"
"1180","Haryana","Bhiwani",2009,"March",2009-03-01,"6.7"
"1181","Haryana","Faridabad",2009,"March",2009-03-01,"0"
"1182","Haryana","Fatehabad",2009,"March",2009-03-01,"2.3"
"1183","Haryana","Gurgaon",2009,"March",2009-03-01,"0"
"1184","Haryana","Hissar",2009,"March",2009-03-01,"3.8"
"1185","Haryana","Jhajjar",2009,"March",2009-03-01,"0.3"
"1186","Haryana","Jind",2009,"March",2009-03-01,"9"
"1187","Haryana","Kaithal",2009,"March",2009-03-01,"N.A."
"1188","Haryana","Karnal",2009,"March",2009-03-01,"3.7"
"1189","Haryana","Kurukshetra",2009,"March",2009-03-01,"1"
"1190","Haryana","Mahendragarh",2009,"March",2009-03-01,"9"
"1191","Haryana","Panchkula",2009,"March",2009-03-01,"0"
"1192","Haryana","Panipat",2009,"March",2009-03-01,"0"
"1193","Haryana","Rewari",2009,"March",2009-03-01,"N.A."
"1194","Haryana","Rohtak",2009,"March",2009-03-01,"2.6"
"1195","Haryana","Sirsa",2009,"March",2009-03-01,"21"
"1196","Haryana","Sonepat",2009,"March",2009-03-01,"12.5"
"1197","Haryana","Yamunanagar",2009,"March",2009-03-01,"4"
"1198","Haryana","Ambala",2009,"April",2009-04-01,"21"
"1199","Haryana","Bhiwani",2009,"April",2009-04-01,"3.1"
"1200","Haryana","Faridabad",2009,"April",2009-04-01,"0"
"1201","Haryana","Fatehabad",2009,"April",2009-04-01,"0"
"1202","Haryana","Gurgaon",2009,"April",2009-04-01,"8"
"1203","Haryana","Hissar",2009,"April",2009-04-01,"12.8"
"1204","Haryana","Jhajjar",2009,"April",2009-04-01,"14"
"1205","Haryana","Jind",2009,"April",2009-04-01,"15"
"1206","Haryana","Kaithal",2009,"April",2009-04-01,"13.5"
"1207","Haryana","Karnal",2009,"April",2009-04-01,"19"
"1208","Haryana","Kurukshetra",2009,"April",2009-04-01,"12.3"
"1209","Haryana","Mahendragarh",2009,"April",2009-04-01,"0"
"1210","Haryana","Panchkula",2009,"April",2009-04-01,"4.5"
"1211","Haryana","Panipat",2009,"April",2009-04-01,"5"
"1212","Haryana","Rewari",2009,"April",2009-04-01,"N.A."
"1213","Haryana","Rohtak",2009,"April",2009-04-01,"55.8"
"1214","Haryana","Sirsa",2009,"April",2009-04-01,"21.3"
"1215","Haryana","Sonepat",2009,"April",2009-04-01,"23.3"
"1216","Haryana","Yamunanagar",2009,"April",2009-04-01,"20"
"1217","Haryana","Ambala",2009,"May",2009-05-01,"24.8"
"1218","Haryana","Bhiwani",2009,"May",2009-05-01,"14"
"1219","Haryana","Faridabad",2009,"May",2009-05-01,"1"
"1220","Haryana","Fatehabad",2009,"May",2009-05-01,"0"
"1221","Haryana","Gurgaon",2009,"May",2009-05-01,"1.5"
"1222","Haryana","Hissar",2009,"May",2009-05-01,"20.1"
"1223","Haryana","Jhajjar",2009,"May",2009-05-01,"9"
"1224","Haryana","Jind",2009,"May",2009-05-01,"0"
"1225","Haryana","Kaithal",2009,"May",2009-05-01,"0"
"1226","Haryana","Karnal",2009,"May",2009-05-01,"12.7"
"1227","Haryana","Kurukshetra",2009,"May",2009-05-01,"0"
"1228","Haryana","Mahendragarh",2009,"May",2009-05-01,"14"
"1229","Haryana","Panchkula",2009,"May",2009-05-01,"11.5"
"1230","Haryana","Panipat",2009,"May",2009-05-01,"3"
"1231","Haryana","Rewari",2009,"May",2009-05-01,"N.A."
"1232","Haryana","Rohtak",2009,"May",2009-05-01,"10.1"
"1233","Haryana","Sirsa",2009,"May",2009-05-01,"13.2"
"1234","Haryana","Sonepat",2009,"May",2009-05-01,"4"
"1235","Haryana","Yamunanagar",2009,"May",2009-05-01,"0"
"1236","Haryana","Ambala",2009,"June",2009-06-01,"48.9"
"1237","Haryana","Bhiwani",2009,"June",2009-06-01,"14.1"
"1238","Haryana","Faridabad",2009,"June",2009-06-01,"6.5"
"1239","Haryana","Fatehabad",2009,"June",2009-06-01,"3.9"
"1240","Haryana","Gurgaon",2009,"June",2009-06-01,"18"
"1241","Haryana","Hissar",2009,"June",2009-06-01,"20.4"
"1242","Haryana","Jhajjar",2009,"June",2009-06-01,"4.3"
"1243","Haryana","Jind",2009,"June",2009-06-01,"18.5"
"1244","Haryana","Kaithal",2009,"June",2009-06-01,"0"
"1245","Haryana","Karnal",2009,"June",2009-06-01,"16.2"
"1246","Haryana","Kurukshetra",2009,"June",2009-06-01,"11.3"
"1247","Haryana","Mahendragarh",2009,"June",2009-06-01,"47.6"
"1248","Haryana","Panchkula",2009,"June",2009-06-01,"5.5"
"1249","Haryana","Panipat",2009,"June",2009-06-01,"4.8"
"1250","Haryana","Rewari",2009,"June",2009-06-01,"15.8"
"1251","Haryana","Rohtak",2009,"June",2009-06-01,"18"
"1252","Haryana","Sirsa",2009,"June",2009-06-01,"4.4"
"1253","Haryana","Sonepat",2009,"June",2009-06-01,"18.5"
"1254","Haryana","Yamunanagar",2009,"June",2009-06-01,"7"
"1255","Haryana","Ambala",2009,"July",2009-07-01,"187.8"
"1256","Haryana","Bhiwani",2009,"July",2009-07-01,"47.3"
"1257","Haryana","Faridabad",2009,"July",2009-07-01,"42.7"
"1258","Haryana","Fatehabad",2009,"July",2009-07-01,"60.2"
"1259","Haryana","Gurgaon",2009,"July",2009-07-01,"68.1"
"1260","Haryana","Hissar",2009,"July",2009-07-01,"51.3"
"1261","Haryana","Jhajjar",2009,"July",2009-07-01,"97.7"
"1262","Haryana","Jind",2009,"July",2009-07-01,"114.3"
"1263","Haryana","Kaithal",2009,"July",2009-07-01,"116.1"
"1264","Haryana","Karnal",2009,"July",2009-07-01,"83.7"
"1265","Haryana","Kurukshetra",2009,"July",2009-07-01,"68.3"
"1266","Haryana","Mahendragarh",2009,"July",2009-07-01,"51.1"
"1267","Haryana","Panchkula",2009,"July",2009-07-01,"97.8"
"1268","Haryana","Panipat",2009,"July",2009-07-01,"73.2"
"1269","Haryana","Rewari",2009,"July",2009-07-01,"61.7"
"1270","Haryana","Rohtak",2009,"July",2009-07-01,"81"
"1271","Haryana","Sirsa",2009,"July",2009-07-01,"10.1"
"1272","Haryana","Sonepat",2009,"July",2009-07-01,"156.1"
"1273","Haryana","Yamunanagar",2009,"July",2009-07-01,"159.9"
"1274","Haryana","Ambala",2009,"August",2009-08-01,"152.6"
"1275","Haryana","Bhiwani",2009,"August",2009-08-01,"40.2"
"1276","Haryana","Faridabad",2009,"August",2009-08-01,"100.3"
"1277","Haryana","Fatehabad",2009,"August",2009-08-01,"11.3"
"1278","Haryana","Gurgaon",2009,"August",2009-08-01,"96.3"
"1279","Haryana","Hissar",2009,"August",2009-08-01,"11.5"
"1280","Haryana","Jhajjar",2009,"August",2009-08-01,"72.6"
"1281","Haryana","Jind",2009,"August",2009-08-01,"29.2"
"1282","Haryana","Kaithal",2009,"August",2009-08-01,"9.2"
"1283","Haryana","Karnal",2009,"August",2009-08-01,"65.6"
"1284","Haryana","Kurukshetra",2009,"August",2009-08-01,"30.3"
"1285","Haryana","Mahendragarh",2009,"August",2009-08-01,"68.4"
"1286","Haryana","Panchkula",2009,"August",2009-08-01,"75.4"
"1287","Haryana","Panipat",2009,"August",2009-08-01,"32.7"
"1288","Haryana","Rewari",2009,"August",2009-08-01,"38.2"
"1289","Haryana","Rohtak",2009,"August",2009-08-01,"31.3"
"1290","Haryana","Sirsa",2009,"August",2009-08-01,"9.9"
"1291","Haryana","Sonepat",2009,"August",2009-08-01,"47.8"
"1292","Haryana","Yamunanagar",2009,"August",2009-08-01,"220.7"
"1293","Haryana","Ambala",2009,"September",2009-09-01,"308.9"
"1294","Haryana","Bhiwani",2009,"September",2009-09-01,"86.8"
"1295","Haryana","Faridabad",2009,"September",2009-09-01,"197.6"
"1296","Haryana","Fatehabad",2009,"September",2009-09-01,"55.3"
"1297","Haryana","Gurgaon",2009,"September",2009-09-01,"244.1"
"1298","Haryana","Hissar",2009,"September",2009-09-01,"125.3"
"1299","Haryana","Jhajjar",2009,"September",2009-09-01,"183"
"1300","Haryana","Jind",2009,"September",2009-09-01,"201.5"
"1301","Haryana","Kaithal",2009,"September",2009-09-01,"50"
"1302","Haryana","Karnal",2009,"September",2009-09-01,"271.7"
"1303","Haryana","Kurukshetra",2009,"September",2009-09-01,"123.7"
"1304","Haryana","Mahendragarh",2009,"September",2009-09-01,"84.8"
"1305","Haryana","Panchkula",2009,"September",2009-09-01,"183.4"
"1306","Haryana","Panipat",2009,"September",2009-09-01,"153.3"
"1307","Haryana","Rewari",2009,"September",2009-09-01,"135.3"
"1308","Haryana","Rohtak",2009,"September",2009-09-01,"202.9"
"1309","Haryana","Sirsa",2009,"September",2009-09-01,"25.2"
"1310","Haryana","Sonepat",2009,"September",2009-09-01,"301.3"
"1311","Haryana","Yamunanagar",2009,"September",2009-09-01,"308.9"
"1312","Haryana","Ambala",2009,"October",2009-10-01,"2.9"
"1313","Haryana","Bhiwani",2009,"October",2009-10-01,"0"
"1314","Haryana","Faridabad",2009,"October",2009-10-01,"5"
"1315","Haryana","Fatehabad",2009,"October",2009-10-01,"0"
"1316","Haryana","Gurgaon",2009,"October",2009-10-01,"0"
"1317","Haryana","Hissar",2009,"October",2009-10-01,"0"
"1318","Haryana","Jhajjar",2009,"October",2009-10-01,"0"
"1319","Haryana","Jind",2009,"October",2009-10-01,"0"
"1320","Haryana","Kaithal",2009,"October",2009-10-01,"0"
"1321","Haryana","Karnal",2009,"October",2009-10-01,"0"
"1322","Haryana","Kurukshetra",2009,"October",2009-10-01,"0"
"1323","Haryana","Mahendragarh",2009,"October",2009-10-01,"0"
"1324","Haryana","Panchkula",2009,"October",2009-10-01,"11.8"
"1325","Haryana","Panipat",2009,"October",2009-10-01,"0"
"1326","Haryana","Rewari",2009,"October",2009-10-01,"0"
"1327","Haryana","Rohtak",2009,"October",2009-10-01,"0"
"1328","Haryana","Sirsa",2009,"October",2009-10-01,"0"
"1329","Haryana","Sonepat",2009,"October",2009-10-01,"0"
"1330","Haryana","Yamunanagar",2009,"October",2009-10-01,"6"
"1331","Haryana","Ambala",2009,"November",2009-11-01,"0.1"
"1332","Haryana","Bhiwani",2009,"November",2009-11-01,"0.3"
"1333","Haryana","Faridabad",2009,"November",2009-11-01,"0"
"1334","Haryana","Fatehabad",2009,"November",2009-11-01,"N.A."
"1335","Haryana","Gurgaon",2009,"November",2009-11-01,"24.5"
"1336","Haryana","Hissar",2009,"November",2009-11-01,"0"
"1337","Haryana","Jhajjar",2009,"November",2009-11-01,"0"
"1338","Haryana","Jind",2009,"November",2009-11-01,"0"
"1339","Haryana","Kaithal",2009,"November",2009-11-01,"0"
"1340","Haryana","Karnal",2009,"November",2009-11-01,"0"
"1341","Haryana","Kurukshetra",2009,"November",2009-11-01,"0"
"1342","Haryana","Mahendragarh",2009,"November",2009-11-01,"0"
"1343","Haryana","Panchkula",2009,"November",2009-11-01,"0"
"1344","Haryana","Panipat",2009,"November",2009-11-01,"0"
"1345","Haryana","Rewari",2009,"November",2009-11-01,"N.A."
"1346","Haryana","Rohtak",2009,"November",2009-11-01,"0.2"
"1347","Haryana","Sirsa",2009,"November",2009-11-01,"1"
"1348","Haryana","Sonepat",2009,"November",2009-11-01,"0"
"1349","Haryana","Yamunanagar",2009,"November",2009-11-01,"0"
"1350","Haryana","Ambala",2009,"December",2009-12-01,"0"
"1351","Haryana","Bhiwani",2009,"December",2009-12-01,"0.2"
"1352","Haryana","Faridabad",2009,"December",2009-12-01,"0"
"1353","Haryana","Fatehabad",2009,"December",2009-12-01,"N.A."
"1354","Haryana","Gurgaon",2009,"December",2009-12-01,"0"
"1355","Haryana","Hissar",2009,"December",2009-12-01,"0.2"
"1356","Haryana","Jhajjar",2009,"December",2009-12-01,"0"
"1357","Haryana","Jind",2009,"December",2009-12-01,"0"
"1358","Haryana","Kaithal",2009,"December",2009-12-01,"0"
"1359","Haryana","Karnal",2009,"December",2009-12-01,"0"
"1360","Haryana","Kurukshetra",2009,"December",2009-12-01,"0"
"1361","Haryana","Mahendragarh",2009,"December",2009-12-01,"0"
"1362","Haryana","Panchkula",2009,"December",2009-12-01,"0"
"1363","Haryana","Panipat",2009,"December",2009-12-01,"N.A."
"1364","Haryana","Rewari",2009,"December",2009-12-01,"0"
"1365","Haryana","Rohtak",2009,"December",2009-12-01,"1.1"
"1366","Haryana","Sirsa",2009,"December",2009-12-01,"0.3"
"1367","Haryana","Sonepat",2009,"December",2009-12-01,"0.3"
"1368","Haryana","Yamunanagar",2009,"December",2009-12-01,"0"
"1369","Haryana","Ambala",2010,"January",2010-01-01,"7"
"1370","Haryana","Bhiwani",2010,"January",2010-01-01,"9.4"
"1371","Haryana","Faridabad",2010,"January",2010-01-01,"0"
"1372","Haryana","Fatehabad",2010,"January",2010-01-01,"0"
"1373","Haryana","Gurgaon",2010,"January",2010-01-01,"1"
"1374","Haryana","Hissar",2010,"January",2010-01-01,"8"
"1375","Haryana","Jhajjar",2010,"January",2010-01-01,"0"
"1376","Haryana","Jind",2010,"January",2010-01-01,"11.3"
"1377","Haryana","Kaithal",2010,"January",2010-01-01,"2"
"1378","Haryana","Karnal",2010,"January",2010-01-01,"5.5"
"1379","Haryana","Kurukshetra",2010,"January",2010-01-01,"0"
"1380","Haryana","Mahendragarh",2010,"January",2010-01-01,"0"
"1381","Haryana","Panchkula",2010,"January",2010-01-01,"0.3"
"1382","Haryana","Panipat",2010,"January",2010-01-01,"0"
"1383","Haryana","Rewari",2010,"January",2010-01-01,"2"
"1384","Haryana","Rohtak",2010,"January",2010-01-01,"7.4"
"1385","Haryana","Sirsa",2010,"January",2010-01-01,"7.3"
"1386","Haryana","Sonepat",2010,"January",2010-01-01,"5.3"
"1387","Haryana","Yamunanagar",2010,"January",2010-01-01,"7"
"1388","Haryana","Ambala",2010,"February",2010-02-01,"10.9"
"1389","Haryana","Bhiwani",2010,"February",2010-02-01,"8.3"
"1390","Haryana","Faridabad",2010,"February",2010-02-01,"18"
"1391","Haryana","Fatehabad",2010,"February",2010-02-01,"14"
"1392","Haryana","Gurgaon",2010,"February",2010-02-01,"11.3"
"1393","Haryana","Hissar",2010,"February",2010-02-01,"3"
"1394","Haryana","Jhajjar",2010,"February",2010-02-01,"5.3"
"1395","Haryana","Jind",2010,"February",2010-02-01,"7.2"
"1396","Haryana","Kaithal",2010,"February",2010-02-01,"1.7"
"1397","Haryana","Karnal",2010,"February",2010-02-01,"11.5"
"1398","Haryana","Kurukshetra",2010,"February",2010-02-01,"3"
"1399","Haryana","Mahendragarh",2010,"February",2010-02-01,"9"
"1400","Haryana","Panchkula",2010,"February",2010-02-01,"6.3"
"1401","Haryana","Panipat",2010,"February",2010-02-01,"0"
"1402","Haryana","Rewari",2010,"February",2010-02-01,"0"
"1403","Haryana","Rohtak",2010,"February",2010-02-01,"13.1"
"1404","Haryana","Sirsa",2010,"February",2010-02-01,"19.4"
"1405","Haryana","Sonepat",2010,"February",2010-02-01,"16.3"
"1406","Haryana","Yamunanagar",2010,"February",2010-02-01,"27"
"1407","Haryana","Ambala",2010,"March",2010-03-01,"0"
"1408","Haryana","Bhiwani",2010,"March",2010-03-01,"0.2"
"1409","Haryana","Faridabad",2010,"March",2010-03-01,"N.A."
"1410","Haryana","Fatehabad",2010,"March",2010-03-01,"0"
"1411","Haryana","Gurgaon",2010,"March",2010-03-01,"0"
"1412","Haryana","Hissar",2010,"March",2010-03-01,"2.4"
"1413","Haryana","Jhajjar",2010,"March",2010-03-01,"0"
"1414","Haryana","Jind",2010,"March",2010-03-01,"0"
"1415","Haryana","Kaithal",2010,"March",2010-03-01,"0"
"1416","Haryana","Karnal",2010,"March",2010-03-01,"0"
"1417","Haryana","Kurukshetra",2010,"March",2010-03-01,"0"
"1418","Haryana","Mahendragarh",2010,"March",2010-03-01,"0"
"1419","Haryana","Panchkula",2010,"March",2010-03-01,"0"
"1420","Haryana","Panipat",2010,"March",2010-03-01,"N.A."
"1421","Haryana","Rewari",2010,"March",2010-03-01,"N.A."
"1422","Haryana","Rohtak",2010,"March",2010-03-01,"0"
"1423","Haryana","Sirsa",2010,"March",2010-03-01,"3.5"
"1424","Haryana","Sonepat",2010,"March",2010-03-01,"0"
"1425","Haryana","Yamunanagar",2010,"March",2010-03-01,"0"
"1426","Haryana","Ambala",2010,"April",2010-04-01,"0"
"1427","Haryana","Bhiwani",2010,"April",2010-04-01,"0"
"1428","Haryana","Faridabad",2010,"April",2010-04-01,"0"
"1429","Haryana","Fatehabad",2010,"April",2010-04-01,"0"
"1430","Haryana","Gurgaon",2010,"April",2010-04-01,"0"
"1431","Haryana","Hissar",2010,"April",2010-04-01,"0.4"
"1432","Haryana","Jhajjar",2010,"April",2010-04-01,"0"
"1433","Haryana","Jind",2010,"April",2010-04-01,"0"
"1434","Haryana","Kaithal",2010,"April",2010-04-01,"0"
"1435","Haryana","Karnal",2010,"April",2010-04-01,"2.5"
"1436","Haryana","Kurukshetra",2010,"April",2010-04-01,"0"
"1437","Haryana","Mahendragarh",2010,"April",2010-04-01,"0"
"1438","Haryana","Panchkula",2010,"April",2010-04-01,"0"
"1439","Haryana","Panipat",2010,"April",2010-04-01,"0"
"1440","Haryana","Rewari",2010,"April",2010-04-01,"0"
"1441","Haryana","Rohtak",2010,"April",2010-04-01,"0.1"
"1442","Haryana","Sirsa",2010,"April",2010-04-01,"0.2"
"1443","Haryana","Sonepat",2010,"April",2010-04-01,"0"
"1444","Haryana","Yamunanagar",2010,"April",2010-04-01,"0"
"1445","Haryana","Ambala",2010,"May",2010-05-01,"17.9"
"1446","Haryana","Bhiwani",2010,"May",2010-05-01,"0.7"
"1447","Haryana","Faridabad",2010,"May",2010-05-01,"0"
"1448","Haryana","Fatehabad",2010,"May",2010-05-01,"0"
"1449","Haryana","Gurgaon",2010,"May",2010-05-01,"0.2"
"1450","Haryana","Hissar",2010,"May",2010-05-01,"0.6"
"1451","Haryana","Jhajjar",2010,"May",2010-05-01,"0"
"1452","Haryana","Jind",2010,"May",2010-05-01,"0"
"1453","Haryana","Kaithal",2010,"May",2010-05-01,"1.3"
"1454","Haryana","Karnal",2010,"May",2010-05-01,"6.2"
"1455","Haryana","Kurukshetra",2010,"May",2010-05-01,"11"
"1456","Haryana","Mahendragarh",2010,"May",2010-05-01,"0"
"1457","Haryana","Panchkula",2010,"May",2010-05-01,"2.8"
"1458","Haryana","Panipat",2010,"May",2010-05-01,"0"
"1459","Haryana","Rewari",2010,"May",2010-05-01,"0"
"1460","Haryana","Rohtak",2010,"May",2010-05-01,"0.1"
"1461","Haryana","Sirsa",2010,"May",2010-05-01,"2.5"
"1462","Haryana","Sonepat",2010,"May",2010-05-01,"0"
"1463","Haryana","Yamunanagar",2010,"May",2010-05-01,"8.3"
"1464","Haryana","Ambala",2010,"June",2010-06-01,"81.5"
"1465","Haryana","Bhiwani",2010,"June",2010-06-01,"17.2"
"1466","Haryana","Faridabad",2010,"June",2010-06-01,"1.7"
"1467","Haryana","Fatehabad",2010,"June",2010-06-01,"0"
"1468","Haryana","Gurgaon",2010,"June",2010-06-01,"0.8"
"1469","Haryana","Hissar",2010,"June",2010-06-01,"35.9"
"1470","Haryana","Jhajjar",2010,"June",2010-06-01,"0"
"1471","Haryana","Jind",2010,"June",2010-06-01,"26.9"
"1472","Haryana","Kaithal",2010,"June",2010-06-01,"34"
"1473","Haryana","Karnal",2010,"June",2010-06-01,"29.3"
"1474","Haryana","Kurukshetra",2010,"June",2010-06-01,"26.5"
"1475","Haryana","Mahendragarh",2010,"June",2010-06-01,"8"
"1476","Haryana","Panchkula",2010,"June",2010-06-01,"48.3"
"1477","Haryana","Panipat",2010,"June",2010-06-01,"0"
"1478","Haryana","Rewari",2010,"June",2010-06-01,"4.5"
"1479","Haryana","Rohtak",2010,"June",2010-06-01,"6"
"1480","Haryana","Sirsa",2010,"June",2010-06-01,"35"
"1481","Haryana","Sonepat",2010,"June",2010-06-01,"16.3"
"1482","Haryana","Yamunanagar",2010,"June",2010-06-01,"25.4"
"1483","Haryana","Ambala",2010,"July",2010-07-01,"496.2"
"1484","Haryana","Bhiwani",2010,"July",2010-07-01,"144.8"
"1485","Haryana","Faridabad",2010,"July",2010-07-01,"40.2"
"1486","Haryana","Fatehabad",2010,"July",2010-07-01,"133"
"1487","Haryana","Gurgaon",2010,"July",2010-07-01,"310.8"
"1488","Haryana","Hissar",2010,"July",2010-07-01,"147.4"
"1489","Haryana","Jhajjar",2010,"July",2010-07-01,"99.7"
"1490","Haryana","Jind",2010,"July",2010-07-01,"207.9"
"1491","Haryana","Kaithal",2010,"July",2010-07-01,"187.9"
"1492","Haryana","Karnal",2010,"July",2010-07-01,"280.5"
"1493","Haryana","Kurukshetra",2010,"July",2010-07-01,"225.1"
"1494","Haryana","Mahendragarh",2010,"July",2010-07-01,"121.1"
"1495","Haryana","Panchkula",2010,"July",2010-07-01,"252"
"1496","Haryana","Panipat",2010,"July",2010-07-01,"163"
"1497","Haryana","Rewari",2010,"July",2010-07-01,"148.6"
"1498","Haryana","Rohtak",2010,"July",2010-07-01,"79.7"
"1499","Haryana","Sirsa",2010,"July",2010-07-01,"106.2"
"1500","Haryana","Sonepat",2010,"July",2010-07-01,"227.6"
"1501","Haryana","Yamunanagar",2010,"July",2010-07-01,"495.4"
"1502","Haryana","Ambala",2010,"August",2010-08-01,"161.9"
"1503","Haryana","Bhiwani",2010,"August",2010-08-01,"128.5"
"1504","Haryana","Faridabad",2010,"August",2010-08-01,"286"
"1505","Haryana","Fatehabad",2010,"August",2010-08-01,"68.7"
"1506","Haryana","Gurgaon",2010,"August",2010-08-01,"302.6"
"1507","Haryana","Hissar",2010,"August",2010-08-01,"86.6"
"1508","Haryana","Jhajjar",2010,"August",2010-08-01,"238.3"
"1509","Haryana","Jind",2010,"August",2010-08-01,"110.6"
"1510","Haryana","Kaithal",2010,"August",2010-08-01,"143.7"
"1511","Haryana","Karnal",2010,"August",2010-08-01,"249.2"
"1512","Haryana","Kurukshetra",2010,"August",2010-08-01,"65.5"
"1513","Haryana","Mahendragarh",2010,"August",2010-08-01,"197.1"
"1514","Haryana","Panchkula",2010,"August",2010-08-01,"159.3"
"1515","Haryana","Panipat",2010,"August",2010-08-01,"146.3"
"1516","Haryana","Rewari",2010,"August",2010-08-01,"299.1"
"1517","Haryana","Rohtak",2010,"August",2010-08-01,"204.3"
"1518","Haryana","Sirsa",2010,"August",2010-08-01,"96.3"
"1519","Haryana","Sonepat",2010,"August",2010-08-01,"258.3"
"1520","Haryana","Yamunanagar",2010,"August",2010-08-01,"387.1"
"1521","Haryana","Ambala",2010,"September",2010-09-01,"300.9"
"1522","Haryana","Bhiwani",2010,"September",2010-09-01,"123.5"
"1523","Haryana","Faridabad",2010,"September",2010-09-01,"211.7"
"1524","Haryana","Fatehabad",2010,"September",2010-09-01,"106.7"
"1525","Haryana","Gurgaon",2010,"September",2010-09-01,"198.5"
"1526","Haryana","Hissar",2010,"September",2010-09-01,"81.8"
"1527","Haryana","Jhajjar",2010,"September",2010-09-01,"142.4"
"1528","Haryana","Jind",2010,"September",2010-09-01,"162"
"1529","Haryana","Kaithal",2010,"September",2010-09-01,"177.7"
"1530","Haryana","Karnal",2010,"September",2010-09-01,"276"
"1531","Haryana","Kurukshetra",2010,"September",2010-09-01,"105.2"
"1532","Haryana","Mahendragarh",2010,"September",2010-09-01,"163.2"
"1533","Haryana","Panchkula",2010,"September",2010-09-01,"229.4"
"1534","Haryana","Panipat",2010,"September",2010-09-01,"190.5"
"1535","Haryana","Rewari",2010,"September",2010-09-01,"161.7"
"1536","Haryana","Rohtak",2010,"September",2010-09-01,"153.7"
"1537","Haryana","Sirsa",2010,"September",2010-09-01,"120.6"
"1538","Haryana","Sonepat",2010,"September",2010-09-01,"226.8"
"1539","Haryana","Yamunanagar",2010,"September",2010-09-01,"437.3"
"1540","Haryana","Ambala",2010,"October",2010-10-01,"5.7"
"1541","Haryana","Bhiwani",2010,"October",2010-10-01,"0"
"1542","Haryana","Faridabad",2010,"October",2010-10-01,"0"
"1543","Haryana","Fatehabad",2010,"October",2010-10-01,"0"
"1544","Haryana","Gurgaon",2010,"October",2010-10-01,"0"
"1545","Haryana","Hissar",2010,"October",2010-10-01,"0"
"1546","Haryana","Jhajjar",2010,"October",2010-10-01,"0"
"1547","Haryana","Jind",2010,"October",2010-10-01,"0"
"1548","Haryana","Kaithal",2010,"October",2010-10-01,"0"
"1549","Haryana","Karnal",2010,"October",2010-10-01,"0"
"1550","Haryana","Kurukshetra",2010,"October",2010-10-01,"0"
"1551","Haryana","Mahendragarh",2010,"October",2010-10-01,"0"
"1552","Haryana","Panchkula",2010,"October",2010-10-01,"0"
"1553","Haryana","Panipat",2010,"October",2010-10-01,"0"
"1554","Haryana","Rewari",2010,"October",2010-10-01,"0"
"1555","Haryana","Rohtak",2010,"October",2010-10-01,"12.3"
"1556","Haryana","Sirsa",2010,"October",2010-10-01,"0"
"1557","Haryana","Sonepat",2010,"October",2010-10-01,"7.5"
"1558","Haryana","Yamunanagar",2010,"October",2010-10-01,"11"
"1559","Haryana","Ambala",2010,"November",2010-11-01,"1.9"
"1560","Haryana","Bhiwani",2010,"November",2010-11-01,"1.1"
"1561","Haryana","Faridabad",2010,"November",2010-11-01,"0"
"1562","Haryana","Fatehabad",2010,"November",2010-11-01,"0"
"1563","Haryana","Gurgaon",2010,"November",2010-11-01,"15"
"1564","Haryana","Hissar",2010,"November",2010-11-01,"0"
"1565","Haryana","Jhajjar",2010,"November",2010-11-01,"0"
"1566","Haryana","Jind",2010,"November",2010-11-01,"0.1"
"1567","Haryana","Kaithal",2010,"November",2010-11-01,"0"
"1568","Haryana","Karnal",2010,"November",2010-11-01,"0"
"1569","Haryana","Kurukshetra",2010,"November",2010-11-01,"0"
"1570","Haryana","Mahendragarh",2010,"November",2010-11-01,"23.7"
"1571","Haryana","Panchkula",2010,"November",2010-11-01,"0"
"1572","Haryana","Panipat",2010,"November",2010-11-01,"0"
"1573","Haryana","Rewari",2010,"November",2010-11-01,"4.8"
"1574","Haryana","Rohtak",2010,"November",2010-11-01,"0.1"
"1575","Haryana","Sirsa",2010,"November",2010-11-01,"0"
"1576","Haryana","Sonepat",2010,"November",2010-11-01,"0"
"1577","Haryana","Yamunanagar",2010,"November",2010-11-01,"6.7"
"1578","Haryana","Ambala",2010,"December",2010-12-01,"39.8"
"1579","Haryana","Bhiwani",2010,"December",2010-12-01,"7.4"
"1580","Haryana","Faridabad",2010,"December",2010-12-01,"0"
"1581","Haryana","Fatehabad",2010,"December",2010-12-01,"8"
"1582","Haryana","Gurgaon",2010,"December",2010-12-01,"1"
"1583","Haryana","Hissar",2010,"December",2010-12-01,"14.2"
"1584","Haryana","Jhajjar",2010,"December",2010-12-01,"0"
"1585","Haryana","Jind",2010,"December",2010-12-01,"17.6"
"1586","Haryana","Kaithal",2010,"December",2010-12-01,"19.2"
"1587","Haryana","Karnal",2010,"December",2010-12-01,"16.1"
"1588","Haryana","Kurukshetra",2010,"December",2010-12-01,"22.3"
"1589","Haryana","Mahendragarh",2010,"December",2010-12-01,"0"
"1590","Haryana","Panchkula",2010,"December",2010-12-01,"9"
"1591","Haryana","Panipat",2010,"December",2010-12-01,"5.3"
"1592","Haryana","Rewari",2010,"December",2010-12-01,"4.4"
"1593","Haryana","Rohtak",2010,"December",2010-12-01,"9.3"
"1594","Haryana","Sirsa",2010,"December",2010-12-01,"5.9"
"1595","Haryana","Sonepat",2010,"December",2010-12-01,"8.3"
"1596","Haryana","Yamunanagar",2010,"December",2010-12-01,"28.7"
