"Sr.No","State","District","Year","Month","Date","Value"
"1","Himachal Pradesh","Bilaspur",2004,"January",2004-01-01,"148.6"
"2","Himachal Pradesh","Chamba",2004,"January",2004-01-01,"111.7"
"3","Himachal Pradesh","Hamirpur",2004,"January",2004-01-01,"140.6"
"4","Himachal Pradesh","Kangra",2004,"January",2004-01-01,"112.9"
"5","Himachal Pradesh","Kinnaur",2004,"January",2004-01-01,"29.3"
"6","Himachal Pradesh","Kulu",2004,"January",2004-01-01,"141.8"
"7","Himachal Pradesh","Mandi",2004,"January",2004-01-01,"137.2"
"8","Himachal Pradesh","Simla",2004,"January",2004-01-01,"99.2"
"9","Himachal Pradesh","Sirmur",2004,"January",2004-01-01,"98.5"
"10","Himachal Pradesh","Solan",2004,"January",2004-01-01,"87.9"
"11","Himachal Pradesh","Una",2004,"January",2004-01-01,"116.2"
"12","Himachal Pradesh","Bilaspur",2004,"February",2004-02-01,"12.8"
"13","Himachal Pradesh","Chamba",2004,"February",2004-02-01,"49.4"
"14","Himachal Pradesh","Hamirpur",2004,"February",2004-02-01,"21.6"
"15","Himachal Pradesh","Kangra",2004,"February",2004-02-01,"13.7"
"16","Himachal Pradesh","Kinnaur",2004,"February",2004-02-01,"37.1"
"17","Himachal Pradesh","Kulu",2004,"February",2004-02-01,"43"
"18","Himachal Pradesh","Mandi",2004,"February",2004-02-01,"12.7"
"19","Himachal Pradesh","Simla",2004,"February",2004-02-01,"32.2"
"20","Himachal Pradesh","Sirmur",2004,"February",2004-02-01,"6"
"21","Himachal Pradesh","Solan",2004,"February",2004-02-01,"4.3"
"22","Himachal Pradesh","Una",2004,"February",2004-02-01,"13.2"
"23","Himachal Pradesh","Bilaspur",2004,"March",2004-03-01,"0"
"24","Himachal Pradesh","Chamba",2004,"March",2004-03-01,"2.5"
"25","Himachal Pradesh","Hamirpur",2004,"March",2004-03-01,"0"
"26","Himachal Pradesh","Kangra",2004,"March",2004-03-01,"0"
"27","Himachal Pradesh","Kinnaur",2004,"March",2004-03-01,"2.8"
"28","Himachal Pradesh","Kulu",2004,"March",2004-03-01,"0"
"29","Himachal Pradesh","Mandi",2004,"March",2004-03-01,"0"
"30","Himachal Pradesh","Simla",2004,"March",2004-03-01,"0"
"31","Himachal Pradesh","Sirmur",2004,"March",2004-03-01,"0"
"32","Himachal Pradesh","Solan",2004,"March",2004-03-01,"0"
"33","Himachal Pradesh","Una",2004,"March",2004-03-01,"0"
"34","Himachal Pradesh","Bilaspur",2004,"April",2004-04-01,"25.4"
"35","Himachal Pradesh","Chamba",2004,"April",2004-04-01,"91.8"
"36","Himachal Pradesh","Hamirpur",2004,"April",2004-04-01,"41.8"
"37","Himachal Pradesh","Kangra",2004,"April",2004-04-01,"31.4"
"38","Himachal Pradesh","Kinnaur",2004,"April",2004-04-01,"45.6"
"39","Himachal Pradesh","Kulu",2004,"April",2004-04-01,"61.3"
"40","Himachal Pradesh","Mandi",2004,"April",2004-04-01,"25.6"
"41","Himachal Pradesh","Simla",2004,"April",2004-04-01,"47.4"
"42","Himachal Pradesh","Sirmur",2004,"April",2004-04-01,"31.7"
"43","Himachal Pradesh","Solan",2004,"April",2004-04-01,"37.1"
"44","Himachal Pradesh","Una",2004,"April",2004-04-01,"24.7"
"45","Himachal Pradesh","Bilaspur",2004,"May",2004-05-01,"55"
"46","Himachal Pradesh","Chamba",2004,"May",2004-05-01,"56.4"
"47","Himachal Pradesh","Hamirpur",2004,"May",2004-05-01,"47"
"48","Himachal Pradesh","Kangra",2004,"May",2004-05-01,"35.3"
"49","Himachal Pradesh","Kinnaur",2004,"May",2004-05-01,"19.5"
"50","Himachal Pradesh","Kulu",2004,"May",2004-05-01,"105.2"
"51","Himachal Pradesh","Mandi",2004,"May",2004-05-01,"56.5"
"52","Himachal Pradesh","Simla",2004,"May",2004-05-01,"56.1"
"53","Himachal Pradesh","Sirmur",2004,"May",2004-05-01,"55.5"
"54","Himachal Pradesh","Solan",2004,"May",2004-05-01,"51.9"
"55","Himachal Pradesh","Una",2004,"May",2004-05-01,"34.7"
"56","Himachal Pradesh","Bilaspur",2004,"June",2004-06-01,"93.7"
"57","Himachal Pradesh","Chamba",2004,"June",2004-06-01,"83.8"
"58","Himachal Pradesh","Hamirpur",2004,"June",2004-06-01,"137.1"
"59","Himachal Pradesh","Kangra",2004,"June",2004-06-01,"133.9"
"60","Himachal Pradesh","Kinnaur",2004,"June",2004-06-01,"2.9"
"61","Himachal Pradesh","Kulu",2004,"June",2004-06-01,"34.4"
"62","Himachal Pradesh","Mandi",2004,"June",2004-06-01,"128.5"
"63","Himachal Pradesh","Simla",2004,"June",2004-06-01,"86"
"64","Himachal Pradesh","Sirmur",2004,"June",2004-06-01,"147.7"
"65","Himachal Pradesh","Solan",2004,"June",2004-06-01,"76.1"
"66","Himachal Pradesh","Una",2004,"June",2004-06-01,"123.3"
"67","Himachal Pradesh","Bilaspur",2004,"July",2004-07-01,"219.4"
"68","Himachal Pradesh","Chamba",2004,"July",2004-07-01,"112.8"
"69","Himachal Pradesh","Hamirpur",2004,"July",2004-07-01,"303.6"
"70","Himachal Pradesh","Kangra",2004,"July",2004-07-01,"364.4"
"71","Himachal Pradesh","Kinnaur",2004,"July",2004-07-01,"25.9"
"72","Himachal Pradesh","Kulu",2004,"July",2004-07-01,"116.2"
"73","Himachal Pradesh","Mandi",2004,"July",2004-07-01,"302.7"
"74","Himachal Pradesh","Simla",2004,"July",2004-07-01,"75.4"
"75","Himachal Pradesh","Sirmur",2004,"July",2004-07-01,"150.2"
"76","Himachal Pradesh","Solan",2004,"July",2004-07-01,"78.4"
"77","Himachal Pradesh","Una",2004,"July",2004-07-01,"320"
"78","Himachal Pradesh","Bilaspur",2004,"August",2004-08-01,"348.6"
"79","Himachal Pradesh","Chamba",2004,"August",2004-08-01,"187"
"80","Himachal Pradesh","Hamirpur",2004,"August",2004-08-01,"319.3"
"81","Himachal Pradesh","Kangra",2004,"August",2004-08-01,"377.8"
"82","Himachal Pradesh","Kinnaur",2004,"August",2004-08-01,"51.7"
"83","Himachal Pradesh","Kulu",2004,"August",2004-08-01,"201.4"
"84","Himachal Pradesh","Mandi",2004,"August",2004-08-01,"303.9"
"85","Himachal Pradesh","Simla",2004,"August",2004-08-01,"252"
"86","Himachal Pradesh","Sirmur",2004,"August",2004-08-01,"542.9"
"87","Himachal Pradesh","Solan",2004,"August",2004-08-01,"306.3"
"88","Himachal Pradesh","Una",2004,"August",2004-08-01,"226.6"
"89","Himachal Pradesh","Bilaspur",2004,"September",2004-09-01,"52.5"
"90","Himachal Pradesh","Chamba",2004,"September",2004-09-01,"27.4"
"91","Himachal Pradesh","Hamirpur",2004,"September",2004-09-01,"98.3"
"92","Himachal Pradesh","Kangra",2004,"September",2004-09-01,"111.1"
"93","Himachal Pradesh","Kinnaur",2004,"September",2004-09-01,"5.9"
"94","Himachal Pradesh","Kulu",2004,"September",2004-09-01,"14"
"95","Himachal Pradesh","Mandi",2004,"September",2004-09-01,"74.6"
"96","Himachal Pradesh","Simla",2004,"September",2004-09-01,"31.6"
"97","Himachal Pradesh","Sirmur",2004,"September",2004-09-01,"77.6"
"98","Himachal Pradesh","Solan",2004,"September",2004-09-01,"82.3"
"99","Himachal Pradesh","Una",2004,"September",2004-09-01,"89.8"
"100","Himachal Pradesh","Bilaspur",2004,"October",2004-10-01,"125"
"101","Himachal Pradesh","Chamba",2004,"October",2004-10-01,"124.7"
"102","Himachal Pradesh","Hamirpur",2004,"October",2004-10-01,"138.8"
"103","Himachal Pradesh","Kangra",2004,"October",2004-10-01,"125.2"
"104","Himachal Pradesh","Kinnaur",2004,"October",2004-10-01,"22.4"
"105","Himachal Pradesh","Kulu",2004,"October",2004-10-01,"166.5"
"106","Himachal Pradesh","Mandi",2004,"October",2004-10-01,"116.7"
"107","Himachal Pradesh","Simla",2004,"October",2004-10-01,"91.5"
"108","Himachal Pradesh","Sirmur",2004,"October",2004-10-01,"97.5"
"109","Himachal Pradesh","Solan",2004,"October",2004-10-01,"85.4"
"110","Himachal Pradesh","Una",2004,"October",2004-10-01,"145.7"
"111","Himachal Pradesh","Bilaspur",2004,"November",2004-11-01,"0"
"112","Himachal Pradesh","Chamba",2004,"November",2004-11-01,"17.5"
"113","Himachal Pradesh","Hamirpur",2004,"November",2004-11-01,"3.1"
"114","Himachal Pradesh","Kangra",2004,"November",2004-11-01,"6.1"
"115","Himachal Pradesh","Kinnaur",2004,"November",2004-11-01,"0"
"116","Himachal Pradesh","Kulu",2004,"November",2004-11-01,"1.1"
"117","Himachal Pradesh","Mandi",2004,"November",2004-11-01,"0.3"
"118","Himachal Pradesh","Simla",2004,"November",2004-11-01,"1.5"
"119","Himachal Pradesh","Sirmur",2004,"November",2004-11-01,"2.7"
"120","Himachal Pradesh","Solan",2004,"November",2004-11-01,"0.4"
"121","Himachal Pradesh","Una",2004,"November",2004-11-01,"2.2"
"122","Himachal Pradesh","Bilaspur",2004,"December",2004-12-01,"19"
"123","Himachal Pradesh","Chamba",2004,"December",2004-12-01,"25.3"
"124","Himachal Pradesh","Hamirpur",2004,"December",2004-12-01,"38.7"
"125","Himachal Pradesh","Kangra",2004,"December",2004-12-01,"32.1"
"126","Himachal Pradesh","Kinnaur",2004,"December",2004-12-01,"12.8"
"127","Himachal Pradesh","Kulu",2004,"December",2004-12-01,"27.8"
"128","Himachal Pradesh","Mandi",2004,"December",2004-12-01,"11.4"
"129","Himachal Pradesh","Simla",2004,"December",2004-12-01,"6.3"
"130","Himachal Pradesh","Sirmur",2004,"December",2004-12-01,"3.7"
"131","Himachal Pradesh","Solan",2004,"December",2004-12-01,"3"
"132","Himachal Pradesh","Una",2004,"December",2004-12-01,"12"
"133","Himachal Pradesh","Bilaspur",2005,"January",2005-01-01,"56"
"134","Himachal Pradesh","Chamba",2005,"January",2005-01-01,"61.1"
"135","Himachal Pradesh","Hamirpur",2005,"January",2005-01-01,"70.2"
"136","Himachal Pradesh","Kangra",2005,"January",2005-01-01,"71.9"
"137","Himachal Pradesh","Kinnaur",2005,"January",2005-01-01,"123.9"
"138","Himachal Pradesh","Kulu",2005,"January",2005-01-01,"80.7"
"139","Himachal Pradesh","Mandi",2005,"January",2005-01-01,"49.6"
"140","Himachal Pradesh","Simla",2005,"January",2005-01-01,"76.5"
"141","Himachal Pradesh","Sirmur",2005,"January",2005-01-01,"63.5"
"142","Himachal Pradesh","Solan",2005,"January",2005-01-01,"49.2"
"143","Himachal Pradesh","Una",2005,"January",2005-01-01,"62"
"144","Himachal Pradesh","Bilaspur",2005,"February",2005-02-01,"113.9"
"145","Himachal Pradesh","Chamba",2005,"February",2005-02-01,"177"
"146","Himachal Pradesh","Hamirpur",2005,"February",2005-02-01,"166.8"
"147","Himachal Pradesh","Kangra",2005,"February",2005-02-01,"156.3"
"148","Himachal Pradesh","Kinnaur",2005,"February",2005-02-01,"137.6"
"149","Himachal Pradesh","Kulu",2005,"February",2005-02-01,"142.2"
"150","Himachal Pradesh","Mandi",2005,"February",2005-02-01,"147.2"
"151","Himachal Pradesh","Simla",2005,"February",2005-02-01,"144.5"
"152","Himachal Pradesh","Sirmur",2005,"February",2005-02-01,"96.9"
"153","Himachal Pradesh","Solan",2005,"February",2005-02-01,"129.8"
"154","Himachal Pradesh","Una",2005,"February",2005-02-01,"156.5"
"155","Himachal Pradesh","Bilaspur",2005,"March",2005-03-01,"81.2"
"156","Himachal Pradesh","Chamba",2005,"March",2005-03-01,"112"
"157","Himachal Pradesh","Hamirpur",2005,"March",2005-03-01,"74.4"
"158","Himachal Pradesh","Kangra",2005,"March",2005-03-01,"83.2"
"159","Himachal Pradesh","Kinnaur",2005,"March",2005-03-01,"76"
"160","Himachal Pradesh","Kulu",2005,"March",2005-03-01,"162.7"
"161","Himachal Pradesh","Mandi",2005,"March",2005-03-01,"82.5"
"162","Himachal Pradesh","Simla",2005,"March",2005-03-01,"89.7"
"163","Himachal Pradesh","Sirmur",2005,"March",2005-03-01,"87.7"
"164","Himachal Pradesh","Solan",2005,"March",2005-03-01,"55.8"
"165","Himachal Pradesh","Una",2005,"March",2005-03-01,"69.4"
"166","Himachal Pradesh","Bilaspur",2005,"April",2005-04-01,"1.4"
"167","Himachal Pradesh","Chamba",2005,"April",2005-04-01,"26.7"
"168","Himachal Pradesh","Hamirpur",2005,"April",2005-04-01,"9.7"
"169","Himachal Pradesh","Kangra",2005,"April",2005-04-01,"7.1"
"170","Himachal Pradesh","Kinnaur",2005,"April",2005-04-01,"19"
"171","Himachal Pradesh","Kulu",2005,"April",2005-04-01,"24.9"
"172","Himachal Pradesh","Mandi",2005,"April",2005-04-01,"6.8"
"173","Himachal Pradesh","Simla",2005,"April",2005-04-01,"33.6"
"174","Himachal Pradesh","Sirmur",2005,"April",2005-04-01,"3.3"
"175","Himachal Pradesh","Solan",2005,"April",2005-04-01,"9.4"
"176","Himachal Pradesh","Una",2005,"April",2005-04-01,"8"
"177","Himachal Pradesh","Bilaspur",2005,"May",2005-05-01,"17.6"
"178","Himachal Pradesh","Chamba",2005,"May",2005-05-01,"39.3"
"179","Himachal Pradesh","Hamirpur",2005,"May",2005-05-01,"23"
"180","Himachal Pradesh","Kangra",2005,"May",2005-05-01,"11.3"
"181","Himachal Pradesh","Kinnaur",2005,"May",2005-05-01,"20.7"
"182","Himachal Pradesh","Kulu",2005,"May",2005-05-01,"96.6"
"183","Himachal Pradesh","Mandi",2005,"May",2005-05-01,"21.7"
"184","Himachal Pradesh","Simla",2005,"May",2005-05-01,"22.4"
"185","Himachal Pradesh","Sirmur",2005,"May",2005-05-01,"29.4"
"186","Himachal Pradesh","Solan",2005,"May",2005-05-01,"19.5"
"187","Himachal Pradesh","Una",2005,"May",2005-05-01,"16.2"
"188","Himachal Pradesh","Bilaspur",2005,"June",2005-06-01,"46.7"
"189","Himachal Pradesh","Chamba",2005,"June",2005-06-01,"51.3"
"190","Himachal Pradesh","Hamirpur",2005,"June",2005-06-01,"57.9"
"191","Himachal Pradesh","Kangra",2005,"June",2005-06-01,"95.7"
"192","Himachal Pradesh","Kinnaur",2005,"June",2005-06-01,"13.7"
"193","Himachal Pradesh","Kulu",2005,"June",2005-06-01,"76.3"
"194","Himachal Pradesh","Mandi",2005,"June",2005-06-01,"110.2"
"195","Himachal Pradesh","Simla",2005,"June",2005-06-01,"99.4"
"196","Himachal Pradesh","Sirmur",2005,"June",2005-06-01,"105.6"
"197","Himachal Pradesh","Solan",2005,"June",2005-06-01,"33.5"
"198","Himachal Pradesh","Una",2005,"June",2005-06-01,"78"
"199","Himachal Pradesh","Bilaspur",2005,"July",2005-07-01,"334.7"
"200","Himachal Pradesh","Chamba",2005,"July",2005-07-01,"357.8"
"201","Himachal Pradesh","Hamirpur",2005,"July",2005-07-01,"407.6"
"202","Himachal Pradesh","Kangra",2005,"July",2005-07-01,"482.2"
"203","Himachal Pradesh","Kinnaur",2005,"July",2005-07-01,"132.1"
"204","Himachal Pradesh","Kulu",2005,"July",2005-07-01,"294.6"
"205","Himachal Pradesh","Mandi",2005,"July",2005-07-01,"561.4"
"206","Himachal Pradesh","Simla",2005,"July",2005-07-01,"375.7"
"207","Himachal Pradesh","Sirmur",2005,"July",2005-07-01,"477"
"208","Himachal Pradesh","Solan",2005,"July",2005-07-01,"391"
"209","Himachal Pradesh","Una",2005,"July",2005-07-01,"409.7"
"210","Himachal Pradesh","Bilaspur",2005,"August",2005-08-01,"187.2"
"211","Himachal Pradesh","Chamba",2005,"August",2005-08-01,"49.1"
"212","Himachal Pradesh","Hamirpur",2005,"August",2005-08-01,"298.1"
"213","Himachal Pradesh","Kangra",2005,"August",2005-08-01,"315.7"
"214","Himachal Pradesh","Kinnaur",2005,"August",2005-08-01,"14.5"
"215","Himachal Pradesh","Kulu",2005,"August",2005-08-01,"49.3"
"216","Himachal Pradesh","Mandi",2005,"August",2005-08-01,"147.4"
"217","Himachal Pradesh","Simla",2005,"August",2005-08-01,"69.9"
"218","Himachal Pradesh","Sirmur",2005,"August",2005-08-01,"127.5"
"219","Himachal Pradesh","Solan",2005,"August",2005-08-01,"93.7"
"220","Himachal Pradesh","Una",2005,"August",2005-08-01,"273.4"
"221","Himachal Pradesh","Bilaspur",2005,"September",2005-09-01,"103"
"222","Himachal Pradesh","Chamba",2005,"September",2005-09-01,"130.1"
"223","Himachal Pradesh","Hamirpur",2005,"September",2005-09-01,"141.7"
"224","Himachal Pradesh","Kangra",2005,"September",2005-09-01,"240.5"
"225","Himachal Pradesh","Kinnaur",2005,"September",2005-09-01,"104.4"
"226","Himachal Pradesh","Kulu",2005,"September",2005-09-01,"114.2"
"227","Himachal Pradesh","Mandi",2005,"September",2005-09-01,"135.8"
"228","Himachal Pradesh","Simla",2005,"September",2005-09-01,"132"
"229","Himachal Pradesh","Sirmur",2005,"September",2005-09-01,"323"
"230","Himachal Pradesh","Solan",2005,"September",2005-09-01,"167.4"
"231","Himachal Pradesh","Una",2005,"September",2005-09-01,"143.7"
"232","Himachal Pradesh","Bilaspur",2005,"October",2005-10-01,"0.2"
"233","Himachal Pradesh","Chamba",2005,"October",2005-10-01,"0"
"234","Himachal Pradesh","Hamirpur",2005,"October",2005-10-01,"3.2"
"235","Himachal Pradesh","Kangra",2005,"October",2005-10-01,"6.9"
"236","Himachal Pradesh","Kinnaur",2005,"October",2005-10-01,"1.9"
"237","Himachal Pradesh","Kulu",2005,"October",2005-10-01,"0.7"
"238","Himachal Pradesh","Mandi",2005,"October",2005-10-01,"1.7"
"239","Himachal Pradesh","Simla",2005,"October",2005-10-01,"0.5"
"240","Himachal Pradesh","Sirmur",2005,"October",2005-10-01,"0"
"241","Himachal Pradesh","Solan",2005,"October",2005-10-01,"1.4"
"242","Himachal Pradesh","Una",2005,"October",2005-10-01,"0.5"
"243","Himachal Pradesh","Bilaspur",2005,"November",2005-11-01,"0"
"244","Himachal Pradesh","Chamba",2005,"November",2005-11-01,"0"
"245","Himachal Pradesh","Hamirpur",2005,"November",2005-11-01,"0"
"246","Himachal Pradesh","Kangra",2005,"November",2005-11-01,"0"
"247","Himachal Pradesh","Kinnaur",2005,"November",2005-11-01,"0"
"248","Himachal Pradesh","Kulu",2005,"November",2005-11-01,"0"
"249","Himachal Pradesh","Mandi",2005,"November",2005-11-01,"0"
"250","Himachal Pradesh","Simla",2005,"November",2005-11-01,"0.7"
"251","Himachal Pradesh","Sirmur",2005,"November",2005-11-01,"0"
"252","Himachal Pradesh","Solan",2005,"November",2005-11-01,"0"
"253","Himachal Pradesh","Una",2005,"November",2005-11-01,"0"
"254","Himachal Pradesh","Bilaspur",2005,"December",2005-12-01,"0"
"255","Himachal Pradesh","Chamba",2005,"December",2005-12-01,"0"
"256","Himachal Pradesh","Hamirpur",2005,"December",2005-12-01,"0"
"257","Himachal Pradesh","Kangra",2005,"December",2005-12-01,"0"
"258","Himachal Pradesh","Kinnaur",2005,"December",2005-12-01,"0"
"259","Himachal Pradesh","Kulu",2005,"December",2005-12-01,"0"
"260","Himachal Pradesh","Mandi",2005,"December",2005-12-01,"0.1"
"261","Himachal Pradesh","Simla",2005,"December",2005-12-01,"0"
"262","Himachal Pradesh","Sirmur",2005,"December",2005-12-01,"0"
"263","Himachal Pradesh","Solan",2005,"December",2005-12-01,"0"
"264","Himachal Pradesh","Una",2005,"December",2005-12-01,"0"
"265","Himachal Pradesh","Bilaspur",2006,"January",2006-01-01,"53.9"
"266","Himachal Pradesh","Chamba",2006,"January",2006-01-01,"194.2"
"267","Himachal Pradesh","Hamirpur",2006,"January",2006-01-01,"57.2"
"268","Himachal Pradesh","Kangra",2006,"January",2006-01-01,"58.2"
"269","Himachal Pradesh","Kinnaur",2006,"January",2006-01-01,"0.5"
"270","Himachal Pradesh","Kulu",2006,"January",2006-01-01,"123"
"271","Himachal Pradesh","Mandi",2006,"January",2006-01-01,"53.7"
"272","Himachal Pradesh","Simla",2006,"January",2006-01-01,"75.3"
"273","Himachal Pradesh","Sirmur",2006,"January",2006-01-01,"42.7"
"274","Himachal Pradesh","Solan",2006,"January",2006-01-01,"49.9"
"275","Himachal Pradesh","Una",2006,"January",2006-01-01,"15.4"
"276","Himachal Pradesh","Bilaspur",2006,"February",2006-02-01,"1.7"
"277","Himachal Pradesh","Chamba",2006,"February",2006-02-01,"128.2"
"278","Himachal Pradesh","Hamirpur",2006,"February",2006-02-01,"2.1"
"279","Himachal Pradesh","Kangra",2006,"February",2006-02-01,"24.2"
"280","Himachal Pradesh","Kinnaur",2006,"February",2006-02-01,"0"
"281","Himachal Pradesh","Kulu",2006,"February",2006-02-01,"56.8"
"282","Himachal Pradesh","Mandi",2006,"February",2006-02-01,"2.8"
"283","Himachal Pradesh","Simla",2006,"February",2006-02-01,"12.9"
"284","Himachal Pradesh","Sirmur",2006,"February",2006-02-01,"1.3"
"285","Himachal Pradesh","Solan",2006,"February",2006-02-01,"0.9"
"286","Himachal Pradesh","Una",2006,"February",2006-02-01,"1.3"
"287","Himachal Pradesh","Bilaspur",2006,"March",2006-03-01,"86.3"
"288","Himachal Pradesh","Chamba",2006,"March",2006-03-01,"118"
"289","Himachal Pradesh","Hamirpur",2006,"March",2006-03-01,"99.7"
"290","Himachal Pradesh","Kangra",2006,"March",2006-03-01,"80"
"291","Himachal Pradesh","Kinnaur",2006,"March",2006-03-01,"41.8"
"292","Himachal Pradesh","Kulu",2006,"March",2006-03-01,"84.8"
"293","Himachal Pradesh","Mandi",2006,"March",2006-03-01,"84.4"
"294","Himachal Pradesh","Simla",2006,"March",2006-03-01,"98.9"
"295","Himachal Pradesh","Sirmur",2006,"March",2006-03-01,"125.4"
"296","Himachal Pradesh","Solan",2006,"March",2006-03-01,"100.3"
"297","Himachal Pradesh","Una",2006,"March",2006-03-01,"32.8"
"298","Himachal Pradesh","Bilaspur",2006,"April",2006-04-01,"27.2"
"299","Himachal Pradesh","Chamba",2006,"April",2006-04-01,"3"
"300","Himachal Pradesh","Hamirpur",2006,"April",2006-04-01,"20.3"
"301","Himachal Pradesh","Kangra",2006,"April",2006-04-01,"11.9"
"302","Himachal Pradesh","Kinnaur",2006,"April",2006-04-01,"83.1"
"303","Himachal Pradesh","Kulu",2006,"April",2006-04-01,"63.6"
"304","Himachal Pradesh","Mandi",2006,"April",2006-04-01,"36.1"
"305","Himachal Pradesh","Simla",2006,"April",2006-04-01,"45.9"
"306","Himachal Pradesh","Sirmur",2006,"April",2006-04-01,"6.4"
"307","Himachal Pradesh","Solan",2006,"April",2006-04-01,"13.3"
"308","Himachal Pradesh","Una",2006,"April",2006-04-01,"14.3"
"309","Himachal Pradesh","Bilaspur",2006,"May",2006-05-01,"82.2"
"310","Himachal Pradesh","Chamba",2006,"May",2006-05-01,"36"
"311","Himachal Pradesh","Hamirpur",2006,"May",2006-05-01,"112"
"312","Himachal Pradesh","Kangra",2006,"May",2006-05-01,"96.3"
"313","Himachal Pradesh","Kinnaur",2006,"May",2006-05-01,"14.8"
"314","Himachal Pradesh","Kulu",2006,"May",2006-05-01,"47"
"315","Himachal Pradesh","Mandi",2006,"May",2006-05-01,"99.1"
"316","Himachal Pradesh","Simla",2006,"May",2006-05-01,"95.4"
"317","Himachal Pradesh","Sirmur",2006,"May",2006-05-01,"104.6"
"318","Himachal Pradesh","Solan",2006,"May",2006-05-01,"77.6"
"319","Himachal Pradesh","Una",2006,"May",2006-05-01,"83.6"
"320","Himachal Pradesh","Bilaspur",2006,"June",2006-06-01,"75.6"
"321","Himachal Pradesh","Chamba",2006,"June",2006-06-01,"88.3"
"322","Himachal Pradesh","Hamirpur",2006,"June",2006-06-01,"166.5"
"323","Himachal Pradesh","Kangra",2006,"June",2006-06-01,"240.5"
"324","Himachal Pradesh","Kinnaur",2006,"June",2006-06-01,"22.3"
"325","Himachal Pradesh","Kulu",2006,"June",2006-06-01,"53.6"
"326","Himachal Pradesh","Mandi",2006,"June",2006-06-01,"99.9"
"327","Himachal Pradesh","Simla",2006,"June",2006-06-01,"157.9"
"328","Himachal Pradesh","Sirmur",2006,"June",2006-06-01,"123.4"
"329","Himachal Pradesh","Solan",2006,"June",2006-06-01,"103.2"
"330","Himachal Pradesh","Una",2006,"June",2006-06-01,"146.9"
"331","Himachal Pradesh","Bilaspur",2006,"July",2006-07-01,"403.1"
"332","Himachal Pradesh","Chamba",2006,"July",2006-07-01,"208.6"
"333","Himachal Pradesh","Hamirpur",2006,"July",2006-07-01,"482.9"
"334","Himachal Pradesh","Kangra",2006,"July",2006-07-01,"532.2"
"335","Himachal Pradesh","Kinnaur",2006,"July",2006-07-01,"57.6"
"336","Himachal Pradesh","Kulu",2006,"July",2006-07-01,"157.6"
"337","Himachal Pradesh","Mandi",2006,"July",2006-07-01,"338.6"
"338","Himachal Pradesh","Simla",2006,"July",2006-07-01,"299"
"339","Himachal Pradesh","Sirmur",2006,"July",2006-07-01,"538.4"
"340","Himachal Pradesh","Solan",2006,"July",2006-07-01,"271.7"
"341","Himachal Pradesh","Una",2006,"July",2006-07-01,"313.8"
"342","Himachal Pradesh","Bilaspur",2006,"August",2006-08-01,"366.4"
"343","Himachal Pradesh","Chamba",2006,"August",2006-08-01,"312.3"
"344","Himachal Pradesh","Hamirpur",2006,"August",2006-08-01,"394.9"
"345","Himachal Pradesh","Kangra",2006,"August",2006-08-01,"436.3"
"346","Himachal Pradesh","Kinnaur",2006,"August",2006-08-01,"42"
"347","Himachal Pradesh","Kulu",2006,"August",2006-08-01,"124.2"
"348","Himachal Pradesh","Mandi",2006,"August",2006-08-01,"317.1"
"349","Himachal Pradesh","Simla",2006,"August",2006-08-01,"280.5"
"350","Himachal Pradesh","Sirmur",2006,"August",2006-08-01,"322"
"351","Himachal Pradesh","Solan",2006,"August",2006-08-01,"244.2"
"352","Himachal Pradesh","Una",2006,"August",2006-08-01,"506.9"
"353","Himachal Pradesh","Bilaspur",2006,"September",2006-09-01,"204.7"
"354","Himachal Pradesh","Chamba",2006,"September",2006-09-01,"66.3"
"355","Himachal Pradesh","Hamirpur",2006,"September",2006-09-01,"189"
"356","Himachal Pradesh","Kangra",2006,"September",2006-09-01,"189.3"
"357","Himachal Pradesh","Kinnaur",2006,"September",2006-09-01,"21.1"
"358","Himachal Pradesh","Kulu",2006,"September",2006-09-01,"90.3"
"359","Himachal Pradesh","Mandi",2006,"September",2006-09-01,"169.2"
"360","Himachal Pradesh","Simla",2006,"September",2006-09-01,"62.4"
"361","Himachal Pradesh","Sirmur",2006,"September",2006-09-01,"64.4"
"362","Himachal Pradesh","Solan",2006,"September",2006-09-01,"80.6"
"363","Himachal Pradesh","Una",2006,"September",2006-09-01,"138.7"
"364","Himachal Pradesh","Bilaspur",2006,"October",2006-10-01,"20.8"
"365","Himachal Pradesh","Chamba",2006,"October",2006-10-01,"16"
"366","Himachal Pradesh","Hamirpur",2006,"October",2006-10-01,"31.7"
"367","Himachal Pradesh","Kangra",2006,"October",2006-10-01,"46.6"
"368","Himachal Pradesh","Kinnaur",2006,"October",2006-10-01,"2.3"
"369","Himachal Pradesh","Kulu",2006,"October",2006-10-01,"12.1"
"370","Himachal Pradesh","Mandi",2006,"October",2006-10-01,"22.7"
"371","Himachal Pradesh","Simla",2006,"October",2006-10-01,"20"
"372","Himachal Pradesh","Sirmur",2006,"October",2006-10-01,"20"
"373","Himachal Pradesh","Solan",2006,"October",2006-10-01,"7.4"
"374","Himachal Pradesh","Una",2006,"October",2006-10-01,"23.8"
"375","Himachal Pradesh","Bilaspur",2006,"November",2006-11-01,"7.9"
"376","Himachal Pradesh","Chamba",2006,"November",2006-11-01,"27.2"
"377","Himachal Pradesh","Hamirpur",2006,"November",2006-11-01,"7"
"378","Himachal Pradesh","Kangra",2006,"November",2006-11-01,"10.9"
"379","Himachal Pradesh","Kinnaur",2006,"November",2006-11-01,"5.3"
"380","Himachal Pradesh","Kulu",2006,"November",2006-11-01,"19.9"
"381","Himachal Pradesh","Mandi",2006,"November",2006-11-01,"9.1"
"382","Himachal Pradesh","Simla",2006,"November",2006-11-01,"16.9"
"383","Himachal Pradesh","Sirmur",2006,"November",2006-11-01,"10.8"
"384","Himachal Pradesh","Solan",2006,"November",2006-11-01,"7.7"
"385","Himachal Pradesh","Una",2006,"November",2006-11-01,"4.5"
"386","Himachal Pradesh","Bilaspur",2006,"December",2006-12-01,"18.2"
"387","Himachal Pradesh","Chamba",2006,"December",2006-12-01,"21"
"388","Himachal Pradesh","Hamirpur",2006,"December",2006-12-01,"28"
"389","Himachal Pradesh","Kangra",2006,"December",2006-12-01,"40.2"
"390","Himachal Pradesh","Kinnaur",2006,"December",2006-12-01,"42.8"
"391","Himachal Pradesh","Kulu",2006,"December",2006-12-01,"40.2"
"392","Himachal Pradesh","Mandi",2006,"December",2006-12-01,"32.5"
"393","Himachal Pradesh","Simla",2006,"December",2006-12-01,"35.5"
"394","Himachal Pradesh","Sirmur",2006,"December",2006-12-01,"18.8"
"395","Himachal Pradesh","Solan",2006,"December",2006-12-01,"17.8"
"396","Himachal Pradesh","Una",2006,"December",2006-12-01,"26.5"
"397","Himachal Pradesh","Bilaspur",2007,"January",2007-01-01,"0"
"398","Himachal Pradesh","Chamba",2007,"January",2007-01-01,"0.7"
"399","Himachal Pradesh","Hamirpur",2007,"January",2007-01-01,"0"
"400","Himachal Pradesh","Kangra",2007,"January",2007-01-01,"0"
"401","Himachal Pradesh","Kinnaur",2007,"January",2007-01-01,"0"
"402","Himachal Pradesh","Kulu",2007,"January",2007-01-01,"0"
"403","Himachal Pradesh","Mandi",2007,"January",2007-01-01,"0"
"404","Himachal Pradesh","Simla",2007,"January",2007-01-01,"0"
"405","Himachal Pradesh","Sirmur",2007,"January",2007-01-01,"0"
"406","Himachal Pradesh","Solan",2007,"January",2007-01-01,"0.1"
"407","Himachal Pradesh","Una",2007,"January",2007-01-01,"0"
"408","Himachal Pradesh","Bilaspur",2007,"February",2007-02-01,"121"
"409","Himachal Pradesh","Chamba",2007,"February",2007-02-01,"108"
"410","Himachal Pradesh","Hamirpur",2007,"February",2007-02-01,"136.8"
"411","Himachal Pradesh","Kangra",2007,"February",2007-02-01,"126.8"
"412","Himachal Pradesh","Kinnaur",2007,"February",2007-02-01,"116.2"
"413","Himachal Pradesh","Kulu",2007,"February",2007-02-01,"173.5"
"414","Himachal Pradesh","Mandi",2007,"February",2007-02-01,"123"
"415","Himachal Pradesh","Simla",2007,"February",2007-02-01,"128.2"
"416","Himachal Pradesh","Sirmur",2007,"February",2007-02-01,"179.7"
"417","Himachal Pradesh","Solan",2007,"February",2007-02-01,"171.2"
"418","Himachal Pradesh","Una",2007,"February",2007-02-01,"98.1"
"419","Himachal Pradesh","Bilaspur",2007,"March",2007-03-01,"168.1"
"420","Himachal Pradesh","Chamba",2007,"March",2007-03-01,"189.8"
"421","Himachal Pradesh","Hamirpur",2007,"March",2007-03-01,"163.1"
"422","Himachal Pradesh","Kangra",2007,"March",2007-03-01,"195.5"
"423","Himachal Pradesh","Kinnaur",2007,"March",2007-03-01,"165.9"
"424","Himachal Pradesh","Kulu",2007,"March",2007-03-01,"203"
"425","Himachal Pradesh","Mandi",2007,"March",2007-03-01,"169.9"
"426","Himachal Pradesh","Simla",2007,"March",2007-03-01,"155.2"
"427","Himachal Pradesh","Sirmur",2007,"March",2007-03-01,"166"
"428","Himachal Pradesh","Solan",2007,"March",2007-03-01,"150.6"
"429","Himachal Pradesh","Una",2007,"March",2007-03-01,"127"
"430","Himachal Pradesh","Bilaspur",2007,"April",2007-04-01,"15.2"
"431","Himachal Pradesh","Chamba",2007,"April",2007-04-01,"7"
"432","Himachal Pradesh","Hamirpur",2007,"April",2007-04-01,"41.2"
"433","Himachal Pradesh","Kangra",2007,"April",2007-04-01,"11.4"
"434","Himachal Pradesh","Kinnaur",2007,"April",2007-04-01,"5.1"
"435","Himachal Pradesh","Kulu",2007,"April",2007-04-01,"18.1"
"436","Himachal Pradesh","Mandi",2007,"April",2007-04-01,"5.9"
"437","Himachal Pradesh","Simla",2007,"April",2007-04-01,"12.7"
"438","Himachal Pradesh","Sirmur",2007,"April",2007-04-01,"15.2"
"439","Himachal Pradesh","Solan",2007,"April",2007-04-01,"18"
"440","Himachal Pradesh","Una",2007,"April",2007-04-01,"25.3"
"441","Himachal Pradesh","Bilaspur",2007,"May",2007-05-01,"12.9"
"442","Himachal Pradesh","Chamba",2007,"May",2007-05-01,"23.5"
"443","Himachal Pradesh","Hamirpur",2007,"May",2007-05-01,"33.1"
"444","Himachal Pradesh","Kangra",2007,"May",2007-05-01,"50"
"445","Himachal Pradesh","Kinnaur",2007,"May",2007-05-01,"28.8"
"446","Himachal Pradesh","Kulu",2007,"May",2007-05-01,"94.5"
"447","Himachal Pradesh","Mandi",2007,"May",2007-05-01,"55.9"
"448","Himachal Pradesh","Simla",2007,"May",2007-05-01,"49.5"
"449","Himachal Pradesh","Sirmur",2007,"May",2007-05-01,"24.8"
"450","Himachal Pradesh","Solan",2007,"May",2007-05-01,"21.1"
"451","Himachal Pradesh","Una",2007,"May",2007-05-01,"15.3"
"452","Himachal Pradesh","Bilaspur",2007,"June",2007-06-01,"94.7"
"453","Himachal Pradesh","Chamba",2007,"June",2007-06-01,"63.7"
"454","Himachal Pradesh","Hamirpur",2007,"June",2007-06-01,"129.7"
"455","Himachal Pradesh","Kangra",2007,"June",2007-06-01,"241.9"
"456","Himachal Pradesh","Kinnaur",2007,"June",2007-06-01,"19.2"
"457","Himachal Pradesh","Kulu",2007,"June",2007-06-01,"38.7"
"458","Himachal Pradesh","Mandi",2007,"June",2007-06-01,"167.6"
"459","Himachal Pradesh","Simla",2007,"June",2007-06-01,"68.3"
"460","Himachal Pradesh","Sirmur",2007,"June",2007-06-01,"186.9"
"461","Himachal Pradesh","Solan",2007,"June",2007-06-01,"124.1"
"462","Himachal Pradesh","Una",2007,"June",2007-06-01,"127.4"
"463","Himachal Pradesh","Bilaspur",2007,"July",2007-07-01,"339.2"
"464","Himachal Pradesh","Chamba",2007,"July",2007-07-01,"72.7"
"465","Himachal Pradesh","Hamirpur",2007,"July",2007-07-01,"247.2"
"466","Himachal Pradesh","Kangra",2007,"July",2007-07-01,"388.1"
"467","Himachal Pradesh","Kinnaur",2007,"July",2007-07-01,"61.3"
"468","Himachal Pradesh","Kulu",2007,"July",2007-07-01,"121"
"469","Himachal Pradesh","Mandi",2007,"July",2007-07-01,"379.9"
"470","Himachal Pradesh","Simla",2007,"July",2007-07-01,"145.2"
"471","Himachal Pradesh","Sirmur",2007,"July",2007-07-01,"199.6"
"472","Himachal Pradesh","Solan",2007,"July",2007-07-01,"200"
"473","Himachal Pradesh","Una",2007,"July",2007-07-01,"244.1"
"474","Himachal Pradesh","Bilaspur",2007,"August",2007-08-01,"386.4"
"475","Himachal Pradesh","Chamba",2007,"August",2007-08-01,"57"
"476","Himachal Pradesh","Hamirpur",2007,"August",2007-08-01,"548.5"
"477","Himachal Pradesh","Kangra",2007,"August",2007-08-01,"398.4"
"478","Himachal Pradesh","Kinnaur",2007,"August",2007-08-01,"82.8"
"479","Himachal Pradesh","Kulu",2007,"August",2007-08-01,"125.4"
"480","Himachal Pradesh","Mandi",2007,"August",2007-08-01,"429.7"
"481","Himachal Pradesh","Simla",2007,"August",2007-08-01,"228.9"
"482","Himachal Pradesh","Sirmur",2007,"August",2007-08-01,"399"
"483","Himachal Pradesh","Solan",2007,"August",2007-08-01,"364.2"
"484","Himachal Pradesh","Una",2007,"August",2007-08-01,"506.9"
"485","Himachal Pradesh","Bilaspur",2007,"September",2007-09-01,"66.9"
"486","Himachal Pradesh","Chamba",2007,"September",2007-09-01,"11"
"487","Himachal Pradesh","Hamirpur",2007,"September",2007-09-01,"95.2"
"488","Himachal Pradesh","Kangra",2007,"September",2007-09-01,"172.4"
"489","Himachal Pradesh","Kinnaur",2007,"September",2007-09-01,"71.9"
"490","Himachal Pradesh","Kulu",2007,"September",2007-09-01,"39.2"
"491","Himachal Pradesh","Mandi",2007,"September",2007-09-01,"113.1"
"492","Himachal Pradesh","Simla",2007,"September",2007-09-01,"45.1"
"493","Himachal Pradesh","Sirmur",2007,"September",2007-09-01,"80.8"
"494","Himachal Pradesh","Solan",2007,"September",2007-09-01,"100.8"
"495","Himachal Pradesh","Una",2007,"September",2007-09-01,"86.3"
"496","Himachal Pradesh","Bilaspur",2007,"October",2007-10-01,"20"
"497","Himachal Pradesh","Chamba",2007,"October",2007-10-01,"0"
"498","Himachal Pradesh","Hamirpur",2007,"October",2007-10-01,"2.1"
"499","Himachal Pradesh","Kangra",2007,"October",2007-10-01,"2.1"
"500","Himachal Pradesh","Kinnaur",2007,"October",2007-10-01,"25.7"
"501","Himachal Pradesh","Kulu",2007,"October",2007-10-01,"18.2"
"502","Himachal Pradesh","Mandi",2007,"October",2007-10-01,"5.2"
"503","Himachal Pradesh","Simla",2007,"October",2007-10-01,"20.3"
"504","Himachal Pradesh","Sirmur",2007,"October",2007-10-01,"13.3"
"505","Himachal Pradesh","Solan",2007,"October",2007-10-01,"18.9"
"506","Himachal Pradesh","Una",2007,"October",2007-10-01,"1.6"
"507","Himachal Pradesh","Bilaspur",2007,"November",2007-11-01,"0"
"508","Himachal Pradesh","Chamba",2007,"November",2007-11-01,"0"
"509","Himachal Pradesh","Hamirpur",2007,"November",2007-11-01,"0"
"510","Himachal Pradesh","Kangra",2007,"November",2007-11-01,"3.4"
"511","Himachal Pradesh","Kinnaur",2007,"November",2007-11-01,"0.4"
"512","Himachal Pradesh","Kulu",2007,"November",2007-11-01,"0"
"513","Himachal Pradesh","Mandi",2007,"November",2007-11-01,"0"
"514","Himachal Pradesh","Simla",2007,"November",2007-11-01,"0"
"515","Himachal Pradesh","Sirmur",2007,"November",2007-11-01,"0"
"516","Himachal Pradesh","Solan",2007,"November",2007-11-01,"0"
"517","Himachal Pradesh","Una",2007,"November",2007-11-01,"0"
"518","Himachal Pradesh","Bilaspur",2007,"December",2007-12-01,"26.3"
"519","Himachal Pradesh","Chamba",2007,"December",2007-12-01,"0"
"520","Himachal Pradesh","Hamirpur",2007,"December",2007-12-01,"19.7"
"521","Himachal Pradesh","Kangra",2007,"December",2007-12-01,"20"
"522","Himachal Pradesh","Kinnaur",2007,"December",2007-12-01,"51.2"
"523","Himachal Pradesh","Kulu",2007,"December",2007-12-01,"19.8"
"524","Himachal Pradesh","Mandi",2007,"December",2007-12-01,"22.1"
"525","Himachal Pradesh","Simla",2007,"December",2007-12-01,"31.3"
"526","Himachal Pradesh","Sirmur",2007,"December",2007-12-01,"11"
"527","Himachal Pradesh","Solan",2007,"December",2007-12-01,"4.8"
"528","Himachal Pradesh","Una",2007,"December",2007-12-01,"12.3"
"529","Himachal Pradesh","Bilaspur",2008,"January",2008-01-01,"25.1"
"530","Himachal Pradesh","Chamba",2008,"January",2008-01-01,"N.A."
"531","Himachal Pradesh","Hamirpur",2008,"January",2008-01-01,"41.9"
"532","Himachal Pradesh","Kangra",2008,"January",2008-01-01,"61.9"
"533","Himachal Pradesh","Kinnaur",2008,"January",2008-01-01,"227"
"534","Himachal Pradesh","Kulu",2008,"January",2008-01-01,"181.5"
"535","Himachal Pradesh","Mandi",2008,"January",2008-01-01,"59"
"536","Himachal Pradesh","Simla",2008,"January",2008-01-01,"92.9"
"537","Himachal Pradesh","Sirmur",2008,"January",2008-01-01,"29.4"
"538","Himachal Pradesh","Solan",2008,"January",2008-01-01,"44.1"
"539","Himachal Pradesh","Una",2008,"January",2008-01-01,"16.3"
"540","Himachal Pradesh","Bilaspur",2008,"February",2008-02-01,"37"
"541","Himachal Pradesh","Chamba",2008,"February",2008-02-01,"N.A."
"542","Himachal Pradesh","Hamirpur",2008,"February",2008-02-01,"46.8"
"543","Himachal Pradesh","Kangra",2008,"February",2008-02-01,"58.7"
"544","Himachal Pradesh","Kinnaur",2008,"February",2008-02-01,"52.4"
"545","Himachal Pradesh","Kulu",2008,"February",2008-02-01,"55.4"
"546","Himachal Pradesh","Mandi",2008,"February",2008-02-01,"44.7"
"547","Himachal Pradesh","Simla",2008,"February",2008-02-01,"44.5"
"548","Himachal Pradesh","Sirmur",2008,"February",2008-02-01,"33.1"
"549","Himachal Pradesh","Solan",2008,"February",2008-02-01,"32.7"
"550","Himachal Pradesh","Una",2008,"February",2008-02-01,"14.2"
"551","Himachal Pradesh","Bilaspur",2008,"March",2008-03-01,"0.8"
"552","Himachal Pradesh","Chamba",2008,"March",2008-03-01,"N.A."
"553","Himachal Pradesh","Hamirpur",2008,"March",2008-03-01,"0"
"554","Himachal Pradesh","Kangra",2008,"March",2008-03-01,"1.6"
"555","Himachal Pradesh","Kinnaur",2008,"March",2008-03-01,"18.4"
"556","Himachal Pradesh","Kulu",2008,"March",2008-03-01,"6.3"
"557","Himachal Pradesh","Mandi",2008,"March",2008-03-01,"2"
"558","Himachal Pradesh","Simla",2008,"March",2008-03-01,"2.1"
"559","Himachal Pradesh","Sirmur",2008,"March",2008-03-01,"0"
"560","Himachal Pradesh","Solan",2008,"March",2008-03-01,"0"
"561","Himachal Pradesh","Una",2008,"March",2008-03-01,"0"
"562","Himachal Pradesh","Bilaspur",2008,"April",2008-04-01,"37.1"
"563","Himachal Pradesh","Chamba",2008,"April",2008-04-01,"N.A."
"564","Himachal Pradesh","Hamirpur",2008,"April",2008-04-01,"47.9"
"565","Himachal Pradesh","Kangra",2008,"April",2008-04-01,"40.3"
"566","Himachal Pradesh","Kinnaur",2008,"April",2008-04-01,"60.8"
"567","Himachal Pradesh","Kulu",2008,"April",2008-04-01,"83"
"568","Himachal Pradesh","Mandi",2008,"April",2008-04-01,"29.6"
"569","Himachal Pradesh","Simla",2008,"April",2008-04-01,"39.5"
"570","Himachal Pradesh","Sirmur",2008,"April",2008-04-01,"41.9"
"571","Himachal Pradesh","Solan",2008,"April",2008-04-01,"11.4"
"572","Himachal Pradesh","Una",2008,"April",2008-04-01,"18"
"573","Himachal Pradesh","Bilaspur",2008,"May",2008-05-01,"36.2"
"574","Himachal Pradesh","Chamba",2008,"May",2008-05-01,"N.A."
"575","Himachal Pradesh","Hamirpur",2008,"May",2008-05-01,"57.9"
"576","Himachal Pradesh","Kangra",2008,"May",2008-05-01,"74.3"
"577","Himachal Pradesh","Kinnaur",2008,"May",2008-05-01,"21.4"
"578","Himachal Pradesh","Kulu",2008,"May",2008-05-01,"89.1"
"579","Himachal Pradesh","Mandi",2008,"May",2008-05-01,"94.9"
"580","Himachal Pradesh","Simla",2008,"May",2008-05-01,"102.9"
"581","Himachal Pradesh","Sirmur",2008,"May",2008-05-01,"64"
"582","Himachal Pradesh","Solan",2008,"May",2008-05-01,"95.9"
"583","Himachal Pradesh","Una",2008,"May",2008-05-01,"12.2"
"584","Himachal Pradesh","Bilaspur",2008,"June",2008-06-01,"248.2"
"585","Himachal Pradesh","Chamba",2008,"June",2008-06-01,"98.3"
"586","Himachal Pradesh","Hamirpur",2008,"June",2008-06-01,"359.1"
"587","Himachal Pradesh","Kangra",2008,"June",2008-06-01,"488.8"
"588","Himachal Pradesh","Kinnaur",2008,"June",2008-06-01,"33.9"
"589","Himachal Pradesh","Kulu",2008,"June",2008-06-01,"181.9"
"590","Himachal Pradesh","Mandi",2008,"June",2008-06-01,"311.6"
"591","Himachal Pradesh","Simla",2008,"June",2008-06-01,"248"
"592","Himachal Pradesh","Sirmur",2008,"June",2008-06-01,"320.6"
"593","Himachal Pradesh","Solan",2008,"June",2008-06-01,"307.5"
"594","Himachal Pradesh","Una",2008,"June",2008-06-01,"292.8"
"595","Himachal Pradesh","Bilaspur",2008,"July",2008-07-01,"295.9"
"596","Himachal Pradesh","Chamba",2008,"July",2008-07-01,"134.6"
"597","Himachal Pradesh","Hamirpur",2008,"July",2008-07-01,"325.8"
"598","Himachal Pradesh","Kangra",2008,"July",2008-07-01,"475.2"
"599","Himachal Pradesh","Kinnaur",2008,"July",2008-07-01,"28.7"
"600","Himachal Pradesh","Kulu",2008,"July",2008-07-01,"251.1"
"601","Himachal Pradesh","Mandi",2008,"July",2008-07-01,"274.4"
"602","Himachal Pradesh","Simla",2008,"July",2008-07-01,"148.1"
"603","Himachal Pradesh","Sirmur",2008,"July",2008-07-01,"305.7"
"604","Himachal Pradesh","Solan",2008,"July",2008-07-01,"275.3"
"605","Himachal Pradesh","Una",2008,"July",2008-07-01,"439"
"606","Himachal Pradesh","Bilaspur",2008,"August",2008-08-01,"385.3"
"607","Himachal Pradesh","Chamba",2008,"August",2008-08-01,"98.7"
"608","Himachal Pradesh","Hamirpur",2008,"August",2008-08-01,"396.1"
"609","Himachal Pradesh","Kangra",2008,"August",2008-08-01,"486.2"
"610","Himachal Pradesh","Kinnaur",2008,"August",2008-08-01,"75.9"
"611","Himachal Pradesh","Kulu",2008,"August",2008-08-01,"287.7"
"612","Himachal Pradesh","Mandi",2008,"August",2008-08-01,"290.7"
"613","Himachal Pradesh","Simla",2008,"August",2008-08-01,"284.2"
"614","Himachal Pradesh","Sirmur",2008,"August",2008-08-01,"366"
"615","Himachal Pradesh","Solan",2008,"August",2008-08-01,"357.9"
"616","Himachal Pradesh","Una",2008,"August",2008-08-01,"551.4"
"617","Himachal Pradesh","Bilaspur",2008,"September",2008-09-01,"207"
"618","Himachal Pradesh","Chamba",2008,"September",2008-09-01,"90.8"
"619","Himachal Pradesh","Hamirpur",2008,"September",2008-09-01,"111.8"
"620","Himachal Pradesh","Kangra",2008,"September",2008-09-01,"69.6"
"621","Himachal Pradesh","Kinnaur",2008,"September",2008-09-01,"169.9"
"622","Himachal Pradesh","Kulu",2008,"September",2008-09-01,"216.1"
"623","Himachal Pradesh","Mandi",2008,"September",2008-09-01,"164.8"
"624","Himachal Pradesh","Simla",2008,"September",2008-09-01,"243.7"
"625","Himachal Pradesh","Sirmur",2008,"September",2008-09-01,"255.1"
"626","Himachal Pradesh","Solan",2008,"September",2008-09-01,"341.2"
"627","Himachal Pradesh","Una",2008,"September",2008-09-01,"90.4"
"628","Himachal Pradesh","Bilaspur",2008,"October",2008-10-01,"25.2"
"629","Himachal Pradesh","Chamba",2008,"October",2008-10-01,"4.6"
"630","Himachal Pradesh","Hamirpur",2008,"October",2008-10-01,"30.4"
"631","Himachal Pradesh","Kangra",2008,"October",2008-10-01,"45.2"
"632","Himachal Pradesh","Kinnaur",2008,"October",2008-10-01,"1.1"
"633","Himachal Pradesh","Kulu",2008,"October",2008-10-01,"35"
"634","Himachal Pradesh","Mandi",2008,"October",2008-10-01,"21.1"
"635","Himachal Pradesh","Simla",2008,"October",2008-10-01,"12.9"
"636","Himachal Pradesh","Sirmur",2008,"October",2008-10-01,"5.3"
"637","Himachal Pradesh","Solan",2008,"October",2008-10-01,"24.9"
"638","Himachal Pradesh","Una",2008,"October",2008-10-01,"36.7"
"639","Himachal Pradesh","Bilaspur",2008,"November",2008-11-01,"0.4"
"640","Himachal Pradesh","Chamba",2008,"November",2008-11-01,"0"
"641","Himachal Pradesh","Hamirpur",2008,"November",2008-11-01,"0"
"642","Himachal Pradesh","Kangra",2008,"November",2008-11-01,"0"
"643","Himachal Pradesh","Kinnaur",2008,"November",2008-11-01,"3.1"
"644","Himachal Pradesh","Kulu",2008,"November",2008-11-01,"1.8"
"645","Himachal Pradesh","Mandi",2008,"November",2008-11-01,"2.3"
"646","Himachal Pradesh","Simla",2008,"November",2008-11-01,"6.1"
"647","Himachal Pradesh","Sirmur",2008,"November",2008-11-01,"1"
"648","Himachal Pradesh","Solan",2008,"November",2008-11-01,"0"
"649","Himachal Pradesh","Una",2008,"November",2008-11-01,"0"
"650","Himachal Pradesh","Bilaspur",2008,"December",2008-12-01,"0.5"
"651","Himachal Pradesh","Chamba",2008,"December",2008-12-01,"50.5"
"652","Himachal Pradesh","Hamirpur",2008,"December",2008-12-01,"1"
"653","Himachal Pradesh","Kangra",2008,"December",2008-12-01,"3.5"
"654","Himachal Pradesh","Kinnaur",2008,"December",2008-12-01,"42.5"
"655","Himachal Pradesh","Kulu",2008,"December",2008-12-01,"57.1"
"656","Himachal Pradesh","Mandi",2008,"December",2008-12-01,"5.4"
"657","Himachal Pradesh","Simla",2008,"December",2008-12-01,"12.7"
"658","Himachal Pradesh","Sirmur",2008,"December",2008-12-01,"0"
"659","Himachal Pradesh","Solan",2008,"December",2008-12-01,"1.2"
"660","Himachal Pradesh","Una",2008,"December",2008-12-01,"0.5"
"661","Himachal Pradesh","Bilaspur",2009,"January",2009-01-01,"12"
"662","Himachal Pradesh","Chamba",2009,"January",2009-01-01,"81"
"663","Himachal Pradesh","Hamirpur",2009,"January",2009-01-01,"17.3"
"664","Himachal Pradesh","Kangra",2009,"January",2009-01-01,"30.1"
"665","Himachal Pradesh","Kinnaur",2009,"January",2009-01-01,"29.9"
"666","Himachal Pradesh","Kulu",2009,"January",2009-01-01,"109.9"
"667","Himachal Pradesh","Lahaul and Spiti",2009,"January",2009-01-01,"71.2"
"668","Himachal Pradesh","Mandi",2009,"January",2009-01-01,"19.2"
"669","Himachal Pradesh","Simla",2009,"January",2009-01-01,"14.8"
"670","Himachal Pradesh","Sirmur",2009,"January",2009-01-01,"1.3"
"671","Himachal Pradesh","Solan",2009,"January",2009-01-01,"10.6"
"672","Himachal Pradesh","Una",2009,"January",2009-01-01,"14.6"
"673","Himachal Pradesh","Bilaspur",2009,"February",2009-02-01,"14.1"
"674","Himachal Pradesh","Chamba",2009,"February",2009-02-01,"18.1"
"675","Himachal Pradesh","Hamirpur",2009,"February",2009-02-01,"20.1"
"676","Himachal Pradesh","Kangra",2009,"February",2009-02-01,"35.1"
"677","Himachal Pradesh","Kinnaur",2009,"February",2009-02-01,"36.5"
"678","Himachal Pradesh","Kulu",2009,"February",2009-02-01,"105.3"
"679","Himachal Pradesh","Lahaul and Spiti",2009,"February",2009-02-01,"72.6"
"680","Himachal Pradesh","Mandi",2009,"February",2009-02-01,"16.1"
"681","Himachal Pradesh","Simla",2009,"February",2009-02-01,"19"
"682","Himachal Pradesh","Sirmur",2009,"February",2009-02-01,"24.1"
"683","Himachal Pradesh","Solan",2009,"February",2009-02-01,"22.2"
"684","Himachal Pradesh","Una",2009,"February",2009-02-01,"45"
"685","Himachal Pradesh","Bilaspur",2009,"March",2009-03-01,"41.6"
"686","Himachal Pradesh","Chamba",2009,"March",2009-03-01,"5.4"
"687","Himachal Pradesh","Hamirpur",2009,"March",2009-03-01,"26.9"
"688","Himachal Pradesh","Kangra",2009,"March",2009-03-01,"29"
"689","Himachal Pradesh","Kinnaur",2009,"March",2009-03-01,"12.6"
"690","Himachal Pradesh","Kulu",2009,"March",2009-03-01,"51.2"
"691","Himachal Pradesh","Lahaul and Spiti",2009,"March",2009-03-01,"31.2"
"692","Himachal Pradesh","Mandi",2009,"March",2009-03-01,"57.6"
"693","Himachal Pradesh","Simla",2009,"March",2009-03-01,"39"
"694","Himachal Pradesh","Sirmur",2009,"March",2009-03-01,"24.9"
"695","Himachal Pradesh","Solan",2009,"March",2009-03-01,"34.3"
"696","Himachal Pradesh","Una",2009,"March",2009-03-01,"31.8"
"697","Himachal Pradesh","Bilaspur",2009,"April",2009-04-01,"39.2"
"698","Himachal Pradesh","Chamba",2009,"April",2009-04-01,"0"
"699","Himachal Pradesh","Hamirpur",2009,"April",2009-04-01,"43.5"
"700","Himachal Pradesh","Kangra",2009,"April",2009-04-01,"55.6"
"701","Himachal Pradesh","Kinnaur",2009,"April",2009-04-01,"59.8"
"702","Himachal Pradesh","Kulu",2009,"April",2009-04-01,"83.5"
"703","Himachal Pradesh","Lahaul and Spiti",2009,"April",2009-04-01,"81.5"
"704","Himachal Pradesh","Mandi",2009,"April",2009-04-01,"45.9"
"705","Himachal Pradesh","Simla",2009,"April",2009-04-01,"36.2"
"706","Himachal Pradesh","Sirmur",2009,"April",2009-04-01,"16.6"
"707","Himachal Pradesh","Solan",2009,"April",2009-04-01,"19.4"
"708","Himachal Pradesh","Una",2009,"April",2009-04-01,"31.2"
"709","Himachal Pradesh","Bilaspur",2009,"May",2009-05-01,"16.5"
"710","Himachal Pradesh","Chamba",2009,"May",2009-05-01,"26.3"
"711","Himachal Pradesh","Hamirpur",2009,"May",2009-05-01,"49.1"
"712","Himachal Pradesh","Kangra",2009,"May",2009-05-01,"33.9"
"713","Himachal Pradesh","Kinnaur",2009,"May",2009-05-01,"65.3"
"714","Himachal Pradesh","Kulu",2009,"May",2009-05-01,"78.8"
"715","Himachal Pradesh","Lahaul and Spiti",2009,"May",2009-05-01,"62.2"
"716","Himachal Pradesh","Mandi",2009,"May",2009-05-01,"61.4"
"717","Himachal Pradesh","Simla",2009,"May",2009-05-01,"42"
"718","Himachal Pradesh","Sirmur",2009,"May",2009-05-01,"37.1"
"719","Himachal Pradesh","Solan",2009,"May",2009-05-01,"21.1"
"720","Himachal Pradesh","Una",2009,"May",2009-05-01,"25.3"
"721","Himachal Pradesh","Bilaspur",2009,"June",2009-06-01,"28.1"
"722","Himachal Pradesh","Chamba",2009,"June",2009-06-01,"10.9"
"723","Himachal Pradesh","Hamirpur",2009,"June",2009-06-01,"55.2"
"724","Himachal Pradesh","Kangra",2009,"June",2009-06-01,"52.3"
"725","Himachal Pradesh","Kinnaur",2009,"June",2009-06-01,"26.8"
"726","Himachal Pradesh","Kulu",2009,"June",2009-06-01,"43.3"
"727","Himachal Pradesh","Lahaul and Spiti",2009,"June",2009-06-01,"31.6"
"728","Himachal Pradesh","Mandi",2009,"June",2009-06-01,"71.8"
"729","Himachal Pradesh","Simla",2009,"June",2009-06-01,"39.5"
"730","Himachal Pradesh","Sirmur",2009,"June",2009-06-01,"40.7"
"731","Himachal Pradesh","Solan",2009,"June",2009-06-01,"44.9"
"732","Himachal Pradesh","Una",2009,"June",2009-06-01,"44.2"
"733","Himachal Pradesh","Bilaspur",2009,"July",2009-07-01,"347.4"
"734","Himachal Pradesh","Chamba",2009,"July",2009-07-01,"78.4"
"735","Himachal Pradesh","Hamirpur",2009,"July",2009-07-01,"330.5"
"736","Himachal Pradesh","Kangra",2009,"July",2009-07-01,"402.8"
"737","Himachal Pradesh","Kinnaur",2009,"July",2009-07-01,"49.4"
"738","Himachal Pradesh","Kulu",2009,"July",2009-07-01,"160.5"
"739","Himachal Pradesh","Lahaul and Spiti",2009,"July",2009-07-01,"40"
"740","Himachal Pradesh","Mandi",2009,"July",2009-07-01,"185.3"
"741","Himachal Pradesh","Simla",2009,"July",2009-07-01,"127.3"
"742","Himachal Pradesh","Sirmur",2009,"July",2009-07-01,"313.3"
"743","Himachal Pradesh","Solan",2009,"July",2009-07-01,"224.7"
"744","Himachal Pradesh","Una",2009,"July",2009-07-01,"430.9"
"745","Himachal Pradesh","Bilaspur",2009,"August",2009-08-01,"276.9"
"746","Himachal Pradesh","Chamba",2009,"August",2009-08-01,"22.8"
"747","Himachal Pradesh","Hamirpur",2009,"August",2009-08-01,"403.7"
"748","Himachal Pradesh","Kangra",2009,"August",2009-08-01,"329.4"
"749","Himachal Pradesh","Kinnaur",2009,"August",2009-08-01,"19.3"
"750","Himachal Pradesh","Kulu",2009,"August",2009-08-01,"161.3"
"751","Himachal Pradesh","Lahaul and Spiti",2009,"August",2009-08-01,"32.9"
"752","Himachal Pradesh","Mandi",2009,"August",2009-08-01,"240.9"
"753","Himachal Pradesh","Simla",2009,"August",2009-08-01,"110.2"
"754","Himachal Pradesh","Sirmur",2009,"August",2009-08-01,"112.7"
"755","Himachal Pradesh","Solan",2009,"August",2009-08-01,"122.4"
"756","Himachal Pradesh","Una",2009,"August",2009-08-01,"454.3"
"757","Himachal Pradesh","Bilaspur",2009,"September",2009-09-01,"229.1"
"758","Himachal Pradesh","Chamba",2009,"September",2009-09-01,"115.3"
"759","Himachal Pradesh","Hamirpur",2009,"September",2009-09-01,"196.3"
"760","Himachal Pradesh","Kangra",2009,"September",2009-09-01,"162.1"
"761","Himachal Pradesh","Kinnaur",2009,"September",2009-09-01,"205.9"
"762","Himachal Pradesh","Kulu",2009,"September",2009-09-01,"211.9"
"763","Himachal Pradesh","Lahaul and Spiti",2009,"September",2009-09-01,"112.1"
"764","Himachal Pradesh","Mandi",2009,"September",2009-09-01,"239.9"
"765","Himachal Pradesh","Simla",2009,"September",2009-09-01,"270.3"
"766","Himachal Pradesh","Sirmur",2009,"September",2009-09-01,"365.1"
"767","Himachal Pradesh","Solan",2009,"September",2009-09-01,"365.9"
"768","Himachal Pradesh","Una",2009,"September",2009-09-01,"84.1"
"769","Himachal Pradesh","Bilaspur",2009,"October",2009-10-01,"13.2"
"770","Himachal Pradesh","Chamba",2009,"October",2009-10-01,"0"
"771","Himachal Pradesh","Hamirpur",2009,"October",2009-10-01,"9.4"
"772","Himachal Pradesh","Kangra",2009,"October",2009-10-01,"13.5"
"773","Himachal Pradesh","Kinnaur",2009,"October",2009-10-01,"19.6"
"774","Himachal Pradesh","Kulu",2009,"October",2009-10-01,"12.4"
"775","Himachal Pradesh","Lahaul and Spiti",2009,"October",2009-10-01,"14.1"
"776","Himachal Pradesh","Mandi",2009,"October",2009-10-01,"7.2"
"777","Himachal Pradesh","Simla",2009,"October",2009-10-01,"7.8"
"778","Himachal Pradesh","Sirmur",2009,"October",2009-10-01,"26.3"
"779","Himachal Pradesh","Solan",2009,"October",2009-10-01,"10.3"
"780","Himachal Pradesh","Una",2009,"October",2009-10-01,"20.6"
"781","Himachal Pradesh","Bilaspur",2009,"November",2009-11-01,"11"
"782","Himachal Pradesh","Chamba",2009,"November",2009-11-01,"65.8"
"783","Himachal Pradesh","Hamirpur",2009,"November",2009-11-01,"10.8"
"784","Himachal Pradesh","Kangra",2009,"November",2009-11-01,"65.7"
"785","Himachal Pradesh","Kinnaur",2009,"November",2009-11-01,"24.8"
"786","Himachal Pradesh","Kulu",2009,"November",2009-11-01,"136.4"
"787","Himachal Pradesh","Lahaul and Spiti",2009,"November",2009-11-01,"40.1"
"788","Himachal Pradesh","Mandi",2009,"November",2009-11-01,"19.7"
"789","Himachal Pradesh","Simla",2009,"November",2009-11-01,"18"
"790","Himachal Pradesh","Sirmur",2009,"November",2009-11-01,"12.8"
"791","Himachal Pradesh","Solan",2009,"November",2009-11-01,"6.1"
"792","Himachal Pradesh","Una",2009,"November",2009-11-01,"30.2"
"793","Himachal Pradesh","Bilaspur",2009,"December",2009-12-01,"0"
"794","Himachal Pradesh","Chamba",2009,"December",2009-12-01,"7.3"
"795","Himachal Pradesh","Hamirpur",2009,"December",2009-12-01,"0"
"796","Himachal Pradesh","Kangra",2009,"December",2009-12-01,"0.4"
"797","Himachal Pradesh","Kinnaur",2009,"December",2009-12-01,"22.1"
"798","Himachal Pradesh","Kulu",2009,"December",2009-12-01,"24.2"
"799","Himachal Pradesh","Lahaul and Spiti",2009,"December",2009-12-01,"30.2"
"800","Himachal Pradesh","Mandi",2009,"December",2009-12-01,"0.2"
"801","Himachal Pradesh","Simla",2009,"December",2009-12-01,"2.6"
"802","Himachal Pradesh","Sirmur",2009,"December",2009-12-01,"0"
"803","Himachal Pradesh","Solan",2009,"December",2009-12-01,"0.2"
"804","Himachal Pradesh","Una",2009,"December",2009-12-01,"0"
"805","Himachal Pradesh","Bilaspur",2010,"January",2010-01-01,"10.1"
"806","Himachal Pradesh","Chamba",2010,"January",2010-01-01,"17.9"
"807","Himachal Pradesh","Hamirpur",2010,"January",2010-01-01,"11.8"
"808","Himachal Pradesh","Kangra",2010,"January",2010-01-01,"17.3"
"809","Himachal Pradesh","Kinnaur",2010,"January",2010-01-01,"37.1"
"810","Himachal Pradesh","Kulu",2010,"January",2010-01-01,"21.8"
"811","Himachal Pradesh","Lahaul and Spiti",2010,"January",2010-01-01,"16.6"
"812","Himachal Pradesh","Mandi",2010,"January",2010-01-01,"11.4"
"813","Himachal Pradesh","Simla",2010,"January",2010-01-01,"17.1"
"814","Himachal Pradesh","Sirmur",2010,"January",2010-01-01,"8.1"
"815","Himachal Pradesh","Solan",2010,"January",2010-01-01,"7.5"
"816","Himachal Pradesh","Una",2010,"January",2010-01-01,"10.8"
"817","Himachal Pradesh","Bilaspur",2010,"February",2010-02-01,"41.2"
"818","Himachal Pradesh","Chamba",2010,"February",2010-02-01,"58.8"
"819","Himachal Pradesh","Hamirpur",2010,"February",2010-02-01,"52.2"
"820","Himachal Pradesh","Kangra",2010,"February",2010-02-01,"66"
"821","Himachal Pradesh","Kinnaur",2010,"February",2010-02-01,"107.2"
"822","Himachal Pradesh","Kulu",2010,"February",2010-02-01,"177.7"
"823","Himachal Pradesh","Lahaul and Spiti",2010,"February",2010-02-01,"86.6"
"824","Himachal Pradesh","Mandi",2010,"February",2010-02-01,"83.2"
"825","Himachal Pradesh","Simla",2010,"February",2010-02-01,"87.7"
"826","Himachal Pradesh","Sirmur",2010,"February",2010-02-01,"31.4"
"827","Himachal Pradesh","Solan",2010,"February",2010-02-01,"56.3"
"828","Himachal Pradesh","Una",2010,"February",2010-02-01,"38.4"
"829","Himachal Pradesh","Bilaspur",2010,"March",2010-03-01,"1.6"
"830","Himachal Pradesh","Chamba",2010,"March",2010-03-01,"17.1"
"831","Himachal Pradesh","Hamirpur",2010,"March",2010-03-01,"5.8"
"832","Himachal Pradesh","Kangra",2010,"March",2010-03-01,"12.3"
"833","Himachal Pradesh","Kinnaur",2010,"March",2010-03-01,"63.2"
"834","Himachal Pradesh","Kulu",2010,"March",2010-03-01,"103.8"
"835","Himachal Pradesh","Lahaul and Spiti",2010,"March",2010-03-01,"57.7"
"836","Himachal Pradesh","Mandi",2010,"March",2010-03-01,"14"
"837","Himachal Pradesh","Simla",2010,"March",2010-03-01,"9.3"
"838","Himachal Pradesh","Sirmur",2010,"March",2010-03-01,"1.2"
"839","Himachal Pradesh","Solan",2010,"March",2010-03-01,"0.2"
"840","Himachal Pradesh","Una",2010,"March",2010-03-01,"2.4"
"841","Himachal Pradesh","Bilaspur",2010,"April",2010-04-01,"2.7"
"842","Himachal Pradesh","Chamba",2010,"April",2010-04-01,"44"
"843","Himachal Pradesh","Hamirpur",2010,"April",2010-04-01,"4.7"
"844","Himachal Pradesh","Kangra",2010,"April",2010-04-01,"10.7"
"845","Himachal Pradesh","Kinnaur",2010,"April",2010-04-01,"113.1"
"846","Himachal Pradesh","Kulu",2010,"April",2010-04-01,"70.1"
"847","Himachal Pradesh","Lahaul and Spiti",2010,"April",2010-04-01,"103.7"
"848","Himachal Pradesh","Mandi",2010,"April",2010-04-01,"18.5"
"849","Himachal Pradesh","Simla",2010,"April",2010-04-01,"20.7"
"850","Himachal Pradesh","Sirmur",2010,"April",2010-04-01,"4.4"
"851","Himachal Pradesh","Solan",2010,"April",2010-04-01,"0.7"
"852","Himachal Pradesh","Una",2010,"April",2010-04-01,"1.3"
"853","Himachal Pradesh","Bilaspur",2010,"May",2010-05-01,"56.4"
"854","Himachal Pradesh","Chamba",2010,"May",2010-05-01,"73.3"
"855","Himachal Pradesh","Hamirpur",2010,"May",2010-05-01,"38.2"
"856","Himachal Pradesh","Kangra",2010,"May",2010-05-01,"50.4"
"857","Himachal Pradesh","Kinnaur",2010,"May",2010-05-01,"118.1"
"858","Himachal Pradesh","Kulu",2010,"May",2010-05-01,"102.5"
"859","Himachal Pradesh","Lahaul and Spiti",2010,"May",2010-05-01,"134.3"
"860","Himachal Pradesh","Mandi",2010,"May",2010-05-01,"47.4"
"861","Himachal Pradesh","Simla",2010,"May",2010-05-01,"49.8"
"862","Himachal Pradesh","Sirmur",2010,"May",2010-05-01,"24.6"
"863","Himachal Pradesh","Solan",2010,"May",2010-05-01,"39.4"
"864","Himachal Pradesh","Una",2010,"May",2010-05-01,"52.4"
"865","Himachal Pradesh","Bilaspur",2010,"June",2010-06-01,"157.4"
"866","Himachal Pradesh","Chamba",2010,"June",2010-06-01,"82.4"
"867","Himachal Pradesh","Hamirpur",2010,"June",2010-06-01,"118.1"
"868","Himachal Pradesh","Kangra",2010,"June",2010-06-01,"123.9"
"869","Himachal Pradesh","Kinnaur",2010,"June",2010-06-01,"80"
"870","Himachal Pradesh","Kulu",2010,"June",2010-06-01,"198.4"
"871","Himachal Pradesh","Lahaul and Spiti",2010,"June",2010-06-01,"100"
"872","Himachal Pradesh","Mandi",2010,"June",2010-06-01,"187.6"
"873","Himachal Pradesh","Simla",2010,"June",2010-06-01,"155"
"874","Himachal Pradesh","Sirmur",2010,"June",2010-06-01,"90.3"
"875","Himachal Pradesh","Solan",2010,"June",2010-06-01,"169.2"
"876","Himachal Pradesh","Una",2010,"June",2010-06-01,"79.5"
"877","Himachal Pradesh","Bilaspur",2010,"July",2010-07-01,"314.3"
"878","Himachal Pradesh","Chamba",2010,"July",2010-07-01,"232.9"
"879","Himachal Pradesh","Hamirpur",2010,"July",2010-07-01,"325.1"
"880","Himachal Pradesh","Kangra",2010,"July",2010-07-01,"339.9"
"881","Himachal Pradesh","Kinnaur",2010,"July",2010-07-01,"130.7"
"882","Himachal Pradesh","Kulu",2010,"July",2010-07-01,"292.8"
"883","Himachal Pradesh","Lahaul and Spiti",2010,"July",2010-07-01,"143.5"
"884","Himachal Pradesh","Mandi",2010,"July",2010-07-01,"378.5"
"885","Himachal Pradesh","Simla",2010,"July",2010-07-01,"303.5"
"886","Himachal Pradesh","Sirmur",2010,"July",2010-07-01,"566.7"
"887","Himachal Pradesh","Solan",2010,"July",2010-07-01,"419.3"
"888","Himachal Pradesh","Una",2010,"July",2010-07-01,"270.4"
"889","Himachal Pradesh","Bilaspur",2010,"August",2010-08-01,"205"
"890","Himachal Pradesh","Chamba",2010,"August",2010-08-01,"358.4"
"891","Himachal Pradesh","Hamirpur",2010,"August",2010-08-01,"346.4"
"892","Himachal Pradesh","Kangra",2010,"August",2010-08-01,"658.3"
"893","Himachal Pradesh","Kinnaur",2010,"August",2010-08-01,"132.4"
"894","Himachal Pradesh","Kulu",2010,"August",2010-08-01,"408.7"
"895","Himachal Pradesh","Lahaul and Spiti",2010,"August",2010-08-01,"42.9"
"896","Himachal Pradesh","Mandi",2010,"August",2010-08-01,"434.8"
"897","Himachal Pradesh","Simla",2010,"August",2010-08-01,"280.4"
"898","Himachal Pradesh","Sirmur",2010,"August",2010-08-01,"509.5"
"899","Himachal Pradesh","Solan",2010,"August",2010-08-01,"287.4"
"900","Himachal Pradesh","Una",2010,"August",2010-08-01,"409.6"
"901","Himachal Pradesh","Bilaspur",2010,"September",2010-09-01,"180"
"902","Himachal Pradesh","Chamba",2010,"September",2010-09-01,"137.9"
"903","Himachal Pradesh","Hamirpur",2010,"September",2010-09-01,"250.2"
"904","Himachal Pradesh","Kangra",2010,"September",2010-09-01,"249.5"
"905","Himachal Pradesh","Kinnaur",2010,"September",2010-09-01,"203.9"
"906","Himachal Pradesh","Kulu",2010,"September",2010-09-01,"234.9"
"907","Himachal Pradesh","Lahaul and Spiti",2010,"September",2010-09-01,"44.5"
"908","Himachal Pradesh","Mandi",2010,"September",2010-09-01,"215.9"
"909","Himachal Pradesh","Simla",2010,"September",2010-09-01,"261.6"
"910","Himachal Pradesh","Sirmur",2010,"September",2010-09-01,"597.1"
"911","Himachal Pradesh","Solan",2010,"September",2010-09-01,"283.8"
"912","Himachal Pradesh","Una",2010,"September",2010-09-01,"217.9"
"913","Himachal Pradesh","Bilaspur",2010,"October",2010-10-01,"18"
"914","Himachal Pradesh","Chamba",2010,"October",2010-10-01,"8.4"
"915","Himachal Pradesh","Hamirpur",2010,"October",2010-10-01,"12.9"
"916","Himachal Pradesh","Kangra",2010,"October",2010-10-01,"22.4"
"917","Himachal Pradesh","Kinnaur",2010,"October",2010-10-01,"26.3"
"918","Himachal Pradesh","Kulu",2010,"October",2010-10-01,"50.9"
"919","Himachal Pradesh","Lahaul and Spiti",2010,"October",2010-10-01,"27.7"
"920","Himachal Pradesh","Mandi",2010,"October",2010-10-01,"21.5"
"921","Himachal Pradesh","Simla",2010,"October",2010-10-01,"26.5"
"922","Himachal Pradesh","Sirmur",2010,"October",2010-10-01,"13.4"
"923","Himachal Pradesh","Solan",2010,"October",2010-10-01,"29.8"
"924","Himachal Pradesh","Una",2010,"October",2010-10-01,"35.1"
"925","Himachal Pradesh","Bilaspur",2010,"November",2010-11-01,"9.4"
"926","Himachal Pradesh","Chamba",2010,"November",2010-11-01,"5.2"
"927","Himachal Pradesh","Hamirpur",2010,"November",2010-11-01,"13.3"
"928","Himachal Pradesh","Kangra",2010,"November",2010-11-01,"8.2"
"929","Himachal Pradesh","Kinnaur",2010,"November",2010-11-01,"13.6"
"930","Himachal Pradesh","Kulu",2010,"November",2010-11-01,"15.7"
"931","Himachal Pradesh","Lahaul and Spiti",2010,"November",2010-11-01,"4.3"
"932","Himachal Pradesh","Mandi",2010,"November",2010-11-01,"8.5"
"933","Himachal Pradesh","Simla",2010,"November",2010-11-01,"8.3"
"934","Himachal Pradesh","Sirmur",2010,"November",2010-11-01,"12.3"
"935","Himachal Pradesh","Solan",2010,"November",2010-11-01,"15.4"
"936","Himachal Pradesh","Una",2010,"November",2010-11-01,"5.8"
"937","Himachal Pradesh","Bilaspur",2010,"December",2010-12-01,"73.6"
"938","Himachal Pradesh","Chamba",2010,"December",2010-12-01,"50.9"
"939","Himachal Pradesh","Hamirpur",2010,"December",2010-12-01,"67.7"
"940","Himachal Pradesh","Kangra",2010,"December",2010-12-01,"52.3"
"941","Himachal Pradesh","Kinnaur",2010,"December",2010-12-01,"44.2"
"942","Himachal Pradesh","Kulu",2010,"December",2010-12-01,"69.2"
"943","Himachal Pradesh","Lahaul and Spiti",2010,"December",2010-12-01,"52"
"944","Himachal Pradesh","Mandi",2010,"December",2010-12-01,"62.3"
"945","Himachal Pradesh","Simla",2010,"December",2010-12-01,"52.8"
"946","Himachal Pradesh","Sirmur",2010,"December",2010-12-01,"44.9"
"947","Himachal Pradesh","Solan",2010,"December",2010-12-01,"68.3"
"948","Himachal Pradesh","Una",2010,"December",2010-12-01,"58.7"
