"Sr.No","State","District","Year","Month","Date","Value"
"1","Jammu and Kashmir","Anantnag",2004,"January",2004-01-01,"125.1"
"2","Jammu and Kashmir"," Badgam",2004,"January",2004-01-01,"N.A."
"3","Jammu and Kashmir"," Doda",2004,"January",2004-01-01,"272.8"
"4","Jammu and Kashmir"," Jammu",2004,"January",2004-01-01,"110.2"
"5","Jammu and Kashmir"," Kathua",2004,"January",2004-01-01,"119"
"6","Jammu and Kashmir"," Kupwara",2004,"January",2004-01-01,"120.7"
"7","Jammu and Kashmir"," Ladakh (Leh)",2004,"January",2004-01-01,"0.4"
"8","Jammu and Kashmir"," North Baramula",2004,"January",2004-01-01,"163.1"
"9","Jammu and Kashmir"," Pulwama",2004,"January",2004-01-01,"54.5"
"10","Jammu and Kashmir"," Srinagar",2004,"January",2004-01-01,"102.2"
"11","Jammu and Kashmir","Udhampur",2004,"January",2004-01-01,"297.4"
"12","Jammu and Kashmir","Anantnag",2004,"February",2004-02-01,"78.3"
"13","Jammu and Kashmir"," Badgam",2004,"February",2004-02-01,"N.A."
"14","Jammu and Kashmir"," Doda",2004,"February",2004-02-01,"117.8"
"15","Jammu and Kashmir"," Jammu",2004,"February",2004-02-01,"25.9"
"16","Jammu and Kashmir"," Kathua",2004,"February",2004-02-01,"6.7"
"17","Jammu and Kashmir"," Kupwara",2004,"February",2004-02-01,"104.5"
"18","Jammu and Kashmir"," Ladakh (Leh)",2004,"February",2004-02-01,"0"
"19","Jammu and Kashmir"," North Baramula",2004,"February",2004-02-01,"82.6"
"20","Jammu and Kashmir"," Pulwama",2004,"February",2004-02-01,"48.3"
"21","Jammu and Kashmir"," Srinagar",2004,"February",2004-02-01,"35.2"
"22","Jammu and Kashmir","Udhampur",2004,"February",2004-02-01,"48.7"
"23","Jammu and Kashmir","Anantnag",2004,"March",2004-03-01,"13.3"
"24","Jammu and Kashmir"," Badgam",2004,"March",2004-03-01,"N.A."
"25","Jammu and Kashmir"," Doda",2004,"March",2004-03-01,"4.7"
"26","Jammu and Kashmir"," Jammu",2004,"March",2004-03-01,"0"
"27","Jammu and Kashmir"," Kathua",2004,"March",2004-03-01,"0"
"28","Jammu and Kashmir"," Kupwara",2004,"March",2004-03-01,"15.4"
"29","Jammu and Kashmir"," Ladakh (Leh)",2004,"March",2004-03-01,"0.3"
"30","Jammu and Kashmir"," North Baramula",2004,"March",2004-03-01,"27.7"
"31","Jammu and Kashmir"," Pulwama",2004,"March",2004-03-01,"4.8"
"32","Jammu and Kashmir"," Srinagar",2004,"March",2004-03-01,"6.9"
"33","Jammu and Kashmir","Udhampur",2004,"March",2004-03-01,"0"
"34","Jammu and Kashmir","Anantnag",2004,"April",2004-04-01,"145.8"
"35","Jammu and Kashmir"," Badgam",2004,"April",2004-04-01,"N.A."
"36","Jammu and Kashmir"," Doda",2004,"April",2004-04-01,"116.5"
"37","Jammu and Kashmir"," Jammu",2004,"April",2004-04-01,"42.5"
"38","Jammu and Kashmir"," Kathua",2004,"April",2004-04-01,"42"
"39","Jammu and Kashmir"," Kupwara",2004,"April",2004-04-01,"172.5"
"40","Jammu and Kashmir"," Ladakh (Leh)",2004,"April",2004-04-01,"0.5"
"41","Jammu and Kashmir"," North Baramula",2004,"April",2004-04-01,"206.8"
"42","Jammu and Kashmir"," Pulwama",2004,"April",2004-04-01,"128.1"
"43","Jammu and Kashmir"," Srinagar",2004,"April",2004-04-01,"148.4"
"44","Jammu and Kashmir","Udhampur",2004,"April",2004-04-01,"66.8"
"45","Jammu and Kashmir","Anantnag",2004,"May",2004-05-01,"65.9"
"46","Jammu and Kashmir"," Badgam",2004,"May",2004-05-01,"N.A."
"47","Jammu and Kashmir"," Doda",2004,"May",2004-05-01,"92.6"
"48","Jammu and Kashmir"," Jammu",2004,"May",2004-05-01,"25.2"
"49","Jammu and Kashmir"," Kathua",2004,"May",2004-05-01,"21.3"
"50","Jammu and Kashmir"," Kupwara",2004,"May",2004-05-01,"74"
"51","Jammu and Kashmir"," Ladakh (Leh)",2004,"May",2004-05-01,"0"
"52","Jammu and Kashmir"," North Baramula",2004,"May",2004-05-01,"152"
"53","Jammu and Kashmir"," Pulwama",2004,"May",2004-05-01,"88.7"
"54","Jammu and Kashmir"," Srinagar",2004,"May",2004-05-01,"74"
"55","Jammu and Kashmir","Udhampur",2004,"May",2004-05-01,"54.4"
"56","Jammu and Kashmir","Anantnag",2004,"June",2004-06-01,"75.6"
"57","Jammu and Kashmir"," Badgam",2004,"June",2004-06-01,"N.A."
"58","Jammu and Kashmir"," Doda",2004,"June",2004-06-01,"124.7"
"59","Jammu and Kashmir"," Jammu",2004,"June",2004-06-01,"103.2"
"60","Jammu and Kashmir"," Kathua",2004,"June",2004-06-01,"83.8"
"61","Jammu and Kashmir"," Kupwara",2004,"June",2004-06-01,"41.4"
"62","Jammu and Kashmir"," Ladakh (Leh)",2004,"June",2004-06-01,"1.3"
"63","Jammu and Kashmir"," North Baramula",2004,"June",2004-06-01,"96.6"
"64","Jammu and Kashmir"," Pulwama",2004,"June",2004-06-01,"60.3"
"65","Jammu and Kashmir"," Srinagar",2004,"June",2004-06-01,"34"
"66","Jammu and Kashmir","Udhampur",2004,"June",2004-06-01,"114.1"
"67","Jammu and Kashmir","Anantnag",2004,"July",2004-07-01,"52.7"
"68","Jammu and Kashmir"," Badgam",2004,"July",2004-07-01,"N.A."
"69","Jammu and Kashmir"," Doda",2004,"July",2004-07-01,"93.4"
"70","Jammu and Kashmir"," Jammu",2004,"July",2004-07-01,"350.9"
"71","Jammu and Kashmir"," Kathua",2004,"July",2004-07-01,"363.6"
"72","Jammu and Kashmir"," Kupwara",2004,"July",2004-07-01,"51.2"
"73","Jammu and Kashmir"," Ladakh (Leh)",2004,"July",2004-07-01,"0"
"74","Jammu and Kashmir"," North Baramula",2004,"July",2004-07-01,"57.7"
"75","Jammu and Kashmir"," Pulwama",2004,"July",2004-07-01,"31.6"
"76","Jammu and Kashmir"," Srinagar",2004,"July",2004-07-01,"64.8"
"77","Jammu and Kashmir","Udhampur",2004,"July",2004-07-01,"296.3"
"78","Jammu and Kashmir","Anantnag",2004,"August",2004-08-01,"65.6"
"79","Jammu and Kashmir"," Badgam",2004,"August",2004-08-01,"N.A."
"80","Jammu and Kashmir"," Doda",2004,"August",2004-08-01,"73.5"
"81","Jammu and Kashmir"," Jammu",2004,"August",2004-08-01,"164.6"
"82","Jammu and Kashmir"," Kathua",2004,"August",2004-08-01,"214.8"
"83","Jammu and Kashmir"," Kupwara",2004,"August",2004-08-01,"50.8"
"84","Jammu and Kashmir"," Ladakh (Leh)",2004,"August",2004-08-01,"2.4"
"85","Jammu and Kashmir"," North Baramula",2004,"August",2004-08-01,"51.6"
"86","Jammu and Kashmir"," Pulwama",2004,"August",2004-08-01,"48.2"
"87","Jammu and Kashmir"," Srinagar",2004,"August",2004-08-01,"32"
"88","Jammu and Kashmir","Udhampur",2004,"August",2004-08-01,"288.4"
"89","Jammu and Kashmir","Anantnag",2004,"September",2004-09-01,"28.5"
"90","Jammu and Kashmir"," Badgam",2004,"September",2004-09-01,"N.A."
"91","Jammu and Kashmir"," Doda",2004,"September",2004-09-01,"14.6"
"92","Jammu and Kashmir"," Jammu",2004,"September",2004-09-01,"78.5"
"93","Jammu and Kashmir"," Kathua",2004,"September",2004-09-01,"66.2"
"94","Jammu and Kashmir"," Kupwara",2004,"September",2004-09-01,"52.8"
"95","Jammu and Kashmir"," Ladakh (Leh)",2004,"September",2004-09-01,"0"
"96","Jammu and Kashmir"," North Baramula",2004,"September",2004-09-01,"22.2"
"97","Jammu and Kashmir"," Pulwama",2004,"September",2004-09-01,"4"
"98","Jammu and Kashmir"," Srinagar",2004,"September",2004-09-01,"6.6"
"99","Jammu and Kashmir","Udhampur",2004,"September",2004-09-01,"89.4"
"100","Jammu and Kashmir","Anantnag",2004,"October",2004-10-01,"81.1"
"101","Jammu and Kashmir"," Badgam",2004,"October",2004-10-01,"N.A."
"102","Jammu and Kashmir"," Doda",2004,"October",2004-10-01,"119.7"
"103","Jammu and Kashmir"," Jammu",2004,"October",2004-10-01,"48.5"
"104","Jammu and Kashmir"," Kathua",2004,"October",2004-10-01,"46.8"
"105","Jammu and Kashmir"," Kupwara",2004,"October",2004-10-01,"69.9"
"106","Jammu and Kashmir"," Ladakh (Leh)",2004,"October",2004-10-01,"1.1"
"107","Jammu and Kashmir"," North Baramula",2004,"October",2004-10-01,"89.4"
"108","Jammu and Kashmir"," Pulwama",2004,"October",2004-10-01,"55.8"
"109","Jammu and Kashmir"," Srinagar",2004,"October",2004-10-01,"59.7"
"110","Jammu and Kashmir","Udhampur",2004,"October",2004-10-01,"109.5"
"111","Jammu and Kashmir","Anantnag",2004,"November",2004-11-01,"27.8"
"112","Jammu and Kashmir"," Badgam",2004,"November",2004-11-01,"N.A."
"113","Jammu and Kashmir"," Doda",2004,"November",2004-11-01,"43.4"
"114","Jammu and Kashmir"," Jammu",2004,"November",2004-11-01,"4.4"
"115","Jammu and Kashmir"," Kathua",2004,"November",2004-11-01,"11.6"
"116","Jammu and Kashmir"," Kupwara",2004,"November",2004-11-01,"31.7"
"117","Jammu and Kashmir"," Ladakh (Leh)",2004,"November",2004-11-01,"1.5"
"118","Jammu and Kashmir"," North Baramula",2004,"November",2004-11-01,"46"
"119","Jammu and Kashmir"," Pulwama",2004,"November",2004-11-01,"13.8"
"120","Jammu and Kashmir"," Srinagar",2004,"November",2004-11-01,"29.9"
"121","Jammu and Kashmir","Udhampur",2004,"November",2004-11-01,"14.3"
"122","Jammu and Kashmir","Anantnag",2004,"December",2004-12-01,"17"
"123","Jammu and Kashmir"," Badgam",2004,"December",2004-12-01,"N.A."
"124","Jammu and Kashmir"," Doda",2004,"December",2004-12-01,"40.8"
"125","Jammu and Kashmir"," Jammu",2004,"December",2004-12-01,"25.1"
"126","Jammu and Kashmir"," Kathua",2004,"December",2004-12-01,"15.6"
"127","Jammu and Kashmir"," Kupwara",2004,"December",2004-12-01,"68.6"
"128","Jammu and Kashmir"," Ladakh (Leh)",2004,"December",2004-12-01,"0"
"129","Jammu and Kashmir"," North Baramula",2004,"December",2004-12-01,"60.4"
"130","Jammu and Kashmir"," Pulwama",2004,"December",2004-12-01,"13"
"131","Jammu and Kashmir"," Srinagar",2004,"December",2004-12-01,"17.1"
"132","Jammu and Kashmir","Udhampur",2004,"December",2004-12-01,"33.9"
"133","Jammu and Kashmir","Anantnag",2005,"January",2005-01-01,"178.1"
"134","Jammu and Kashmir"," Badgam",2005,"January",2005-01-01,"N.A."
"135","Jammu and Kashmir"," Doda",2005,"January",2005-01-01,"206.9"
"136","Jammu and Kashmir"," Jammu",2005,"January",2005-01-01,"123"
"137","Jammu and Kashmir"," Kathua",2005,"January",2005-01-01,"45.8"
"138","Jammu and Kashmir"," Kupwara",2005,"January",2005-01-01,"105.9"
"139","Jammu and Kashmir"," Ladakh (Leh)",2005,"January",2005-01-01,"4.3"
"140","Jammu and Kashmir"," North Baramula",2005,"January",2005-01-01,"140.7"
"141","Jammu and Kashmir"," Pulwama",2005,"January",2005-01-01,"130.2"
"142","Jammu and Kashmir"," Srinagar",2005,"January",2005-01-01,"90.1"
"143","Jammu and Kashmir","Udhampur",2005,"January",2005-01-01,"134"
"144","Jammu and Kashmir","Anantnag",2005,"February",2005-02-01,"379.6"
"145","Jammu and Kashmir"," Badgam",2005,"February",2005-02-01,"N.A."
"146","Jammu and Kashmir"," Doda",2005,"February",2005-02-01,"576.4"
"147","Jammu and Kashmir"," Jammu",2005,"February",2005-02-01,"139.5"
"148","Jammu and Kashmir"," Kathua",2005,"February",2005-02-01,"174.4"
"149","Jammu and Kashmir"," Kupwara",2005,"February",2005-02-01,"297.7"
"150","Jammu and Kashmir"," Ladakh (Leh)",2005,"February",2005-02-01,"3.5"
"151","Jammu and Kashmir"," North Baramula",2005,"February",2005-02-01,"262.6"
"152","Jammu and Kashmir"," Pulwama",2005,"February",2005-02-01,"211.6"
"153","Jammu and Kashmir"," Srinagar",2005,"February",2005-02-01,"197.8"
"154","Jammu and Kashmir","Udhampur",2005,"February",2005-02-01,"330.8"
"155","Jammu and Kashmir","Anantnag",2005,"March",2005-03-01,"148.3"
"156","Jammu and Kashmir"," Badgam",2005,"March",2005-03-01,"N.A."
"157","Jammu and Kashmir"," Doda",2005,"March",2005-03-01,"231.1"
"158","Jammu and Kashmir"," Jammu",2005,"March",2005-03-01,"111.6"
"159","Jammu and Kashmir"," Kathua",2005,"March",2005-03-01,"65.6"
"160","Jammu and Kashmir"," Kupwara",2005,"March",2005-03-01,"176.4"
"161","Jammu and Kashmir"," Ladakh (Leh)",2005,"March",2005-03-01,"0.5"
"162","Jammu and Kashmir"," North Baramula",2005,"March",2005-03-01,"218.1"
"163","Jammu and Kashmir"," Pulwama",2005,"March",2005-03-01,"122.4"
"164","Jammu and Kashmir"," Srinagar",2005,"March",2005-03-01,"102.6"
"165","Jammu and Kashmir","Udhampur",2005,"March",2005-03-01,"155.2"
"166","Jammu and Kashmir","Anantnag",2005,"April",2005-04-01,"93.1"
"167","Jammu and Kashmir"," Badgam",2005,"April",2005-04-01,"N.A."
"168","Jammu and Kashmir"," Doda",2005,"April",2005-04-01,"70.5"
"169","Jammu and Kashmir"," Jammu",2005,"April",2005-04-01,"12.7"
"170","Jammu and Kashmir"," Kathua",2005,"April",2005-04-01,"12.8"
"171","Jammu and Kashmir"," Kupwara",2005,"April",2005-04-01,"71.7"
"172","Jammu and Kashmir"," Ladakh (Leh)",2005,"April",2005-04-01,"5.4"
"173","Jammu and Kashmir"," North Baramula",2005,"April",2005-04-01,"105.9"
"174","Jammu and Kashmir"," Pulwama",2005,"April",2005-04-01,"51"
"175","Jammu and Kashmir"," Srinagar",2005,"April",2005-04-01,"43.8"
"176","Jammu and Kashmir","Udhampur",2005,"April",2005-04-01,"24.6"
"177","Jammu and Kashmir","Anantnag",2005,"May",2005-05-01,"100.2"
"178","Jammu and Kashmir"," Badgam",2005,"May",2005-05-01,"N.A."
"179","Jammu and Kashmir"," Doda",2005,"May",2005-05-01,"64.1"
"180","Jammu and Kashmir"," Jammu",2005,"May",2005-05-01,"12.2"
"181","Jammu and Kashmir"," Kathua",2005,"May",2005-05-01,"7"
"182","Jammu and Kashmir"," Kupwara",2005,"May",2005-05-01,"74.1"
"183","Jammu and Kashmir"," Ladakh (Leh)",2005,"May",2005-05-01,"0.1"
"184","Jammu and Kashmir"," North Baramula",2005,"May",2005-05-01,"206.8"
"185","Jammu and Kashmir"," Pulwama",2005,"May",2005-05-01,"28.6"
"186","Jammu and Kashmir"," Srinagar",2005,"May",2005-05-01,"69.5"
"187","Jammu and Kashmir","Udhampur",2005,"May",2005-05-01,"31.6"
"188","Jammu and Kashmir","Anantnag",2005,"June",2005-06-01,"39.1"
"189","Jammu and Kashmir"," Badgam",2005,"June",2005-06-01,"N.A."
"190","Jammu and Kashmir"," Doda",2005,"June",2005-06-01,"39.3"
"191","Jammu and Kashmir"," Jammu",2005,"June",2005-06-01,"24.6"
"192","Jammu and Kashmir"," Kathua",2005,"June",2005-06-01,"16.4"
"193","Jammu and Kashmir"," Kupwara",2005,"June",2005-06-01,"6.2"
"194","Jammu and Kashmir"," Ladakh (Leh)",2005,"June",2005-06-01,"0.2"
"195","Jammu and Kashmir"," North Baramula",2005,"June",2005-06-01,"22"
"196","Jammu and Kashmir"," Pulwama",2005,"June",2005-06-01,"9.1"
"197","Jammu and Kashmir"," Srinagar",2005,"June",2005-06-01,"9.6"
"198","Jammu and Kashmir","Udhampur",2005,"June",2005-06-01,"35.6"
"199","Jammu and Kashmir","Anantnag",2005,"July",2005-07-01,"127.2"
"200","Jammu and Kashmir"," Badgam",2005,"July",2005-07-01,"N.A."
"201","Jammu and Kashmir"," Doda",2005,"July",2005-07-01,"266.3"
"202","Jammu and Kashmir"," Jammu",2005,"July",2005-07-01,"340.1"
"203","Jammu and Kashmir"," Kathua",2005,"July",2005-07-01,"404.4"
"204","Jammu and Kashmir"," Kupwara",2005,"July",2005-07-01,"67.5"
"205","Jammu and Kashmir"," Ladakh (Leh)",2005,"July",2005-07-01,"4.7"
"206","Jammu and Kashmir"," North Baramula",2005,"July",2005-07-01,"108.5"
"207","Jammu and Kashmir"," Pulwama",2005,"July",2005-07-01,"58.1"
"208","Jammu and Kashmir"," Srinagar",2005,"July",2005-07-01,"95"
"209","Jammu and Kashmir","Udhampur",2005,"July",2005-07-01,"550.6"
"210","Jammu and Kashmir","Anantnag",2005,"August",2005-08-01,"30.8"
"211","Jammu and Kashmir"," Badgam",2005,"August",2005-08-01,"N.A."
"212","Jammu and Kashmir"," Doda",2005,"August",2005-08-01,"60.6"
"213","Jammu and Kashmir"," Jammu",2005,"August",2005-08-01,"162.8"
"214","Jammu and Kashmir"," Kathua",2005,"August",2005-08-01,"277.8"
"215","Jammu and Kashmir"," Kupwara",2005,"August",2005-08-01,"29.9"
"216","Jammu and Kashmir"," Ladakh (Leh)",2005,"August",2005-08-01,"0"
"217","Jammu and Kashmir"," North Baramula",2005,"August",2005-08-01,"25"
"218","Jammu and Kashmir"," Pulwama",2005,"August",2005-08-01,"15.3"
"219","Jammu and Kashmir"," Srinagar",2005,"August",2005-08-01,"28.1"
"220","Jammu and Kashmir","Udhampur",2005,"August",2005-08-01,"333.7"
"221","Jammu and Kashmir","Anantnag",2005,"September",2005-09-01,"31.6"
"222","Jammu and Kashmir"," Badgam",2005,"September",2005-09-01,"N.A."
"223","Jammu and Kashmir"," Doda",2005,"September",2005-09-01,"72.9"
"224","Jammu and Kashmir"," Jammu",2005,"September",2005-09-01,"41.6"
"225","Jammu and Kashmir"," Kathua",2005,"September",2005-09-01,"210.2"
"226","Jammu and Kashmir"," Kupwara",2005,"September",2005-09-01,"16.9"
"227","Jammu and Kashmir"," Ladakh (Leh)",2005,"September",2005-09-01,"0"
"228","Jammu and Kashmir"," North Baramula",2005,"September",2005-09-01,"52.9"
"229","Jammu and Kashmir"," Pulwama",2005,"September",2005-09-01,"18.6"
"230","Jammu and Kashmir"," Srinagar",2005,"September",2005-09-01,"23.4"
"231","Jammu and Kashmir","Udhampur",2005,"September",2005-09-01,"121.3"
"232","Jammu and Kashmir","Anantnag",2005,"October",2005-10-01,"16.8"
"233","Jammu and Kashmir"," Badgam",2005,"October",2005-10-01,"N.A."
"234","Jammu and Kashmir"," Doda",2005,"October",2005-10-01,"6.2"
"235","Jammu and Kashmir"," Jammu",2005,"October",2005-10-01,"1.8"
"236","Jammu and Kashmir"," Kathua",2005,"October",2005-10-01,"1.4"
"237","Jammu and Kashmir"," Kupwara",2005,"October",2005-10-01,"23.6"
"238","Jammu and Kashmir"," Ladakh (Leh)",2005,"October",2005-10-01,"0"
"239","Jammu and Kashmir"," North Baramula",2005,"October",2005-10-01,"45.2"
"240","Jammu and Kashmir"," Pulwama",2005,"October",2005-10-01,"10.4"
"241","Jammu and Kashmir"," Srinagar",2005,"October",2005-10-01,"20.6"
"242","Jammu and Kashmir","Udhampur",2005,"October",2005-10-01,"3.4"
"243","Jammu and Kashmir","Anantnag",2005,"November",2005-11-01,"29.4"
"244","Jammu and Kashmir"," Badgam",2005,"November",2005-11-01,"N.A."
"245","Jammu and Kashmir"," Doda",2005,"November",2005-11-01,"11.4"
"246","Jammu and Kashmir"," Jammu",2005,"November",2005-11-01,"0"
"247","Jammu and Kashmir"," Kathua",2005,"November",2005-11-01,"0"
"248","Jammu and Kashmir"," Kupwara",2005,"November",2005-11-01,"50.1"
"249","Jammu and Kashmir"," Ladakh (Leh)",2005,"November",2005-11-01,"0"
"250","Jammu and Kashmir"," North Baramula",2005,"November",2005-11-01,"56.1"
"251","Jammu and Kashmir"," Pulwama",2005,"November",2005-11-01,"11.5"
"252","Jammu and Kashmir"," Srinagar",2005,"November",2005-11-01,"13.9"
"253","Jammu and Kashmir","Udhampur",2005,"November",2005-11-01,"0"
"254","Jammu and Kashmir","Anantnag",2005,"December",2005-12-01,"1.1"
"255","Jammu and Kashmir"," Badgam",2005,"December",2005-12-01,"N.A."
"256","Jammu and Kashmir"," Doda",2005,"December",2005-12-01,"0"
"257","Jammu and Kashmir"," Jammu",2005,"December",2005-12-01,"0"
"258","Jammu and Kashmir"," Kathua",2005,"December",2005-12-01,"0"
"259","Jammu and Kashmir"," Kupwara",2005,"December",2005-12-01,"0"
"260","Jammu and Kashmir"," Ladakh (Leh)",2005,"December",2005-12-01,"0"
"261","Jammu and Kashmir"," North Baramula",2005,"December",2005-12-01,"1.7"
"262","Jammu and Kashmir"," Pulwama",2005,"December",2005-12-01,"0"
"263","Jammu and Kashmir"," Srinagar",2005,"December",2005-12-01,"0.3"
"264","Jammu and Kashmir","Udhampur",2005,"December",2005-12-01,"0"
"265","Jammu and Kashmir","Anantnag",2006,"January",2006-01-01,"204"
"266","Jammu and Kashmir"," Badgam",2006,"January",2006-01-01,"N.A."
"267","Jammu and Kashmir"," Doda",2006,"January",2006-01-01,"326.7"
"268","Jammu and Kashmir"," Jammu",2006,"January",2006-01-01,"70.8"
"269","Jammu and Kashmir"," Kathua",2006,"January",2006-01-01,"27.6"
"270","Jammu and Kashmir"," Kupwara",2006,"January",2006-01-01,"205.5"
"271","Jammu and Kashmir"," Ladakh (Leh)",2006,"January",2006-01-01,"14.2"
"272","Jammu and Kashmir"," North Baramula",2006,"January",2006-01-01,"361.9"
"273","Jammu and Kashmir"," Pulwama",2006,"January",2006-01-01,"100.6"
"274","Jammu and Kashmir"," Srinagar",2006,"January",2006-01-01,"141.2"
"275","Jammu and Kashmir","Udhampur",2006,"January",2006-01-01,"159.2"
"276","Jammu and Kashmir","Anantnag",2006,"February",2006-02-01,"93.5"
"277","Jammu and Kashmir"," Badgam",2006,"February",2006-02-01,"N.A."
"278","Jammu and Kashmir"," Doda",2006,"February",2006-02-01,"117.6"
"279","Jammu and Kashmir"," Jammu",2006,"February",2006-02-01,"4.2"
"280","Jammu and Kashmir"," Kathua",2006,"February",2006-02-01,"20"
"281","Jammu and Kashmir"," Kupwara",2006,"February",2006-02-01,"134.6"
"282","Jammu and Kashmir"," Ladakh (Leh)",2006,"February",2006-02-01,"0"
"283","Jammu and Kashmir"," North Baramula",2006,"February",2006-02-01,"179.5"
"284","Jammu and Kashmir"," Pulwama",2006,"February",2006-02-01,"51.1"
"285","Jammu and Kashmir"," Srinagar",2006,"February",2006-02-01,"56.7"
"286","Jammu and Kashmir","Udhampur",2006,"February",2006-02-01,"30.5"
"287","Jammu and Kashmir","Anantnag",2006,"March",2006-03-01,"108"
"288","Jammu and Kashmir"," Badgam",2006,"March",2006-03-01,"N.A."
"289","Jammu and Kashmir"," Doda",2006,"March",2006-03-01,"187.9"
"290","Jammu and Kashmir"," Jammu",2006,"March",2006-03-01,"44.6"
"291","Jammu and Kashmir"," Kathua",2006,"March",2006-03-01,"64.5"
"292","Jammu and Kashmir"," Kupwara",2006,"March",2006-03-01,"109.7"
"293","Jammu and Kashmir"," Ladakh (Leh)",2006,"March",2006-03-01,"0"
"294","Jammu and Kashmir"," North Baramula",2006,"March",2006-03-01,"124"
"295","Jammu and Kashmir"," Pulwama",2006,"March",2006-03-01,"51.7"
"296","Jammu and Kashmir"," Srinagar",2006,"March",2006-03-01,"49.9"
"297","Jammu and Kashmir","Udhampur",2006,"March",2006-03-01,"144.1"
"298","Jammu and Kashmir","Anantnag",2006,"April",2006-04-01,"58.7"
"299","Jammu and Kashmir"," Badgam",2006,"April",2006-04-01,"N.A."
"300","Jammu and Kashmir"," Doda",2006,"April",2006-04-01,"63.9"
"301","Jammu and Kashmir"," Jammu",2006,"April",2006-04-01,"10.7"
"302","Jammu and Kashmir"," Kathua",2006,"April",2006-04-01,"10.2"
"303","Jammu and Kashmir"," Kupwara",2006,"April",2006-04-01,"145"
"304","Jammu and Kashmir"," Ladakh (Leh)",2006,"April",2006-04-01,"3"
"305","Jammu and Kashmir"," North Baramula",2006,"April",2006-04-01,"101.8"
"306","Jammu and Kashmir"," Pulwama",2006,"April",2006-04-01,"43.6"
"307","Jammu and Kashmir"," Srinagar",2006,"April",2006-04-01,"52.7"
"308","Jammu and Kashmir","Udhampur",2006,"April",2006-04-01,"24.7"
"309","Jammu and Kashmir","Anantnag",2006,"May",2006-05-01,"31.1"
"310","Jammu and Kashmir"," Badgam",2006,"May",2006-05-01,"N.A."
"311","Jammu and Kashmir"," Doda",2006,"May",2006-05-01,"53.7"
"312","Jammu and Kashmir"," Jammu",2006,"May",2006-05-01,"16.1"
"313","Jammu and Kashmir"," Kathua",2006,"May",2006-05-01,"16.4"
"314","Jammu and Kashmir"," Kupwara",2006,"May",2006-05-01,"44"
"315","Jammu and Kashmir"," Ladakh (Leh)",2006,"May",2006-05-01,"0.4"
"316","Jammu and Kashmir"," North Baramula",2006,"May",2006-05-01,"58.9"
"317","Jammu and Kashmir"," Pulwama",2006,"May",2006-05-01,"10.7"
"318","Jammu and Kashmir"," Srinagar",2006,"May",2006-05-01,"30.1"
"319","Jammu and Kashmir","Udhampur",2006,"May",2006-05-01,"74.3"
"320","Jammu and Kashmir","Anantnag",2006,"June",2006-06-01,"68.6"
"321","Jammu and Kashmir"," Badgam",2006,"June",2006-06-01,"N.A."
"322","Jammu and Kashmir"," Doda",2006,"June",2006-06-01,"70"
"323","Jammu and Kashmir"," Jammu",2006,"June",2006-06-01,"150.2"
"324","Jammu and Kashmir"," Kathua",2006,"June",2006-06-01,"30.7"
"325","Jammu and Kashmir"," Kupwara",2006,"June",2006-06-01,"0.4"
"326","Jammu and Kashmir"," Ladakh (Leh)",2006,"June",2006-06-01,"104.9"
"327","Jammu and Kashmir"," North Baramula",2006,"June",2006-06-01,"69.8"
"328","Jammu and Kashmir"," Pulwama",2006,"June",2006-06-01,"21.4"
"329","Jammu and Kashmir"," Srinagar",2006,"June",2006-06-01,"41.4"
"330","Jammu and Kashmir","Udhampur",2006,"June",2006-06-01,"101"
"331","Jammu and Kashmir","Anantnag",2006,"July",2006-07-01,"120.2"
"332","Jammu and Kashmir"," Badgam",2006,"July",2006-07-01,"N.A."
"333","Jammu and Kashmir"," Doda",2006,"July",2006-07-01,"240.6"
"334","Jammu and Kashmir"," Jammu",2006,"July",2006-07-01,"379.9"
"335","Jammu and Kashmir"," Kathua",2006,"July",2006-07-01,"54.3"
"336","Jammu and Kashmir"," Kupwara",2006,"July",2006-07-01,"0.3"
"337","Jammu and Kashmir"," Ladakh (Leh)",2006,"July",2006-07-01,"94.2"
"338","Jammu and Kashmir"," North Baramula",2006,"July",2006-07-01,"154.6"
"339","Jammu and Kashmir"," Pulwama",2006,"July",2006-07-01,"109"
"340","Jammu and Kashmir"," Srinagar",2006,"July",2006-07-01,"90.6"
"341","Jammu and Kashmir","Udhampur",2006,"July",2006-07-01,"436.4"
"342","Jammu and Kashmir","Anantnag",2006,"August",2006-08-01,"141.6"
"343","Jammu and Kashmir"," Badgam",2006,"August",2006-08-01,"N.A."
"344","Jammu and Kashmir"," Doda",2006,"August",2006-08-01,"214.4"
"345","Jammu and Kashmir"," Jammu",2006,"August",2006-08-01,"269.4"
"346","Jammu and Kashmir"," Kathua",2006,"August",2006-08-01,"104.2"
"347","Jammu and Kashmir"," Kupwara",2006,"August",2006-08-01,"17.2"
"348","Jammu and Kashmir"," Ladakh (Leh)",2006,"August",2006-08-01,"151.5"
"349","Jammu and Kashmir"," North Baramula",2006,"August",2006-08-01,"158.6"
"350","Jammu and Kashmir"," Pulwama",2006,"August",2006-08-01,"93.8"
"351","Jammu and Kashmir"," Srinagar",2006,"August",2006-08-01,"141.7"
"352","Jammu and Kashmir","Udhampur",2006,"August",2006-08-01,"524.5"
"353","Jammu and Kashmir","Anantnag",2006,"September",2006-09-01,"151.8"
"354","Jammu and Kashmir"," Badgam",2006,"September",2006-09-01,"N.A."
"355","Jammu and Kashmir"," Doda",2006,"September",2006-09-01,"283"
"356","Jammu and Kashmir"," Jammu",2006,"September",2006-09-01,"123.8"
"357","Jammu and Kashmir"," Kathua",2006,"September",2006-09-01,"56.2"
"358","Jammu and Kashmir"," Kupwara",2006,"September",2006-09-01,"10.8"
"359","Jammu and Kashmir"," Ladakh (Leh)",2006,"September",2006-09-01,"134.7"
"360","Jammu and Kashmir"," North Baramula",2006,"September",2006-09-01,"251.8"
"361","Jammu and Kashmir"," Pulwama",2006,"September",2006-09-01,"78"
"362","Jammu and Kashmir"," Srinagar",2006,"September",2006-09-01,"100.9"
"363","Jammu and Kashmir","Udhampur",2006,"September",2006-09-01,"370.3"
"364","Jammu and Kashmir","Anantnag",2006,"October",2006-10-01,"34.5"
"365","Jammu and Kashmir"," Badgam",2006,"October",2006-10-01,"N.A."
"366","Jammu and Kashmir"," Doda",2006,"October",2006-10-01,"67"
"367","Jammu and Kashmir"," Jammu",2006,"October",2006-10-01,"56"
"368","Jammu and Kashmir"," Kathua",2006,"October",2006-10-01,"41.8"
"369","Jammu and Kashmir"," Kupwara",2006,"October",2006-10-01,"0"
"370","Jammu and Kashmir"," Ladakh (Leh)",2006,"October",2006-10-01,"43.9"
"371","Jammu and Kashmir"," North Baramula",2006,"October",2006-10-01,"52.7"
"372","Jammu and Kashmir"," Pulwama",2006,"October",2006-10-01,"20.4"
"373","Jammu and Kashmir"," Srinagar",2006,"October",2006-10-01,"16.1"
"374","Jammu and Kashmir","Udhampur",2006,"October",2006-10-01,"51.5"
"375","Jammu and Kashmir","Anantnag",2006,"November",2006-11-01,"61.8"
"376","Jammu and Kashmir"," Badgam",2006,"November",2006-11-01,"N.A."
"377","Jammu and Kashmir"," Doda",2006,"November",2006-11-01,"12.2"
"378","Jammu and Kashmir"," Jammu",2006,"November",2006-11-01,"7"
"379","Jammu and Kashmir"," Kathua",2006,"November",2006-11-01,"148.7"
"380","Jammu and Kashmir"," Kupwara",2006,"November",2006-11-01,"0"
"381","Jammu and Kashmir"," Ladakh (Leh)",2006,"November",2006-11-01,"146.8"
"382","Jammu and Kashmir"," North Baramula",2006,"November",2006-11-01,"83.5"
"383","Jammu and Kashmir"," Pulwama",2006,"November",2006-11-01,"53"
"384","Jammu and Kashmir"," Srinagar",2006,"November",2006-11-01,"77.9"
"385","Jammu and Kashmir","Udhampur",2006,"November",2006-11-01,"30.5"
"386","Jammu and Kashmir","Anantnag",2006,"December",2006-12-01,"133.8"
"387","Jammu and Kashmir"," Badgam",2006,"December",2006-12-01,"N.A."
"388","Jammu and Kashmir"," Doda",2006,"December",2006-12-01,"37.9"
"389","Jammu and Kashmir"," Jammu",2006,"December",2006-12-01,"32.4"
"390","Jammu and Kashmir"," Kathua",2006,"December",2006-12-01,"91.9"
"391","Jammu and Kashmir"," Kupwara",2006,"December",2006-12-01,"0"
"392","Jammu and Kashmir"," Ladakh (Leh)",2006,"December",2006-12-01,"157.6"
"393","Jammu and Kashmir"," North Baramula",2006,"December",2006-12-01,"205"
"394","Jammu and Kashmir"," Pulwama",2006,"December",2006-12-01,"68.2"
"395","Jammu and Kashmir"," Srinagar",2006,"December",2006-12-01,"70"
"396","Jammu and Kashmir","Udhampur",2006,"December",2006-12-01,"105.6"
"397","Jammu and Kashmir","Anantnag",2007,"January",2007-01-01,"24.6"
"398","Jammu and Kashmir"," Badgam",2007,"January",2007-01-01,"N.A."
"399","Jammu and Kashmir"," Doda",2007,"January",2007-01-01,"4.9"
"400","Jammu and Kashmir"," Jammu",2007,"January",2007-01-01,"0"
"401","Jammu and Kashmir"," Kathua",2007,"January",2007-01-01,"0"
"402","Jammu and Kashmir"," Kupwara",2007,"January",2007-01-01,"9.7"
"403","Jammu and Kashmir"," Ladakh (Leh)",2007,"January",2007-01-01,"0"
"404","Jammu and Kashmir"," North Baramula",2007,"January",2007-01-01,"32.6"
"405","Jammu and Kashmir"," Pulwama",2007,"January",2007-01-01,"17"
"406","Jammu and Kashmir"," Srinagar",2007,"January",2007-01-01,"9.4"
"407","Jammu and Kashmir","Udhampur",2007,"January",2007-01-01,"1"
"408","Jammu and Kashmir","Anantnag",2007,"February",2007-02-01,"65.5"
"409","Jammu and Kashmir"," Badgam",2007,"February",2007-02-01,"N.A."
"410","Jammu and Kashmir"," Doda",2007,"February",2007-02-01,"151.9"
"411","Jammu and Kashmir"," Jammu",2007,"February",2007-02-01,"95.9"
"412","Jammu and Kashmir"," Kathua",2007,"February",2007-02-01,"86.6"
"413","Jammu and Kashmir"," Kupwara",2007,"February",2007-02-01,"96"
"414","Jammu and Kashmir"," Ladakh (Leh)",2007,"February",2007-02-01,"1"
"415","Jammu and Kashmir"," North Baramula",2007,"February",2007-02-01,"197.8"
"416","Jammu and Kashmir"," Pulwama",2007,"February",2007-02-01,"15.8"
"417","Jammu and Kashmir"," Srinagar",2007,"February",2007-02-01,"48.9"
"418","Jammu and Kashmir","Udhampur",2007,"February",2007-02-01,"136"
"419","Jammu and Kashmir","Anantnag",2007,"March",2007-03-01,"281.1"
"420","Jammu and Kashmir"," Badgam",2007,"March",2007-03-01,"N.A."
"421","Jammu and Kashmir"," Doda",2007,"March",2007-03-01,"353.2"
"422","Jammu and Kashmir"," Jammu",2007,"March",2007-03-01,"243.6"
"423","Jammu and Kashmir"," Kathua",2007,"March",2007-03-01,"188.2"
"424","Jammu and Kashmir"," Kupwara",2007,"March",2007-03-01,"206.8"
"425","Jammu and Kashmir"," Ladakh (Leh)",2007,"March",2007-03-01,"0"
"426","Jammu and Kashmir"," North Baramula",2007,"March",2007-03-01,"245.9"
"427","Jammu and Kashmir"," Pulwama",2007,"March",2007-03-01,"141.4"
"428","Jammu and Kashmir"," Srinagar",2007,"March",2007-03-01,"164.4"
"429","Jammu and Kashmir","Udhampur",2007,"March",2007-03-01,"338.2"
"430","Jammu and Kashmir","Anantnag",2007,"April",2007-04-01,"7.8"
"431","Jammu and Kashmir"," Badgam",2007,"April",2007-04-01,"N.A."
"432","Jammu and Kashmir"," Doda",2007,"April",2007-04-01,"14"
"433","Jammu and Kashmir"," Jammu",2007,"April",2007-04-01,"3"
"434","Jammu and Kashmir"," Kathua",2007,"April",2007-04-01,"0"
"435","Jammu and Kashmir"," Kupwara",2007,"April",2007-04-01,"21.4"
"436","Jammu and Kashmir"," Ladakh (Leh)",2007,"April",2007-04-01,"0"
"437","Jammu and Kashmir"," North Baramula",2007,"April",2007-04-01,"43.9"
"438","Jammu and Kashmir"," Pulwama",2007,"April",2007-04-01,"0.8"
"439","Jammu and Kashmir"," Srinagar",2007,"April",2007-04-01,"2.8"
"440","Jammu and Kashmir","Udhampur",2007,"April",2007-04-01,"1.4"
"441","Jammu and Kashmir","Anantnag",2007,"May",2007-05-01,"60.5"
"442","Jammu and Kashmir"," Badgam",2007,"May",2007-05-01,"N.A."
"443","Jammu and Kashmir"," Doda",2007,"May",2007-05-01,"62.3"
"444","Jammu and Kashmir"," Jammu",2007,"May",2007-05-01,"28"
"445","Jammu and Kashmir"," Kathua",2007,"May",2007-05-01,"51"
"446","Jammu and Kashmir"," Kupwara",2007,"May",2007-05-01,"51.5"
"447","Jammu and Kashmir"," Ladakh (Leh)",2007,"May",2007-05-01,"0.5"
"448","Jammu and Kashmir"," North Baramula",2007,"May",2007-05-01,"115.7"
"449","Jammu and Kashmir"," Pulwama",2007,"May",2007-05-01,"45.4"
"450","Jammu and Kashmir"," Srinagar",2007,"May",2007-05-01,"52.3"
"451","Jammu and Kashmir","Udhampur",2007,"May",2007-05-01,"85.3"
"452","Jammu and Kashmir","Anantnag",2007,"June",2007-06-01,"82.6"
"453","Jammu and Kashmir"," Badgam",2007,"June",2007-06-01,"N.A."
"454","Jammu and Kashmir"," Doda",2007,"June",2007-06-01,"66.9"
"455","Jammu and Kashmir"," Jammu",2007,"June",2007-06-01,"185.2"
"456","Jammu and Kashmir"," Kathua",2007,"June",2007-06-01,"367"
"457","Jammu and Kashmir"," Kupwara",2007,"June",2007-06-01,"108.6"
"458","Jammu and Kashmir"," Ladakh (Leh)",2007,"June",2007-06-01,"0.6"
"459","Jammu and Kashmir"," North Baramula",2007,"June",2007-06-01,"108.5"
"460","Jammu and Kashmir"," Pulwama",2007,"June",2007-06-01,"64.6"
"461","Jammu and Kashmir"," Srinagar",2007,"June",2007-06-01,"54.3"
"462","Jammu and Kashmir","Udhampur",2007,"June",2007-06-01,"286.8"
"463","Jammu and Kashmir","Anantnag",2007,"July",2007-07-01,"59.1"
"464","Jammu and Kashmir"," Badgam",2007,"July",2007-07-01,"N.A."
"465","Jammu and Kashmir"," Doda",2007,"July",2007-07-01,"88.7"
"466","Jammu and Kashmir"," Jammu",2007,"July",2007-07-01,"274"
"467","Jammu and Kashmir"," Kathua",2007,"July",2007-07-01,"438.4"
"468","Jammu and Kashmir"," Kupwara",2007,"July",2007-07-01,"79.1"
"469","Jammu and Kashmir"," Ladakh (Leh)",2007,"July",2007-07-01,"9.5"
"470","Jammu and Kashmir"," North Baramula",2007,"July",2007-07-01,"58.9"
"471","Jammu and Kashmir"," Pulwama",2007,"July",2007-07-01,"65.5"
"472","Jammu and Kashmir"," Srinagar",2007,"July",2007-07-01,"46.9"
"473","Jammu and Kashmir","Udhampur",2007,"July",2007-07-01,"158"
"474","Jammu and Kashmir","Anantnag",2007,"August",2007-08-01,"87"
"475","Jammu and Kashmir"," Badgam",2007,"August",2007-08-01,"N.A."
"476","Jammu and Kashmir"," Doda",2007,"August",2007-08-01,"100.4"
"477","Jammu and Kashmir"," Jammu",2007,"August",2007-08-01,"333"
"478","Jammu and Kashmir"," Kathua",2007,"August",2007-08-01,"673.6"
"479","Jammu and Kashmir"," Kupwara",2007,"August",2007-08-01,"41.5"
"480","Jammu and Kashmir"," Ladakh (Leh)",2007,"August",2007-08-01,"0.2"
"481","Jammu and Kashmir"," North Baramula",2007,"August",2007-08-01,"50"
"482","Jammu and Kashmir"," Pulwama",2007,"August",2007-08-01,"81.4"
"483","Jammu and Kashmir"," Srinagar",2007,"August",2007-08-01,"46"
"484","Jammu and Kashmir","Udhampur",2007,"August",2007-08-01,"552.9"
"485","Jammu and Kashmir","Anantnag",2007,"September",2007-09-01,"44.2"
"486","Jammu and Kashmir"," Badgam",2007,"September",2007-09-01,"N.A."
"487","Jammu and Kashmir"," Doda",2007,"September",2007-09-01,"28.8"
"488","Jammu and Kashmir"," Jammu",2007,"September",2007-09-01,"42.4"
"489","Jammu and Kashmir"," Kathua",2007,"September",2007-09-01,"16.2"
"490","Jammu and Kashmir"," Kupwara",2007,"September",2007-09-01,"3.9"
"491","Jammu and Kashmir"," Ladakh (Leh)",2007,"September",2007-09-01,"0.5"
"492","Jammu and Kashmir"," North Baramula",2007,"September",2007-09-01,"18.7"
"493","Jammu and Kashmir"," Pulwama",2007,"September",2007-09-01,"19.9"
"494","Jammu and Kashmir"," Srinagar",2007,"September",2007-09-01,"15.9"
"495","Jammu and Kashmir","Udhampur",2007,"September",2007-09-01,"84.2"
"496","Jammu and Kashmir","Anantnag",2007,"October",2007-10-01,"0.3"
"497","Jammu and Kashmir"," Badgam",2007,"October",2007-10-01,"N.A."
"498","Jammu and Kashmir"," Doda",2007,"October",2007-10-01,"0.9"
"499","Jammu and Kashmir"," Jammu",2007,"October",2007-10-01,"0"
"500","Jammu and Kashmir"," Kathua",2007,"October",2007-10-01,"0"
"501","Jammu and Kashmir"," Kupwara",2007,"October",2007-10-01,"1.8"
"502","Jammu and Kashmir"," Ladakh (Leh)",2007,"October",2007-10-01,"0"
"503","Jammu and Kashmir"," North Baramula",2007,"October",2007-10-01,"0"
"504","Jammu and Kashmir"," Pulwama",2007,"October",2007-10-01,"0"
"505","Jammu and Kashmir"," Srinagar",2007,"October",2007-10-01,"0"
"506","Jammu and Kashmir","Udhampur",2007,"October",2007-10-01,"0.3"
"507","Jammu and Kashmir","Anantnag",2007,"November",2007-11-01,"0"
"508","Jammu and Kashmir"," Badgam",2007,"November",2007-11-01,"N.A."
"509","Jammu and Kashmir"," Doda",2007,"November",2007-11-01,"0"
"510","Jammu and Kashmir"," Jammu",2007,"November",2007-11-01,"3.7"
"511","Jammu and Kashmir"," Kathua",2007,"November",2007-11-01,"3.2"
"512","Jammu and Kashmir"," Kupwara",2007,"November",2007-11-01,"0"
"513","Jammu and Kashmir"," Ladakh (Leh)",2007,"November",2007-11-01,"0"
"514","Jammu and Kashmir"," North Baramula",2007,"November",2007-11-01,"0"
"515","Jammu and Kashmir"," Pulwama",2007,"November",2007-11-01,"0"
"516","Jammu and Kashmir"," Srinagar",2007,"November",2007-11-01,"0"
"517","Jammu and Kashmir","Udhampur",2007,"November",2007-11-01,"4.2"
"518","Jammu and Kashmir","Anantnag",2007,"December",2007-12-01,"55.5"
"519","Jammu and Kashmir"," Badgam",2007,"December",2007-12-01,"N.A."
"520","Jammu and Kashmir"," Doda",2007,"December",2007-12-01,"83.9"
"521","Jammu and Kashmir"," Jammu",2007,"December",2007-12-01,"8.9"
"522","Jammu and Kashmir"," Kathua",2007,"December",2007-12-01,"30"
"523","Jammu and Kashmir"," Kupwara",2007,"December",2007-12-01,"31.6"
"524","Jammu and Kashmir"," Ladakh (Leh)",2007,"December",2007-12-01,"0"
"525","Jammu and Kashmir"," North Baramula",2007,"December",2007-12-01,"48.6"
"526","Jammu and Kashmir"," Pulwama",2007,"December",2007-12-01,"8.3"
"527","Jammu and Kashmir"," Srinagar",2007,"December",2007-12-01,"13.1"
"528","Jammu and Kashmir","Udhampur",2007,"December",2007-12-01,"21.7"
"529","Jammu and Kashmir","Anantnag",2008,"January",2008-01-01,"139.7"
"530","Jammu and Kashmir"," Badgam",2008,"January",2008-01-01,"N.A."
"531","Jammu and Kashmir"," Doda",2008,"January",2008-01-01,"25.1"
"532","Jammu and Kashmir"," Jammu",2008,"January",2008-01-01,"98"
"533","Jammu and Kashmir"," Kathua",2008,"January",2008-01-01,"46.4"
"534","Jammu and Kashmir"," Kupwara",2008,"January",2008-01-01,"220.8"
"535","Jammu and Kashmir"," Ladakh (Leh)",2008,"January",2008-01-01,"2.5"
"536","Jammu and Kashmir"," North Baramula",2008,"January",2008-01-01,"277.5"
"537","Jammu and Kashmir"," Pulwama",2008,"January",2008-01-01,"33.9"
"538","Jammu and Kashmir"," Srinagar",2008,"January",2008-01-01,"89.1"
"539","Jammu and Kashmir","Udhampur",2008,"January",2008-01-01,"118.3"
"540","Jammu and Kashmir","Anantnag",2008,"February",2008-02-01,"155"
"541","Jammu and Kashmir"," Badgam",2008,"February",2008-02-01,"N.A."
"542","Jammu and Kashmir"," Doda",2008,"February",2008-02-01,"227"
"543","Jammu and Kashmir"," Jammu",2008,"February",2008-02-01,"23.4"
"544","Jammu and Kashmir"," Kathua",2008,"February",2008-02-01,"28"
"545","Jammu and Kashmir"," Kupwara",2008,"February",2008-02-01,"69.7"
"546","Jammu and Kashmir"," Ladakh (Leh)",2008,"February",2008-02-01,"1.4"
"547","Jammu and Kashmir"," North Baramula",2008,"February",2008-02-01,"146.6"
"548","Jammu and Kashmir"," Pulwama",2008,"February",2008-02-01,"102.3"
"549","Jammu and Kashmir"," Srinagar",2008,"February",2008-02-01,"99.8"
"550","Jammu and Kashmir","Udhampur",2008,"February",2008-02-01,"54.4"
"551","Jammu and Kashmir","Anantnag",2008,"March",2008-03-01,"15.9"
"552","Jammu and Kashmir"," Badgam",2008,"March",2008-03-01,"N.A."
"553","Jammu and Kashmir"," Doda",2008,"March",2008-03-01,"7.7"
"554","Jammu and Kashmir"," Jammu",2008,"March",2008-03-01,"2.2"
"555","Jammu and Kashmir"," Kathua",2008,"March",2008-03-01,"0"
"556","Jammu and Kashmir"," Kupwara",2008,"March",2008-03-01,"26.6"
"557","Jammu and Kashmir"," Ladakh (Leh)",2008,"March",2008-03-01,"0"
"558","Jammu and Kashmir"," North Baramula",2008,"March",2008-03-01,"12.4"
"559","Jammu and Kashmir"," Pulwama",2008,"March",2008-03-01,"2"
"560","Jammu and Kashmir"," Srinagar",2008,"March",2008-03-01,"8"
"561","Jammu and Kashmir","Udhampur",2008,"March",2008-03-01,"4.4"
"562","Jammu and Kashmir","Anantnag",2008,"April",2008-04-01,"84.4"
"563","Jammu and Kashmir"," Badgam",2008,"April",2008-04-01,"N.A."
"564","Jammu and Kashmir"," Doda",2008,"April",2008-04-01,"122.7"
"565","Jammu and Kashmir"," Jammu",2008,"April",2008-04-01,"56.4"
"566","Jammu and Kashmir"," Kathua",2008,"April",2008-04-01,"40.8"
"567","Jammu and Kashmir"," Kupwara",2008,"April",2008-04-01,"142.5"
"568","Jammu and Kashmir"," Ladakh (Leh)",2008,"April",2008-04-01,"2.3"
"569","Jammu and Kashmir"," North Baramula",2008,"April",2008-04-01,"128"
"570","Jammu and Kashmir"," Pulwama",2008,"April",2008-04-01,"43.8"
"571","Jammu and Kashmir"," Srinagar",2008,"April",2008-04-01,"85.7"
"572","Jammu and Kashmir","Udhampur",2008,"April",2008-04-01,"67.7"
"573","Jammu and Kashmir","Anantnag",2008,"May",2008-05-01,"101.5"
"574","Jammu and Kashmir"," Badgam",2008,"May",2008-05-01,"N.A."
"575","Jammu and Kashmir"," Doda",2008,"May",2008-05-01,"65.6"
"576","Jammu and Kashmir"," Jammu",2008,"May",2008-05-01,"42.8"
"577","Jammu and Kashmir"," Kathua",2008,"May",2008-05-01,"11.8"
"578","Jammu and Kashmir"," Kupwara",2008,"May",2008-05-01,"58.9"
"579","Jammu and Kashmir"," Ladakh (Leh)",2008,"May",2008-05-01,"2.1"
"580","Jammu and Kashmir"," North Baramula",2008,"May",2008-05-01,"91.2"
"581","Jammu and Kashmir"," Pulwama",2008,"May",2008-05-01,"33.2"
"582","Jammu and Kashmir"," Srinagar",2008,"May",2008-05-01,"53.8"
"583","Jammu and Kashmir","Udhampur",2008,"May",2008-05-01,"28.8"
"584","Jammu and Kashmir","Anantnag",2008,"June",2008-06-01,"72.2"
"585","Jammu and Kashmir"," Badgam",2008,"June",2008-06-01,"N.A."
"586","Jammu and Kashmir"," Doda",2008,"June",2008-06-01,"102.2"
"587","Jammu and Kashmir"," Jammu",2008,"June",2008-06-01,"228.2"
"588","Jammu and Kashmir"," Kathua",2008,"June",2008-06-01,"286.6"
"589","Jammu and Kashmir"," Kupwara",2008,"June",2008-06-01,"18.2"
"590","Jammu and Kashmir"," Ladakh (Leh)",2008,"June",2008-06-01,"0"
"591","Jammu and Kashmir"," North Baramula",2008,"June",2008-06-01,"97.2"
"592","Jammu and Kashmir"," Pulwama",2008,"June",2008-06-01,"28.9"
"593","Jammu and Kashmir"," Srinagar",2008,"June",2008-06-01,"35.6"
"594","Jammu and Kashmir","Udhampur",2008,"June",2008-06-01,"368.9"
"595","Jammu and Kashmir","Anantnag",2008,"July",2008-07-01,"62.2"
"596","Jammu and Kashmir"," Badgam",2008,"July",2008-07-01,"N.A."
"597","Jammu and Kashmir"," Doda",2008,"July",2008-07-01,"102.6"
"598","Jammu and Kashmir"," Jammu",2008,"July",2008-07-01,"384.9"
"599","Jammu and Kashmir"," Kathua",2008,"July",2008-07-01,"390.6"
"600","Jammu and Kashmir"," Kupwara",2008,"July",2008-07-01,"57.3"
"601","Jammu and Kashmir"," Ladakh (Leh)",2008,"July",2008-07-01,"7"
"602","Jammu and Kashmir"," North Baramula",2008,"July",2008-07-01,"56.1"
"603","Jammu and Kashmir"," Pulwama",2008,"July",2008-07-01,"49"
"604","Jammu and Kashmir"," Srinagar",2008,"July",2008-07-01,"47.7"
"605","Jammu and Kashmir","Udhampur",2008,"July",2008-07-01,"426.4"
"606","Jammu and Kashmir","Anantnag",2008,"August",2008-08-01,"73.1"
"607","Jammu and Kashmir"," Badgam",2008,"August",2008-08-01,"N.A."
"608","Jammu and Kashmir"," Doda",2008,"August",2008-08-01,"72.8"
"609","Jammu and Kashmir"," Jammu",2008,"August",2008-08-01,"225.8"
"610","Jammu and Kashmir"," Kathua",2008,"August",2008-08-01,"451.8"
"611","Jammu and Kashmir"," Kupwara",2008,"August",2008-08-01,"75.1"
"612","Jammu and Kashmir"," Ladakh (Leh)",2008,"August",2008-08-01,"12.4"
"613","Jammu and Kashmir"," North Baramula",2008,"August",2008-08-01,"82.4"
"614","Jammu and Kashmir"," Pulwama",2008,"August",2008-08-01,"65.7"
"615","Jammu and Kashmir"," Srinagar",2008,"August",2008-08-01,"71.6"
"616","Jammu and Kashmir","Udhampur",2008,"August",2008-08-01,"495.3"
"617","Jammu and Kashmir","Anantnag",2008,"September",2008-09-01,"66"
"618","Jammu and Kashmir"," Badgam",2008,"September",2008-09-01,"N.A."
"619","Jammu and Kashmir"," Doda",2008,"September",2008-09-01,"48"
"620","Jammu and Kashmir"," Jammu",2008,"September",2008-09-01,"20"
"621","Jammu and Kashmir"," Kathua",2008,"September",2008-09-01,"31.6"
"622","Jammu and Kashmir"," Kupwara",2008,"September",2008-09-01,"26.1"
"623","Jammu and Kashmir"," Ladakh (Leh)",2008,"September",2008-09-01,"5.1"
"624","Jammu and Kashmir"," North Baramula",2008,"September",2008-09-01,"50"
"625","Jammu and Kashmir"," Pulwama",2008,"September",2008-09-01,"29.8"
"626","Jammu and Kashmir"," Srinagar",2008,"September",2008-09-01,"31.7"
"627","Jammu and Kashmir","Udhampur",2008,"September",2008-09-01,"60.6"
"628","Jammu and Kashmir","Anantnag",2008,"October",2008-10-01,"37.7"
"629","Jammu and Kashmir"," Badgam",2008,"October",2008-10-01,"N.A."
"630","Jammu and Kashmir"," Doda",2008,"October",2008-10-01,"44.8"
"631","Jammu and Kashmir"," Jammu",2008,"October",2008-10-01,"21.1"
"632","Jammu and Kashmir"," Kathua",2008,"October",2008-10-01,"61"
"633","Jammu and Kashmir"," Kupwara",2008,"October",2008-10-01,"43.5"
"634","Jammu and Kashmir"," Ladakh (Leh)",2008,"October",2008-10-01,"0"
"635","Jammu and Kashmir"," North Baramula",2008,"October",2008-10-01,"62.4"
"636","Jammu and Kashmir"," Pulwama",2008,"October",2008-10-01,"17.6"
"637","Jammu and Kashmir"," Srinagar",2008,"October",2008-10-01,"31.8"
"638","Jammu and Kashmir","Udhampur",2008,"October",2008-10-01,"32.2"
"639","Jammu and Kashmir","Anantnag",2008,"November",2008-11-01,"31.2"
"640","Jammu and Kashmir"," Badgam",2008,"November",2008-11-01,"N.A."
"641","Jammu and Kashmir"," Doda",2008,"November",2008-11-01,"6.6"
"642","Jammu and Kashmir"," Jammu",2008,"November",2008-11-01,"0"
"643","Jammu and Kashmir"," Kathua",2008,"November",2008-11-01,"0"
"644","Jammu and Kashmir"," Kupwara",2008,"November",2008-11-01,"82.4"
"645","Jammu and Kashmir"," Ladakh (Leh)",2008,"November",2008-11-01,"0"
"646","Jammu and Kashmir"," North Baramula",2008,"November",2008-11-01,"49"
"647","Jammu and Kashmir"," Pulwama",2008,"November",2008-11-01,"28.6"
"648","Jammu and Kashmir"," Srinagar",2008,"November",2008-11-01,"60.6"
"649","Jammu and Kashmir","Udhampur",2008,"November",2008-11-01,"1.2"
"650","Jammu and Kashmir","Anantnag",2008,"December",2008-12-01,"112.5"
"651","Jammu and Kashmir"," Badgam",2008,"December",2008-12-01,"N.A."
"652","Jammu and Kashmir"," Doda",2008,"December",2008-12-01,"131.7"
"653","Jammu and Kashmir"," Jammu",2008,"December",2008-12-01,"20.3"
"654","Jammu and Kashmir"," Kathua",2008,"December",2008-12-01,"13"
"655","Jammu and Kashmir"," Kupwara",2008,"December",2008-12-01,"162.1"
"656","Jammu and Kashmir"," Ladakh (Leh)",2008,"December",2008-12-01,"0"
"657","Jammu and Kashmir"," North Baramula",2008,"December",2008-12-01,"150.4"
"658","Jammu and Kashmir"," Pulwama",2008,"December",2008-12-01,"32.4"
"659","Jammu and Kashmir"," Srinagar",2008,"December",2008-12-01,"53.7"
"660","Jammu and Kashmir","Udhampur",2008,"December",2008-12-01,"31.2"
"661","Jammu and Kashmir","Anantnag",2009,"January",2009-01-01,"166.1"
"662","Jammu and Kashmir"," Badgam",2009,"January",2009-01-01,"N.A."
"663","Jammu and Kashmir"," Doda",2009,"January",2009-01-01,"160"
"664","Jammu and Kashmir"," Jammu",2009,"January",2009-01-01,"69.5"
"665","Jammu and Kashmir"," Kathua",2009,"January",2009-01-01,"41.8"
"666","Jammu and Kashmir"," Kupwara",2009,"January",2009-01-01,"131.3"
"667","Jammu and Kashmir"," Ladakh (Leh)",2009,"January",2009-01-01,"10.1"
"668","Jammu and Kashmir"," North Baramula",2009,"January",2009-01-01,"125.6"
"669","Jammu and Kashmir"," Pulwama",2009,"January",2009-01-01,"105"
"670","Jammu and Kashmir"," Srinagar",2009,"January",2009-01-01,"88.3"
"671","Jammu and Kashmir"," Udhampur",2009,"January",2009-01-01,"77.7"
"672","Jammu and Kashmir","Anantnag",2009,"February",2009-02-01,"128.2"
"673","Jammu and Kashmir"," Badgam",2009,"February",2009-02-01,"N.A."
"674","Jammu and Kashmir"," Doda",2009,"February",2009-02-01,"151.9"
"675","Jammu and Kashmir"," Jammu",2009,"February",2009-02-01,"34.1"
"676","Jammu and Kashmir"," Kathua",2009,"February",2009-02-01,"69.6"
"677","Jammu and Kashmir"," Kupwara",2009,"February",2009-02-01,"168.9"
"678","Jammu and Kashmir"," Ladakh (Leh)",2009,"February",2009-02-01,"0"
"679","Jammu and Kashmir"," North Baramula",2009,"February",2009-02-01,"148.9"
"680","Jammu and Kashmir"," Pulwama",2009,"February",2009-02-01,"79.6"
"681","Jammu and Kashmir"," Srinagar",2009,"February",2009-02-01,"94.4"
"682","Jammu and Kashmir"," Udhampur",2009,"February",2009-02-01,"53.7"
"683","Jammu and Kashmir","Anantnag",2009,"March",2009-03-01,"76.5"
"684","Jammu and Kashmir"," Badgam",2009,"March",2009-03-01,"N.A."
"685","Jammu and Kashmir"," Doda",2009,"March",2009-03-01,"82.7"
"686","Jammu and Kashmir"," Jammu",2009,"March",2009-03-01,"15.6"
"687","Jammu and Kashmir"," Kathua",2009,"March",2009-03-01,"17.4"
"688","Jammu and Kashmir"," Kupwara",2009,"March",2009-03-01,"115.2"
"689","Jammu and Kashmir"," Ladakh (Leh)",2009,"March",2009-03-01,"0.3"
"690","Jammu and Kashmir"," North Baramula",2009,"March",2009-03-01,"75.9"
"691","Jammu and Kashmir"," Pulwama",2009,"March",2009-03-01,"19"
"692","Jammu and Kashmir"," Srinagar",2009,"March",2009-03-01,"39.6"
"693","Jammu and Kashmir"," Udhampur",2009,"March",2009-03-01,"25.1"
"694","Jammu and Kashmir","Anantnag",2009,"April",2009-04-01,"107.7"
"695","Jammu and Kashmir"," Badgam",2009,"April",2009-04-01,"N.A."
"696","Jammu and Kashmir"," Doda",2009,"April",2009-04-01,"141"
"697","Jammu and Kashmir"," Jammu",2009,"April",2009-04-01,"41.1"
"698","Jammu and Kashmir"," Kathua",2009,"April",2009-04-01,"53"
"699","Jammu and Kashmir"," Kupwara",2009,"April",2009-04-01,"181.4"
"700","Jammu and Kashmir"," Ladakh (Leh)",2009,"April",2009-04-01,"0"
"701","Jammu and Kashmir"," North Baramula",2009,"April",2009-04-01,"121.6"
"702","Jammu and Kashmir"," Pulwama",2009,"April",2009-04-01,"58.2"
"703","Jammu and Kashmir"," Srinagar",2009,"April",2009-04-01,"81.5"
"704","Jammu and Kashmir"," Udhampur",2009,"April",2009-04-01,"49"
"705","Jammu and Kashmir","Anantnag",2009,"May",2009-05-01,"82.9"
"706","Jammu and Kashmir"," Badgam",2009,"May",2009-05-01,"N.A."
"707","Jammu and Kashmir"," Doda",2009,"May",2009-05-01,"59.6"
"708","Jammu and Kashmir"," Jammu",2009,"May",2009-05-01,"11.6"
"709","Jammu and Kashmir"," Kathua",2009,"May",2009-05-01,"23.8"
"710","Jammu and Kashmir"," Kupwara",2009,"May",2009-05-01,"74.5"
"711","Jammu and Kashmir"," Ladakh (Leh)",2009,"May",2009-05-01,"3.2"
"712","Jammu and Kashmir"," North Baramula",2009,"May",2009-05-01,"108"
"713","Jammu and Kashmir"," Pulwama",2009,"May",2009-05-01,"51.7"
"714","Jammu and Kashmir"," Srinagar",2009,"May",2009-05-01,"47.5"
"715","Jammu and Kashmir"," Udhampur",2009,"May",2009-05-01,"31.8"
"716","Jammu and Kashmir","Anantnag",2009,"June",2009-06-01,"92.7"
"717","Jammu and Kashmir"," Badgam",2009,"June",2009-06-01,"N.A."
"718","Jammu and Kashmir"," Doda",2009,"June",2009-06-01,"50.6"
"719","Jammu and Kashmir"," Jammu",2009,"June",2009-06-01,"18.6"
"720","Jammu and Kashmir"," Kathua",2009,"June",2009-06-01,"45.2"
"721","Jammu and Kashmir"," Kupwara",2009,"June",2009-06-01,"44.5"
"722","Jammu and Kashmir"," Ladakh (Leh)",2009,"June",2009-06-01,"0.2"
"723","Jammu and Kashmir"," North Baramula",2009,"June",2009-06-01,"126.1"
"724","Jammu and Kashmir"," Pulwama",2009,"June",2009-06-01,"44.7"
"725","Jammu and Kashmir"," Srinagar",2009,"June",2009-06-01,"53.3"
"726","Jammu and Kashmir"," Udhampur",2009,"June",2009-06-01,"34.9"
"727","Jammu and Kashmir","Anantnag",2009,"July",2009-07-01,"78.4"
"728","Jammu and Kashmir"," Badgam",2009,"July",2009-07-01,"N.A."
"729","Jammu and Kashmir"," Doda",2009,"July",2009-07-01,"112.2"
"730","Jammu and Kashmir"," Jammu",2009,"July",2009-07-01,"244.4"
"731","Jammu and Kashmir"," Kathua",2009,"July",2009-07-01,"237"
"732","Jammu and Kashmir"," Kupwara",2009,"July",2009-07-01,"59.6"
"733","Jammu and Kashmir"," Ladakh (Leh)",2009,"July",2009-07-01,"1.9"
"734","Jammu and Kashmir"," North Baramula",2009,"July",2009-07-01,"71.6"
"735","Jammu and Kashmir"," Pulwama",2009,"July",2009-07-01,"66.5"
"736","Jammu and Kashmir"," Srinagar",2009,"July",2009-07-01,"32.8"
"737","Jammu and Kashmir"," Udhampur",2009,"July",2009-07-01,"284"
"738","Jammu and Kashmir","Anantnag",2009,"August",2009-08-01,"47.2"
"739","Jammu and Kashmir"," Badgam",2009,"August",2009-08-01,"N.A."
"740","Jammu and Kashmir"," Doda",2009,"August",2009-08-01,"51.7"
"741","Jammu and Kashmir"," Jammu",2009,"August",2009-08-01,"273.4"
"742","Jammu and Kashmir"," Kathua",2009,"August",2009-08-01,"148.4"
"743","Jammu and Kashmir"," Kupwara",2009,"August",2009-08-01,"13.9"
"744","Jammu and Kashmir"," Ladakh (Leh)",2009,"August",2009-08-01,"0.5"
"745","Jammu and Kashmir"," North Baramula",2009,"August",2009-08-01,"17.4"
"746","Jammu and Kashmir"," Pulwama",2009,"August",2009-08-01,"31.3"
"747","Jammu and Kashmir"," Srinagar",2009,"August",2009-08-01,"17.4"
"748","Jammu and Kashmir"," Udhampur",2009,"August",2009-08-01,"277.5"
"749","Jammu and Kashmir","Anantnag",2009,"September",2009-09-01,"43.9"
"750","Jammu and Kashmir"," Badgam",2009,"September",2009-09-01,"N.A."
"751","Jammu and Kashmir"," Doda",2009,"September",2009-09-01,"59.1"
"752","Jammu and Kashmir"," Jammu",2009,"September",2009-09-01,"26.1"
"753","Jammu and Kashmir"," Kathua",2009,"September",2009-09-01,"38.6"
"754","Jammu and Kashmir"," Kupwara",2009,"September",2009-09-01,"45.6"
"755","Jammu and Kashmir"," Ladakh (Leh)",2009,"September",2009-09-01,"1.9"
"756","Jammu and Kashmir"," North Baramula",2009,"September",2009-09-01,"48.8"
"757","Jammu and Kashmir"," Pulwama",2009,"September",2009-09-01,"16.9"
"758","Jammu and Kashmir"," Srinagar",2009,"September",2009-09-01,"21.2"
"759","Jammu and Kashmir"," Udhampur",2009,"September",2009-09-01,"73.1"
"760","Jammu and Kashmir","Anantnag",2009,"October",2009-10-01,"5.6"
"761","Jammu and Kashmir"," Badgam",2009,"October",2009-10-01,"N.A."
"762","Jammu and Kashmir"," Doda",2009,"October",2009-10-01,"7.1"
"763","Jammu and Kashmir"," Jammu",2009,"October",2009-10-01,"7.2"
"764","Jammu and Kashmir"," Kathua",2009,"October",2009-10-01,"0"
"765","Jammu and Kashmir"," Kupwara",2009,"October",2009-10-01,"18.3"
"766","Jammu and Kashmir"," Ladakh (Leh)",2009,"October",2009-10-01,"0"
"767","Jammu and Kashmir"," North Baramula",2009,"October",2009-10-01,"7.4"
"768","Jammu and Kashmir"," Pulwama",2009,"October",2009-10-01,"4.4"
"769","Jammu and Kashmir"," Srinagar",2009,"October",2009-10-01,"4.9"
"770","Jammu and Kashmir"," Udhampur",2009,"October",2009-10-01,"11.1"
"771","Jammu and Kashmir","Anantnag",2009,"November",2009-11-01,"67.4"
"772","Jammu and Kashmir"," Badgam",2009,"November",2009-11-01,"N.A."
"773","Jammu and Kashmir"," Doda",2009,"November",2009-11-01,"81.2"
"774","Jammu and Kashmir"," Jammu",2009,"November",2009-11-01,"4.2"
"775","Jammu and Kashmir"," Kathua",2009,"November",2009-11-01,"38.6"
"776","Jammu and Kashmir"," Kupwara",2009,"November",2009-11-01,"38.2"
"777","Jammu and Kashmir"," Ladakh (Leh)",2009,"November",2009-11-01,"5.8"
"778","Jammu and Kashmir"," North Baramula",2009,"November",2009-11-01,"50.8"
"779","Jammu and Kashmir"," Pulwama",2009,"November",2009-11-01,"28"
"780","Jammu and Kashmir"," Srinagar",2009,"November",2009-11-01,"45.1"
"781","Jammu and Kashmir"," Udhampur",2009,"November",2009-11-01,"8.9"
"782","Jammu and Kashmir","Anantnag",2009,"December",2009-12-01,"27.9"
"783","Jammu and Kashmir"," Badgam",2009,"December",2009-12-01,"N.A."
"784","Jammu and Kashmir"," Doda",2009,"December",2009-12-01,"19.1"
"785","Jammu and Kashmir"," Jammu",2009,"December",2009-12-01,"0.6"
"786","Jammu and Kashmir"," Kathua",2009,"December",2009-12-01,"0"
"787","Jammu and Kashmir"," Kupwara",2009,"December",2009-12-01,"22.1"
"788","Jammu and Kashmir"," Ladakh (Leh)",2009,"December",2009-12-01,"4.6"
"789","Jammu and Kashmir"," North Baramula",2009,"December",2009-12-01,"31"
"790","Jammu and Kashmir"," Pulwama",2009,"December",2009-12-01,"16.6"
"791","Jammu and Kashmir"," Srinagar",2009,"December",2009-12-01,"16.5"
"792","Jammu and Kashmir"," Udhampur",2009,"December",2009-12-01,"0.8"
"793","Jammu and Kashmir","Anantnag",2010,"January",2010-01-01,"53.9"
"794","Jammu and Kashmir"," Badgam",2010,"January",2010-01-01,"N.A."
"795","Jammu and Kashmir"," Doda",2010,"January",2010-01-01,"48"
"796","Jammu and Kashmir"," Jammu",2010,"January",2010-01-01,"7.5"
"797","Jammu and Kashmir"," Kathua",2010,"January",2010-01-01,"4"
"798","Jammu and Kashmir"," Kupwara",2010,"January",2010-01-01,"26.4"
"799","Jammu and Kashmir"," Ladakh (Leh)",2010,"January",2010-01-01,"0.9"
"800","Jammu and Kashmir"," North Baramula",2010,"January",2010-01-01,"32"
"801","Jammu and Kashmir"," Pulwama",2010,"January",2010-01-01,"26.1"
"802","Jammu and Kashmir"," Srinagar",2010,"January",2010-01-01,"22.6"
"803","Jammu and Kashmir"," Udhampur",2010,"January",2010-01-01,"26.7"
"804","Jammu and Kashmir","Anantnag",2010,"February",2010-02-01,"110"
"805","Jammu and Kashmir"," Badgam",2010,"February",2010-02-01,"N.A."
"806","Jammu and Kashmir"," Doda",2010,"February",2010-02-01,"240.8"
"807","Jammu and Kashmir"," Jammu",2010,"February",2010-02-01,"26.9"
"808","Jammu and Kashmir"," Kathua",2010,"February",2010-02-01,"54.2"
"809","Jammu and Kashmir"," Kupwara",2010,"February",2010-02-01,"193.3"
"810","Jammu and Kashmir"," Ladakh (Leh)",2010,"February",2010-02-01,"6.3"
"811","Jammu and Kashmir"," North Baramula",2010,"February",2010-02-01,"239.5"
"812","Jammu and Kashmir"," Pulwama",2010,"February",2010-02-01,"54.7"
"813","Jammu and Kashmir"," Srinagar",2010,"February",2010-02-01,"85.1"
"814","Jammu and Kashmir"," Udhampur",2010,"February",2010-02-01,"72.4"
"815","Jammu and Kashmir","Anantnag",2010,"March",2010-03-01,"65.2"
"816","Jammu and Kashmir"," Badgam",2010,"March",2010-03-01,"39.2"
"817","Jammu and Kashmir"," Doda",2010,"March",2010-03-01,"41.6"
"818","Jammu and Kashmir"," Jammu",2010,"March",2010-03-01,"4.9"
"819","Jammu and Kashmir"," Kathua",2010,"March",2010-03-01,"4.8"
"820","Jammu and Kashmir"," Kupwara",2010,"March",2010-03-01,"79.7"
"821","Jammu and Kashmir"," Ladakh (Leh)",2010,"March",2010-03-01,"0.9"
"822","Jammu and Kashmir"," North Baramula",2010,"March",2010-03-01,"61.9"
"823","Jammu and Kashmir"," Pulwama",2010,"March",2010-03-01,"46.6"
"824","Jammu and Kashmir"," Srinagar",2010,"March",2010-03-01,"50.8"
"825","Jammu and Kashmir"," Udhampur",2010,"March",2010-03-01,"7"
"826","Jammu and Kashmir","Anantnag",2010,"April",2010-04-01,"142.9"
"827","Jammu and Kashmir"," Badgam",2010,"April",2010-04-01,"136.3"
"828","Jammu and Kashmir"," Doda",2010,"April",2010-04-01,"79.2"
"829","Jammu and Kashmir"," Jammu",2010,"April",2010-04-01,"6.2"
"830","Jammu and Kashmir"," Kathua",2010,"April",2010-04-01,"0"
"831","Jammu and Kashmir"," Kupwara",2010,"April",2010-04-01,"178.5"
"832","Jammu and Kashmir"," Ladakh (Leh)",2010,"April",2010-04-01,"9.7"
"833","Jammu and Kashmir"," North Baramula",2010,"April",2010-04-01,"147.8"
"834","Jammu and Kashmir"," Pulwama",2010,"April",2010-04-01,"98.2"
"835","Jammu and Kashmir"," Srinagar",2010,"April",2010-04-01,"118.1"
"836","Jammu and Kashmir"," Udhampur",2010,"April",2010-04-01,"45.4"
"837","Jammu and Kashmir","Anantnag",2010,"May",2010-05-01,"266.9"
"838","Jammu and Kashmir"," Badgam",2010,"May",2010-05-01,"182.1"
"839","Jammu and Kashmir"," Doda",2010,"May",2010-05-01,"177.6"
"840","Jammu and Kashmir"," Jammu",2010,"May",2010-05-01,"39.1"
"841","Jammu and Kashmir"," Kathua",2010,"May",2010-05-01,"18.8"
"842","Jammu and Kashmir"," Kupwara",2010,"May",2010-05-01,"249.9"
"843","Jammu and Kashmir"," Ladakh (Leh)",2010,"May",2010-05-01,"16.4"
"844","Jammu and Kashmir"," North Baramula",2010,"May",2010-05-01,"311.9"
"845","Jammu and Kashmir"," Pulwama",2010,"May",2010-05-01,"186"
"846","Jammu and Kashmir"," Srinagar",2010,"May",2010-05-01,"178.3"
"847","Jammu and Kashmir"," Udhampur",2010,"May",2010-05-01,"87.1"
"848","Jammu and Kashmir","Anantnag",2010,"June",2010-06-01,"100.1"
"849","Jammu and Kashmir"," Badgam",2010,"June",2010-06-01,"64.6"
"850","Jammu and Kashmir"," Doda",2010,"June",2010-06-01,"109.2"
"851","Jammu and Kashmir"," Jammu",2010,"June",2010-06-01,"67"
"852","Jammu and Kashmir"," Kathua",2010,"June",2010-06-01,"121"
"853","Jammu and Kashmir"," Kupwara",2010,"June",2010-06-01,"58.3"
"854","Jammu and Kashmir"," Ladakh (Leh)",2010,"June",2010-06-01,"4.2"
"855","Jammu and Kashmir"," North Baramula",2010,"June",2010-06-01,"129.3"
"856","Jammu and Kashmir"," Pulwama",2010,"June",2010-06-01,"36.2"
"857","Jammu and Kashmir"," Srinagar",2010,"June",2010-06-01,"41.4"
"858","Jammu and Kashmir"," Udhampur",2010,"June",2010-06-01,"112.4"
"859","Jammu and Kashmir","Anantnag",2010,"July",2010-07-01,"91.2"
"860","Jammu and Kashmir"," Badgam",2010,"July",2010-07-01,"68.9"
"861","Jammu and Kashmir"," Doda",2010,"July",2010-07-01,"167.2"
"862","Jammu and Kashmir"," Jammu",2010,"July",2010-07-01,"272.9"
"863","Jammu and Kashmir"," Kathua",2010,"July",2010-07-01,"281.4"
"864","Jammu and Kashmir"," Kupwara",2010,"July",2010-07-01,"223.6"
"865","Jammu and Kashmir"," Ladakh (Leh)",2010,"July",2010-07-01,"3.4"
"866","Jammu and Kashmir"," North Baramula",2010,"July",2010-07-01,"200.6"
"867","Jammu and Kashmir"," Pulwama",2010,"July",2010-07-01,"71.7"
"868","Jammu and Kashmir"," Srinagar",2010,"July",2010-07-01,"63.6"
"869","Jammu and Kashmir"," Udhampur",2010,"July",2010-07-01,"383.6"
"870","Jammu and Kashmir","Anantnag",2010,"August",2010-08-01,"107.2"
"871","Jammu and Kashmir"," Badgam",2010,"August",2010-08-01,"64.7"
"872","Jammu and Kashmir"," Doda",2010,"August",2010-08-01,"189"
"873","Jammu and Kashmir"," Jammu",2010,"August",2010-08-01,"586.1"
"874","Jammu and Kashmir"," Kathua",2010,"August",2010-08-01,"552.2"
"875","Jammu and Kashmir"," Kupwara",2010,"August",2010-08-01,"142.3"
"876","Jammu and Kashmir"," Ladakh (Leh)",2010,"August",2010-08-01,"9.6"
"877","Jammu and Kashmir"," North Baramula",2010,"August",2010-08-01,"121.8"
"878","Jammu and Kashmir"," Pulwama",2010,"August",2010-08-01,"148.8"
"879","Jammu and Kashmir"," Srinagar",2010,"August",2010-08-01,"139.2"
"880","Jammu and Kashmir"," Udhampur",2010,"August",2010-08-01,"324.4"
"881","Jammu and Kashmir","Anantnag",2010,"September",2010-09-01,"87.7"
"882","Jammu and Kashmir"," Badgam",2010,"September",2010-09-01,"16.6"
"883","Jammu and Kashmir"," Doda",2010,"September",2010-09-01,"110"
"884","Jammu and Kashmir"," Jammu",2010,"September",2010-09-01,"84.4"
"885","Jammu and Kashmir"," Kathua",2010,"September",2010-09-01,"164.6"
"886","Jammu and Kashmir"," Kupwara",2010,"September",2010-09-01,"15.9"
"887","Jammu and Kashmir"," Ladakh (Leh)",2010,"September",2010-09-01,"1"
"888","Jammu and Kashmir"," North Baramula",2010,"September",2010-09-01,"32.2"
"889","Jammu and Kashmir"," Pulwama",2010,"September",2010-09-01,"30.9"
"890","Jammu and Kashmir"," Srinagar",2010,"September",2010-09-01,"15"
"891","Jammu and Kashmir"," Udhampur",2010,"September",2010-09-01,"214.6"
"892","Jammu and Kashmir","Anantnag",2010,"October",2010-10-01,"62.6"
"893","Jammu and Kashmir"," Badgam",2010,"October",2010-10-01,"48"
"894","Jammu and Kashmir"," Doda",2010,"October",2010-10-01,"36.2"
"895","Jammu and Kashmir"," Jammu",2010,"October",2010-10-01,"31.5"
"896","Jammu and Kashmir"," Kathua",2010,"October",2010-10-01,"44.8"
"897","Jammu and Kashmir"," Kupwara",2010,"October",2010-10-01,"29"
"898","Jammu and Kashmir"," Ladakh (Leh)",2010,"October",2010-10-01,"0.4"
"899","Jammu and Kashmir"," North Baramula",2010,"October",2010-10-01,"25.2"
"900","Jammu and Kashmir"," Pulwama",2010,"October",2010-10-01,"44.7"
"901","Jammu and Kashmir"," Srinagar",2010,"October",2010-10-01,"42.7"
"902","Jammu and Kashmir"," Udhampur",2010,"October",2010-10-01,"24.4"
"903","Jammu and Kashmir","Anantnag",2010,"November",2010-11-01,"25.6"
"904","Jammu and Kashmir"," Badgam",2010,"November",2010-11-01,"1.2"
"905","Jammu and Kashmir"," Doda",2010,"November",2010-11-01,"29.8"
"906","Jammu and Kashmir"," Jammu",2010,"November",2010-11-01,"2.6"
"907","Jammu and Kashmir"," Kathua",2010,"November",2010-11-01,"6.8"
"908","Jammu and Kashmir"," Kupwara",2010,"November",2010-11-01,"1.3"
"909","Jammu and Kashmir"," Ladakh (Leh)",2010,"November",2010-11-01,"0"
"910","Jammu and Kashmir"," North Baramula",2010,"November",2010-11-01,"0.8"
"911","Jammu and Kashmir"," Pulwama",2010,"November",2010-11-01,"3.2"
"912","Jammu and Kashmir"," Srinagar",2010,"November",2010-11-01,"0.8"
"913","Jammu and Kashmir"," Udhampur",2010,"November",2010-11-01,"6.4"
"914","Jammu and Kashmir","Anantnag",2010,"December",2010-12-01,"57.2"
"915","Jammu and Kashmir"," Badgam",2010,"December",2010-12-01,"47.4"
"916","Jammu and Kashmir"," Doda",2010,"December",2010-12-01,"73.8"
"917","Jammu and Kashmir"," Jammu",2010,"December",2010-12-01,"52.8"
"918","Jammu and Kashmir"," Kathua",2010,"December",2010-12-01,"68.2"
"919","Jammu and Kashmir"," Kupwara",2010,"December",2010-12-01,"17.6"
"920","Jammu and Kashmir"," Ladakh (Leh)",2010,"December",2010-12-01,"7.1"
"921","Jammu and Kashmir"," North Baramula",2010,"December",2010-12-01,"29.2"
"922","Jammu and Kashmir"," Pulwama",2010,"December",2010-12-01,"32.6"
"923","Jammu and Kashmir"," Srinagar",2010,"December",2010-12-01,"46.5"
"924","Jammu and Kashmir"," Udhampur",2010,"December",2010-12-01,"67.2"
