"Sr.No","State","District","Year","Month","Date","Value"
"1","Jharkhand","Bokaro",2004,"January",2004-01-01,"N.A."
"2","Jharkhand","Dhanbad",2004,"January",2004-01-01,"9"
"3","Jharkhand","East Singbhum",2004,"January",2004-01-01,"0"
"4","Jharkhand","Giridih",2004,"January",2004-01-01,"0"
"5","Jharkhand","Godda",2004,"January",2004-01-01,"N.A."
"6","Jharkhand","Gumla",2004,"January",2004-01-01,"N.A."
"7","Jharkhand","Hazaribagh",2004,"January",2004-01-01,"17.7"
"8","Jharkhand","Koderma",2004,"January",2004-01-01,"0"
"9","Jharkhand","Lohardaga",2004,"January",2004-01-01,"N.A."
"10","Jharkhand","Pakur",2004,"January",2004-01-01,"0"
"11","Jharkhand","Palamau",2004,"January",2004-01-01,"8"
"12","Jharkhand","Ranchi",2004,"January",2004-01-01,"13.4"
"13","Jharkhand","Sahebganj",2004,"January",2004-01-01,"13"
"14","Jharkhand","Santhal Parganas",2004,"January",2004-01-01,"3"
"15","Jharkhand","West Singbhum",2004,"January",2004-01-01,"0"
"16","Jharkhand","Bokaro",2004,"February",2004-02-01,"N.A."
"17","Jharkhand","Dhanbad",2004,"February",2004-02-01,"0"
"18","Jharkhand","East Singbhum",2004,"February",2004-02-01,"15.5"
"19","Jharkhand","Giridih",2004,"February",2004-02-01,"0"
"20","Jharkhand","Godda",2004,"February",2004-02-01,"N.A."
"21","Jharkhand","Gumla",2004,"February",2004-02-01,"N.A."
"22","Jharkhand","Hazaribagh",2004,"February",2004-02-01,"0"
"23","Jharkhand","Koderma",2004,"February",2004-02-01,"N.A."
"24","Jharkhand","Lohardaga",2004,"February",2004-02-01,"N.A."
"25","Jharkhand","Pakur",2004,"February",2004-02-01,"0"
"26","Jharkhand","Palamau",2004,"February",2004-02-01,"1.2"
"27","Jharkhand","Ranchi",2004,"February",2004-02-01,"7.8"
"28","Jharkhand","Sahebganj",2004,"February",2004-02-01,"N.A."
"29","Jharkhand","Santhal Parganas",2004,"February",2004-02-01,"0"
"30","Jharkhand","West Singbhum",2004,"February",2004-02-01,"0"
"31","Jharkhand","Bokaro",2004,"March",2004-03-01,"N.A."
"32","Jharkhand","Dhanbad",2004,"March",2004-03-01,"4.1"
"33","Jharkhand","East Singbhum",2004,"March",2004-03-01,"11.5"
"34","Jharkhand","Giridih",2004,"March",2004-03-01,"0"
"35","Jharkhand","Godda",2004,"March",2004-03-01,"N.A."
"36","Jharkhand","Gumla",2004,"March",2004-03-01,"N.A."
"37","Jharkhand","Hazaribagh",2004,"March",2004-03-01,"0.6"
"38","Jharkhand","Koderma",2004,"March",2004-03-01,"0"
"39","Jharkhand","Lohardaga",2004,"March",2004-03-01,"N.A."
"40","Jharkhand","Pakur",2004,"March",2004-03-01,"N.A."
"41","Jharkhand","Palamau",2004,"March",2004-03-01,"0"
"42","Jharkhand","Ranchi",2004,"March",2004-03-01,"0"
"43","Jharkhand","Sahebganj",2004,"March",2004-03-01,"2.7"
"44","Jharkhand","Santhal Parganas",2004,"March",2004-03-01,"0.9"
"45","Jharkhand","West Singbhum",2004,"March",2004-03-01,"5.7"
"46","Jharkhand","Bokaro",2004,"April",2004-04-01,"N.A."
"47","Jharkhand","Dhanbad",2004,"April",2004-04-01,"78.3"
"48","Jharkhand","East Singbhum",2004,"April",2004-04-01,"61.1"
"49","Jharkhand","Giridih",2004,"April",2004-04-01,"0"
"50","Jharkhand","Godda",2004,"April",2004-04-01,"N.A."
"51","Jharkhand","Gumla",2004,"April",2004-04-01,"N.A."
"52","Jharkhand","Hazaribagh",2004,"April",2004-04-01,"63.6"
"53","Jharkhand","Koderma",2004,"April",2004-04-01,"0"
"54","Jharkhand","Lohardaga",2004,"April",2004-04-01,"N.A."
"55","Jharkhand","Pakur",2004,"April",2004-04-01,"55"
"56","Jharkhand","Palamau",2004,"April",2004-04-01,"18.1"
"57","Jharkhand","Ranchi",2004,"April",2004-04-01,"67.7"
"58","Jharkhand","Sahebganj",2004,"April",2004-04-01,"0"
"59","Jharkhand","Santhal Parganas",2004,"April",2004-04-01,"71.2"
"60","Jharkhand","West Singbhum",2004,"April",2004-04-01,"155.2"
"61","Jharkhand","Bokaro",2004,"May",2004-05-01,"N.A."
"62","Jharkhand","Dhanbad",2004,"May",2004-05-01,"71.3"
"63","Jharkhand","East Singbhum",2004,"May",2004-05-01,"64.8"
"64","Jharkhand","Giridih",2004,"May",2004-05-01,"0"
"65","Jharkhand","Godda",2004,"May",2004-05-01,"N.A."
"66","Jharkhand","Gumla",2004,"May",2004-05-01,"N.A."
"67","Jharkhand","Hazaribagh",2004,"May",2004-05-01,"24.7"
"68","Jharkhand","Koderma",2004,"May",2004-05-01,"N.A."
"69","Jharkhand","Lohardaga",2004,"May",2004-05-01,"N.A."
"70","Jharkhand","Pakur",2004,"May",2004-05-01,"17.6"
"71","Jharkhand","Palamau",2004,"May",2004-05-01,"0.2"
"72","Jharkhand","Ranchi",2004,"May",2004-05-01,"28.3"
"73","Jharkhand","Sahebganj",2004,"May",2004-05-01,"138"
"74","Jharkhand","Santhal Parganas",2004,"May",2004-05-01,"107.2"
"75","Jharkhand","West Singbhum",2004,"May",2004-05-01,"27.5"
"76","Jharkhand","Bokaro",2004,"June",2004-06-01,"N.A."
"77","Jharkhand","Dhanbad",2004,"June",2004-06-01,"212.2"
"78","Jharkhand","East Singbhum",2004,"June",2004-06-01,"191.8"
"79","Jharkhand","Giridih",2004,"June",2004-06-01,"199.1"
"80","Jharkhand","Godda",2004,"June",2004-06-01,"N.A."
"81","Jharkhand","Gumla",2004,"June",2004-06-01,"73.6"
"82","Jharkhand","Hazaribagh",2004,"June",2004-06-01,"239.8"
"83","Jharkhand","Koderma",2004,"June",2004-06-01,"N.A."
"84","Jharkhand","Lohardaga",2004,"June",2004-06-01,"N.A."
"85","Jharkhand","Pakur",2004,"June",2004-06-01,"483"
"86","Jharkhand","Palamau",2004,"June",2004-06-01,"96.1"
"87","Jharkhand","Ranchi",2004,"June",2004-06-01,"220.5"
"88","Jharkhand","Sahebganj",2004,"June",2004-06-01,"342.4"
"89","Jharkhand","Santhal Parganas",2004,"June",2004-06-01,"416.8"
"90","Jharkhand","West Singbhum",2004,"June",2004-06-01,"145.9"
"91","Jharkhand","Bokaro",2004,"July",2004-07-01,"N.A."
"92","Jharkhand","Dhanbad",2004,"July",2004-07-01,"193.3"
"93","Jharkhand","East Singbhum",2004,"July",2004-07-01,"249.2"
"94","Jharkhand","Giridih",2004,"July",2004-07-01,"179.6"
"95","Jharkhand","Godda",2004,"July",2004-07-01,"N.A."
"96","Jharkhand","Gumla",2004,"July",2004-07-01,"376.9"
"97","Jharkhand","Hazaribagh",2004,"July",2004-07-01,"251.1"
"98","Jharkhand","Koderma",2004,"July",2004-07-01,"N.A."
"99","Jharkhand","Lohardaga",2004,"July",2004-07-01,"N.A."
"100","Jharkhand","Pakur",2004,"July",2004-07-01,"240"
"101","Jharkhand","Palamau",2004,"July",2004-07-01,"144.9"
"102","Jharkhand","Ranchi",2004,"July",2004-07-01,"184.5"
"103","Jharkhand","Sahebganj",2004,"July",2004-07-01,"455.4"
"104","Jharkhand","Santhal Parganas",2004,"July",2004-07-01,"236.6"
"105","Jharkhand","West Singbhum",2004,"July",2004-07-01,"137.4"
"106","Jharkhand","Bokaro",2004,"August",2004-08-01,"N.A."
"107","Jharkhand","Dhanbad",2004,"August",2004-08-01,"272.8"
"108","Jharkhand","East Singbhum",2004,"August",2004-08-01,"516.8"
"109","Jharkhand","Giridih",2004,"August",2004-08-01,"224.1"
"110","Jharkhand","Godda",2004,"August",2004-08-01,"N.A."
"111","Jharkhand","Gumla",2004,"August",2004-08-01,"348.3"
"112","Jharkhand","Hazaribagh",2004,"August",2004-08-01,"263.2"
"113","Jharkhand","Koderma",2004,"August",2004-08-01,"N.A."
"114","Jharkhand","Lohardaga",2004,"August",2004-08-01,"N.A."
"115","Jharkhand","Pakur",2004,"August",2004-08-01,"21.6"
"116","Jharkhand","Palamau",2004,"August",2004-08-01,"280.9"
"117","Jharkhand","Ranchi",2004,"August",2004-08-01,"385.8"
"118","Jharkhand","Sahebganj",2004,"August",2004-08-01,"152"
"119","Jharkhand","Santhal Parganas",2004,"August",2004-08-01,"277.7"
"120","Jharkhand","West Singbhum",2004,"August",2004-08-01,"189.9"
"121","Jharkhand","Bokaro",2004,"September",2004-09-01,"N.A."
"122","Jharkhand","Dhanbad",2004,"September",2004-09-01,"193.6"
"123","Jharkhand","East Singbhum",2004,"September",2004-09-01,"161"
"124","Jharkhand","Giridih",2004,"September",2004-09-01,"275.9"
"125","Jharkhand","Godda",2004,"September",2004-09-01,"N.A."
"126","Jharkhand","Gumla",2004,"September",2004-09-01,"0"
"127","Jharkhand","Hazaribagh",2004,"September",2004-09-01,"381.1"
"128","Jharkhand","Koderma",2004,"September",2004-09-01,"N.A."
"129","Jharkhand","Lohardaga",2004,"September",2004-09-01,"N.A."
"130","Jharkhand","Pakur",2004,"September",2004-09-01,"176.2"
"131","Jharkhand","Palamau",2004,"September",2004-09-01,"138.3"
"132","Jharkhand","Ranchi",2004,"September",2004-09-01,"230.7"
"133","Jharkhand","Sahebganj",2004,"September",2004-09-01,"3"
"134","Jharkhand","Santhal Parganas",2004,"September",2004-09-01,"440"
"135","Jharkhand","West Singbhum",2004,"September",2004-09-01,"52.1"
"136","Jharkhand","Bokaro",2004,"October",2004-10-01,"N.A."
"137","Jharkhand","Dhanbad",2004,"October",2004-10-01,"38.9"
"138","Jharkhand","East Singbhum",2004,"October",2004-10-01,"75.2"
"139","Jharkhand","Giridih",2004,"October",2004-10-01,"148.9"
"140","Jharkhand","Godda",2004,"October",2004-10-01,"N.A."
"141","Jharkhand","Gumla",2004,"October",2004-10-01,"N.A."
"142","Jharkhand","Hazaribagh",2004,"October",2004-10-01,"85.5"
"143","Jharkhand","Koderma",2004,"October",2004-10-01,"N.A."
"144","Jharkhand","Lohardaga",2004,"October",2004-10-01,"N.A."
"145","Jharkhand","Pakur",2004,"October",2004-10-01,"117.8"
"146","Jharkhand","Palamau",2004,"October",2004-10-01,"68.9"
"147","Jharkhand","Ranchi",2004,"October",2004-10-01,"101.2"
"148","Jharkhand","Sahebganj",2004,"October",2004-10-01,"N.A."
"149","Jharkhand","Santhal Parganas",2004,"October",2004-10-01,"399.2"
"150","Jharkhand","West Singbhum",2004,"October",2004-10-01,"72"
"151","Jharkhand","Bokaro",2004,"November",2004-11-01,"N.A."
"152","Jharkhand","Dhanbad",2004,"November",2004-11-01,"N.A."
"153","Jharkhand","East Singbhum",2004,"November",2004-11-01,"0"
"154","Jharkhand","Giridih",2004,"November",2004-11-01,"0"
"155","Jharkhand","Godda",2004,"November",2004-11-01,"N.A."
"156","Jharkhand","Gumla",2004,"November",2004-11-01,"N.A."
"157","Jharkhand","Hazaribagh",2004,"November",2004-11-01,"0"
"158","Jharkhand","Koderma",2004,"November",2004-11-01,"N.A."
"159","Jharkhand","Lohardaga",2004,"November",2004-11-01,"N.A."
"160","Jharkhand","Pakur",2004,"November",2004-11-01,"0"
"161","Jharkhand","Palamau",2004,"November",2004-11-01,"N.A."
"162","Jharkhand","Ranchi",2004,"November",2004-11-01,"0.1"
"163","Jharkhand","Sahebganj",2004,"November",2004-11-01,"N.A."
"164","Jharkhand","Santhal Parganas",2004,"November",2004-11-01,"N.A."
"165","Jharkhand","West Singbhum",2004,"November",2004-11-01,"0"
"166","Jharkhand","Bokaro",2004,"December",2004-12-01,"N.A."
"167","Jharkhand","Dhanbad",2004,"December",2004-12-01,"N.A."
"168","Jharkhand","East Singbhum",2004,"December",2004-12-01,"0"
"169","Jharkhand","Giridih",2004,"December",2004-12-01,"N.A."
"170","Jharkhand","Godda",2004,"December",2004-12-01,"N.A."
"171","Jharkhand","Gumla",2004,"December",2004-12-01,"N.A."
"172","Jharkhand","Hazaribagh",2004,"December",2004-12-01,"0.9"
"173","Jharkhand","Koderma",2004,"December",2004-12-01,"N.A."
"174","Jharkhand","Lohardaga",2004,"December",2004-12-01,"N.A."
"175","Jharkhand","Pakur",2004,"December",2004-12-01,"0"
"176","Jharkhand","Palamau",2004,"December",2004-12-01,"0.3"
"177","Jharkhand","Ranchi",2004,"December",2004-12-01,"5.4"
"178","Jharkhand","Sahebganj",2004,"December",2004-12-01,"N.A."
"179","Jharkhand","Santhal Parganas",2004,"December",2004-12-01,"N.A."
"180","Jharkhand","West Singbhum",2004,"December",2004-12-01,"0"
"181","Jharkhand","Bokaro",2005,"January",2005-01-01,"N.A."
"182","Jharkhand","Dhanbad",2005,"January",2005-01-01,"N.A."
"183","Jharkhand","East Singbhum",2005,"January",2005-01-01,"25.5"
"184","Jharkhand","Giridih",2005,"January",2005-01-01,"N.A."
"185","Jharkhand","Godda",2005,"January",2005-01-01,"N.A."
"186","Jharkhand","Gumla",2005,"January",2005-01-01,"N.A."
"187","Jharkhand","Hazaribagh",2005,"January",2005-01-01,"N.A."
"188","Jharkhand","Koderma",2005,"January",2005-01-01,"N.A."
"189","Jharkhand","Lohardaga",2005,"January",2005-01-01,"N.A."
"190","Jharkhand","Pakur",2005,"January",2005-01-01,"52.4"
"191","Jharkhand","Palamau",2005,"January",2005-01-01,"15.3"
"192","Jharkhand","Ranchi",2005,"January",2005-01-01,"23"
"193","Jharkhand","Sahebganj",2005,"January",2005-01-01,"0"
"194","Jharkhand","Santhal Parganas",2005,"January",2005-01-01,"N.A."
"195","Jharkhand","West Singbhum",2005,"January",2005-01-01,"24"
"196","Jharkhand","Bokaro",2005,"February",2005-02-01,"N.A."
"197","Jharkhand","Dhanbad",2005,"February",2005-02-01,"N.A."
"198","Jharkhand","East Singbhum",2005,"February",2005-02-01,"24.8"
"199","Jharkhand","Giridih",2005,"February",2005-02-01,"0"
"200","Jharkhand","Godda",2005,"February",2005-02-01,"N.A."
"201","Jharkhand","Gumla",2005,"February",2005-02-01,"N.A."
"202","Jharkhand","Hazaribagh",2005,"February",2005-02-01,"10.8"
"203","Jharkhand","Koderma",2005,"February",2005-02-01,"N.A."
"204","Jharkhand","Lohardaga",2005,"February",2005-02-01,"N.A."
"205","Jharkhand","Pakur",2005,"February",2005-02-01,"0"
"206","Jharkhand","Palamau",2005,"February",2005-02-01,"51.3"
"207","Jharkhand","Ranchi",2005,"February",2005-02-01,"64.3"
"208","Jharkhand","Sahebganj",2005,"February",2005-02-01,"0"
"209","Jharkhand","Santhal Parganas",2005,"February",2005-02-01,"N.A."
"210","Jharkhand","West Singbhum",2005,"February",2005-02-01,"0"
"211","Jharkhand","Bokaro",2005,"March",2005-03-01,"N.A."
"212","Jharkhand","Dhanbad",2005,"March",2005-03-01,"N.A."
"213","Jharkhand","East Singbhum",2005,"March",2005-03-01,"21.1"
"214","Jharkhand","Giridih",2005,"March",2005-03-01,"0"
"215","Jharkhand","Godda",2005,"March",2005-03-01,"N.A."
"216","Jharkhand","Gumla",2005,"March",2005-03-01,"N.A."
"217","Jharkhand","Hazaribagh",2005,"March",2005-03-01,"0"
"218","Jharkhand","Koderma",2005,"March",2005-03-01,"N.A."
"219","Jharkhand","Lohardaga",2005,"March",2005-03-01,"N.A."
"220","Jharkhand","Pakur",2005,"March",2005-03-01,"100"
"221","Jharkhand","Palamau",2005,"March",2005-03-01,"21.2"
"222","Jharkhand","Ranchi",2005,"March",2005-03-01,"13.8"
"223","Jharkhand","Sahebganj",2005,"March",2005-03-01,"N.A."
"224","Jharkhand","Santhal Parganas",2005,"March",2005-03-01,"N.A."
"225","Jharkhand","West Singbhum",2005,"March",2005-03-01,"19.5"
"226","Jharkhand","Bokaro",2005,"April",2005-04-01,"N.A."
"227","Jharkhand","Dhanbad",2005,"April",2005-04-01,"N.A."
"228","Jharkhand","East Singbhum",2005,"April",2005-04-01,"7.2"
"229","Jharkhand","Giridih",2005,"April",2005-04-01,"10.2"
"230","Jharkhand","Godda",2005,"April",2005-04-01,"N.A."
"231","Jharkhand","Gumla",2005,"April",2005-04-01,"N.A."
"232","Jharkhand","Hazaribagh",2005,"April",2005-04-01,"0.9"
"233","Jharkhand","Koderma",2005,"April",2005-04-01,"N.A."
"234","Jharkhand","Lohardaga",2005,"April",2005-04-01,"N.A."
"235","Jharkhand","Pakur",2005,"April",2005-04-01,"11.4"
"236","Jharkhand","Palamau",2005,"April",2005-04-01,"6"
"237","Jharkhand","Ranchi",2005,"April",2005-04-01,"2"
"238","Jharkhand","Sahebganj",2005,"April",2005-04-01,"N.A."
"239","Jharkhand","Santhal Parganas",2005,"April",2005-04-01,"N.A."
"240","Jharkhand","West Singbhum",2005,"April",2005-04-01,"0"
"241","Jharkhand","Bokaro",2005,"May",2005-05-01,"N.A."
"242","Jharkhand","Dhanbad",2005,"May",2005-05-01,"N.A."
"243","Jharkhand","East Singbhum",2005,"May",2005-05-01,"68.9"
"244","Jharkhand","Giridih",2005,"May",2005-05-01,"38.6"
"245","Jharkhand","Godda",2005,"May",2005-05-01,"N.A."
"246","Jharkhand","Gumla",2005,"May",2005-05-01,"N.A."
"247","Jharkhand","Hazaribagh",2005,"May",2005-05-01,"0"
"248","Jharkhand","Koderma",2005,"May",2005-05-01,"N.A."
"249","Jharkhand","Lohardaga",2005,"May",2005-05-01,"N.A."
"250","Jharkhand","Pakur",2005,"May",2005-05-01,"57.3"
"251","Jharkhand","Palamau",2005,"May",2005-05-01,"2.5"
"252","Jharkhand","Ranchi",2005,"May",2005-05-01,"3.9"
"253","Jharkhand","Sahebganj",2005,"May",2005-05-01,"N.A."
"254","Jharkhand","Santhal Parganas",2005,"May",2005-05-01,"0"
"255","Jharkhand","West Singbhum",2005,"May",2005-05-01,"N.A."
"256","Jharkhand","Bokaro",2005,"June",2005-06-01,"N.A."
"257","Jharkhand","Dhanbad",2005,"June",2005-06-01,"3.5"
"258","Jharkhand","East Singbhum",2005,"June",2005-06-01,"156.6"
"259","Jharkhand","Giridih",2005,"June",2005-06-01,"79.2"
"260","Jharkhand","Godda",2005,"June",2005-06-01,"N.A."
"261","Jharkhand","Gumla",2005,"June",2005-06-01,"164"
"262","Jharkhand","Hazaribagh",2005,"June",2005-06-01,"22.2"
"263","Jharkhand","Koderma",2005,"June",2005-06-01,"N.A."
"264","Jharkhand","Lohardaga",2005,"June",2005-06-01,"N.A."
"265","Jharkhand","Pakur",2005,"June",2005-06-01,"137.3"
"266","Jharkhand","Palamau",2005,"June",2005-06-01,"132"
"267","Jharkhand","Ranchi",2005,"June",2005-06-01,"174.7"
"268","Jharkhand","Sahebganj",2005,"June",2005-06-01,"N.A."
"269","Jharkhand","Santhal Parganas",2005,"June",2005-06-01,"160.3"
"270","Jharkhand","West Singbhum",2005,"June",2005-06-01,"41.1"
"271","Jharkhand","Bokaro",2005,"July",2005-07-01,"N.A."
"272","Jharkhand","Dhanbad",2005,"July",2005-07-01,"392.7"
"273","Jharkhand","East Singbhum",2005,"July",2005-07-01,"246.8"
"274","Jharkhand","Giridih",2005,"July",2005-07-01,"313.6"
"275","Jharkhand","Godda",2005,"July",2005-07-01,"N.A."
"276","Jharkhand","Gumla",2005,"July",2005-07-01,"134.7"
"277","Jharkhand","Hazaribagh",2005,"July",2005-07-01,"216.4"
"278","Jharkhand","Koderma",2005,"July",2005-07-01,"N.A."
"279","Jharkhand","Lohardaga",2005,"July",2005-07-01,"N.A."
"280","Jharkhand","Pakur",2005,"July",2005-07-01,"644.4"
"281","Jharkhand","Palamau",2005,"July",2005-07-01,"170.4"
"282","Jharkhand","Ranchi",2005,"July",2005-07-01,"330.6"
"283","Jharkhand","Sahebganj",2005,"July",2005-07-01,"N.A."
"284","Jharkhand","Santhal Parganas",2005,"July",2005-07-01,"290.9"
"285","Jharkhand","West Singbhum",2005,"July",2005-07-01,"N.A."
"286","Jharkhand","Bokaro",2005,"August",2005-08-01,"N.A."
"287","Jharkhand","Dhanbad",2005,"August",2005-08-01,"86.8"
"288","Jharkhand","East Singbhum",2005,"August",2005-08-01,"163.4"
"289","Jharkhand","Giridih",2005,"August",2005-08-01,"110.7"
"290","Jharkhand","Godda",2005,"August",2005-08-01,"N.A."
"291","Jharkhand","Gumla",2005,"August",2005-08-01,"305.7"
"292","Jharkhand","Hazaribagh",2005,"August",2005-08-01,"281.4"
"293","Jharkhand","Koderma",2005,"August",2005-08-01,"N.A."
"294","Jharkhand","Lohardaga",2005,"August",2005-08-01,"N.A."
"295","Jharkhand","Pakur",2005,"August",2005-08-01,"N.A."
"296","Jharkhand","Palamau",2005,"August",2005-08-01,"291.8"
"297","Jharkhand","Ranchi",2005,"August",2005-08-01,"172"
"298","Jharkhand","Sahebganj",2005,"August",2005-08-01,"N.A."
"299","Jharkhand","Santhal Parganas",2005,"August",2005-08-01,"107.8"
"300","Jharkhand","West Singbhum",2005,"August",2005-08-01,"N.A."
"301","Jharkhand","Bokaro",2005,"September",2005-09-01,"N.A."
"302","Jharkhand","Dhanbad",2005,"September",2005-09-01,"111.1"
"303","Jharkhand","East Singbhum",2005,"September",2005-09-01,"152.8"
"304","Jharkhand","Giridih",2005,"September",2005-09-01,"115.5"
"305","Jharkhand","Godda",2005,"September",2005-09-01,"N.A."
"306","Jharkhand","Gumla",2005,"September",2005-09-01,"198.3"
"307","Jharkhand","Hazaribagh",2005,"September",2005-09-01,"156.3"
"308","Jharkhand","Koderma",2005,"September",2005-09-01,"N.A."
"309","Jharkhand","Lohardaga",2005,"September",2005-09-01,"N.A."
"310","Jharkhand","Pakur",2005,"September",2005-09-01,"N.A."
"311","Jharkhand","Palamau",2005,"September",2005-09-01,"91.6"
"312","Jharkhand","Ranchi",2005,"September",2005-09-01,"148.5"
"313","Jharkhand","Sahebganj",2005,"September",2005-09-01,"N.A."
"314","Jharkhand","Santhal Parganas",2005,"September",2005-09-01,"141.6"
"315","Jharkhand","West Singbhum",2005,"September",2005-09-01,"N.A."
"316","Jharkhand","Bokaro",2005,"October",2005-10-01,"N.A."
"317","Jharkhand","Dhanbad",2005,"October",2005-10-01,"11.9"
"318","Jharkhand","East Singbhum",2005,"October",2005-10-01,"137.3"
"319","Jharkhand","Giridih",2005,"October",2005-10-01,"41.8"
"320","Jharkhand","Godda",2005,"October",2005-10-01,"N.A."
"321","Jharkhand","Gumla",2005,"October",2005-10-01,"14.9"
"322","Jharkhand","Hazaribagh",2005,"October",2005-10-01,"0"
"323","Jharkhand","Koderma",2005,"October",2005-10-01,"N.A."
"324","Jharkhand","Lohardaga",2005,"October",2005-10-01,"N.A."
"325","Jharkhand","Pakur",2005,"October",2005-10-01,"N.A."
"326","Jharkhand","Palamau",2005,"October",2005-10-01,"4.9"
"327","Jharkhand","Ranchi",2005,"October",2005-10-01,"32.1"
"328","Jharkhand","Sahebganj",2005,"October",2005-10-01,"N.A."
"329","Jharkhand","Santhal Parganas",2005,"October",2005-10-01,"11.4"
"330","Jharkhand","West Singbhum",2005,"October",2005-10-01,"101"
"331","Jharkhand","Bokaro",2005,"November",2005-11-01,"N.A."
"332","Jharkhand","Dhanbad",2005,"November",2005-11-01,"0"
"333","Jharkhand","East Singbhum",2005,"November",2005-11-01,"0"
"334","Jharkhand","Giridih",2005,"November",2005-11-01,"0"
"335","Jharkhand","Godda",2005,"November",2005-11-01,"N.A."
"336","Jharkhand","Gumla",2005,"November",2005-11-01,"N.A."
"337","Jharkhand","Hazaribagh",2005,"November",2005-11-01,"N.A."
"338","Jharkhand","Koderma",2005,"November",2005-11-01,"N.A."
"339","Jharkhand","Lohardaga",2005,"November",2005-11-01,"N.A."
"340","Jharkhand","Pakur",2005,"November",2005-11-01,"0"
"341","Jharkhand","Palamau",2005,"November",2005-11-01,"0"
"342","Jharkhand","Ranchi",2005,"November",2005-11-01,"6.6"
"343","Jharkhand","Sahebganj",2005,"November",2005-11-01,"N.A."
"344","Jharkhand","Santhal Parganas",2005,"November",2005-11-01,"N.A."
"345","Jharkhand","West Singbhum",2005,"November",2005-11-01,"0"
"346","Jharkhand","Bokaro",2005,"December",2005-12-01,"N.A."
"347","Jharkhand","Dhanbad",2005,"December",2005-12-01,"N.A."
"348","Jharkhand","East Singbhum",2005,"December",2005-12-01,"67.3"
"349","Jharkhand","Giridih",2005,"December",2005-12-01,"0"
"350","Jharkhand","Godda",2005,"December",2005-12-01,"N.A."
"351","Jharkhand","Gumla",2005,"December",2005-12-01,"N.A."
"352","Jharkhand","Hazaribagh",2005,"December",2005-12-01,"N.A."
"353","Jharkhand","Koderma",2005,"December",2005-12-01,"N.A."
"354","Jharkhand","Lohardaga",2005,"December",2005-12-01,"N.A."
"355","Jharkhand","Pakur",2005,"December",2005-12-01,"N.A."
"356","Jharkhand","Palamau",2005,"December",2005-12-01,"3.7"
"357","Jharkhand","Ranchi",2005,"December",2005-12-01,"3"
"358","Jharkhand","Sahebganj",2005,"December",2005-12-01,"N.A."
"359","Jharkhand","Santhal Parganas",2005,"December",2005-12-01,"0"
"360","Jharkhand","West Singbhum",2005,"December",2005-12-01,"18"
"361","Jharkhand","Bokaro",2006,"January",2006-01-01,"N.A."
"362","Jharkhand","Dhanbad",2006,"January",2006-01-01,"N.A."
"363","Jharkhand","East Singbhum",2006,"January",2006-01-01,"0.3"
"364","Jharkhand","Giridih",2006,"January",2006-01-01,"0"
"365","Jharkhand","Godda",2006,"January",2006-01-01,"N.A."
"366","Jharkhand","Gumla",2006,"January",2006-01-01,"0"
"367","Jharkhand","Hazaribagh",2006,"January",2006-01-01,"N.A."
"368","Jharkhand","Koderma",2006,"January",2006-01-01,"N.A."
"369","Jharkhand","Lohardaga",2006,"January",2006-01-01,"N.A."
"370","Jharkhand","Pakur",2006,"January",2006-01-01,"N.A."
"371","Jharkhand","Palamau",2006,"January",2006-01-01,"0"
"372","Jharkhand","Ranchi",2006,"January",2006-01-01,"0"
"373","Jharkhand","Sahebganj",2006,"January",2006-01-01,"N.A."
"374","Jharkhand","Santhal Parganas",2006,"January",2006-01-01,"N.A."
"375","Jharkhand","West Singbhum",2006,"January",2006-01-01,"0"
"376","Jharkhand","Bokaro",2006,"February",2006-02-01,"N.A."
"377","Jharkhand","Dhanbad",2006,"February",2006-02-01,"N.A."
"378","Jharkhand","East Singbhum",2006,"February",2006-02-01,"0"
"379","Jharkhand","Giridih",2006,"February",2006-02-01,"0"
"380","Jharkhand","Godda",2006,"February",2006-02-01,"N.A."
"381","Jharkhand","Gumla",2006,"February",2006-02-01,"N.A."
"382","Jharkhand","Hazaribagh",2006,"February",2006-02-01,"N.A."
"383","Jharkhand","Koderma",2006,"February",2006-02-01,"N.A."
"384","Jharkhand","Lohardaga",2006,"February",2006-02-01,"N.A."
"385","Jharkhand","Pakur",2006,"February",2006-02-01,"N.A."
"386","Jharkhand","Palamau",2006,"February",2006-02-01,"0"
"387","Jharkhand","Ranchi",2006,"February",2006-02-01,"0"
"388","Jharkhand","Sahebganj",2006,"February",2006-02-01,"N.A."
"389","Jharkhand","Santhal Parganas",2006,"February",2006-02-01,"N.A."
"390","Jharkhand","West Singbhum",2006,"February",2006-02-01,"0"
"391","Jharkhand","Bokaro",2006,"March",2006-03-01,"N.A."
"392","Jharkhand","Dhanbad",2006,"March",2006-03-01,"N.A."
"393","Jharkhand","East Singbhum",2006,"March",2006-03-01,"2.3"
"394","Jharkhand","Giridih",2006,"March",2006-03-01,"0"
"395","Jharkhand","Godda",2006,"March",2006-03-01,"N.A."
"396","Jharkhand","Gumla",2006,"March",2006-03-01,"0"
"397","Jharkhand","Hazaribagh",2006,"March",2006-03-01,"N.A."
"398","Jharkhand","Koderma",2006,"March",2006-03-01,"N.A."
"399","Jharkhand","Lohardaga",2006,"March",2006-03-01,"N.A."
"400","Jharkhand","Pakur",2006,"March",2006-03-01,"N.A."
"401","Jharkhand","Palamau",2006,"March",2006-03-01,"40.2"
"402","Jharkhand","Ranchi",2006,"March",2006-03-01,"44.4"
"403","Jharkhand","Sahebganj",2006,"March",2006-03-01,"N.A."
"404","Jharkhand","Santhal Parganas",2006,"March",2006-03-01,"N.A."
"405","Jharkhand","West Singbhum",2006,"March",2006-03-01,"31.8"
"406","Jharkhand","Bokaro",2006,"April",2006-04-01,"N.A."
"407","Jharkhand","Dhanbad",2006,"April",2006-04-01,"N.A."
"408","Jharkhand","East Singbhum",2006,"April",2006-04-01,"42.5"
"409","Jharkhand","Giridih",2006,"April",2006-04-01,"20.4"
"410","Jharkhand","Godda",2006,"April",2006-04-01,"N.A."
"411","Jharkhand","Gumla",2006,"April",2006-04-01,"N.A."
"412","Jharkhand","Hazaribagh",2006,"April",2006-04-01,"N.A."
"413","Jharkhand","Koderma",2006,"April",2006-04-01,"N.A."
"414","Jharkhand","Lohardaga",2006,"April",2006-04-01,"N.A."
"415","Jharkhand","Pakur",2006,"April",2006-04-01,"N.A."
"416","Jharkhand","Palamau",2006,"April",2006-04-01,"9.9"
"417","Jharkhand","Ranchi",2006,"April",2006-04-01,"0.6"
"418","Jharkhand","Sahebganj",2006,"April",2006-04-01,"N.A."
"419","Jharkhand","Santhal Parganas",2006,"April",2006-04-01,"N.A."
"420","Jharkhand","West Singbhum",2006,"April",2006-04-01,"14"
"421","Jharkhand","Bokaro",2006,"May",2006-05-01,"N.A."
"422","Jharkhand","Dhanbad",2006,"May",2006-05-01,"N.A."
"423","Jharkhand","East Singbhum",2006,"May",2006-05-01,"193.5"
"424","Jharkhand","Giridih",2006,"May",2006-05-01,"119.8"
"425","Jharkhand","Godda",2006,"May",2006-05-01,"N.A."
"426","Jharkhand","Gumla",2006,"May",2006-05-01,"N.A."
"427","Jharkhand","Hazaribagh",2006,"May",2006-05-01,"N.A."
"428","Jharkhand","Koderma",2006,"May",2006-05-01,"N.A."
"429","Jharkhand","Lohardaga",2006,"May",2006-05-01,"N.A."
"430","Jharkhand","Pakur",2006,"May",2006-05-01,"N.A."
"431","Jharkhand","Palamau",2006,"May",2006-05-01,"75.6"
"432","Jharkhand","Ranchi",2006,"May",2006-05-01,"127.3"
"433","Jharkhand","Sahebganj",2006,"May",2006-05-01,"N.A."
"434","Jharkhand","Santhal Parganas",2006,"May",2006-05-01,"N.A."
"435","Jharkhand","West Singbhum",2006,"May",2006-05-01,"0"
"436","Jharkhand","Bokaro",2006,"June",2006-06-01,"23.5"
"437","Jharkhand","Dhanbad",2006,"June",2006-06-01,"35.8"
"438","Jharkhand","East Singbhum",2006,"June",2006-06-01,"351.8"
"439","Jharkhand","Giridih",2006,"June",2006-06-01,"292.1"
"440","Jharkhand","Godda",2006,"June",2006-06-01,"N.A."
"441","Jharkhand","Gumla",2006,"June",2006-06-01,"N.A."
"442","Jharkhand","Hazaribagh",2006,"June",2006-06-01,"65.8"
"443","Jharkhand","Koderma",2006,"June",2006-06-01,"N.A."
"444","Jharkhand","Lohardaga",2006,"June",2006-06-01,"N.A."
"445","Jharkhand","Pakur",2006,"June",2006-06-01,"N.A."
"446","Jharkhand","Palamau",2006,"June",2006-06-01,"185.2"
"447","Jharkhand","Ranchi",2006,"June",2006-06-01,"242.8"
"448","Jharkhand","Sahebganj",2006,"June",2006-06-01,"N.A."
"449","Jharkhand","Santhal Parganas",2006,"June",2006-06-01,"48.6"
"450","Jharkhand","West Singbhum",2006,"June",2006-06-01,"N.A."
"451","Jharkhand","Bokaro",2006,"July",2006-07-01,"308.7"
"452","Jharkhand","Dhanbad",2006,"July",2006-07-01,"283.5"
"453","Jharkhand","East Singbhum",2006,"July",2006-07-01,"706.3"
"454","Jharkhand","Giridih",2006,"July",2006-07-01,"291.2"
"455","Jharkhand","Godda",2006,"July",2006-07-01,"N.A."
"456","Jharkhand","Gumla",2006,"July",2006-07-01,"N.A."
"457","Jharkhand","Hazaribagh",2006,"July",2006-07-01,"278.7"
"458","Jharkhand","Koderma",2006,"July",2006-07-01,"N.A."
"459","Jharkhand","Lohardaga",2006,"July",2006-07-01,"586.2"
"460","Jharkhand","Pakur",2006,"July",2006-07-01,"N.A."
"461","Jharkhand","Palamau",2006,"July",2006-07-01,"397.5"
"462","Jharkhand","Ranchi",2006,"July",2006-07-01,"428.1"
"463","Jharkhand","Sahebganj",2006,"July",2006-07-01,"N.A."
"464","Jharkhand","Santhal Parganas",2006,"July",2006-07-01,"670.8"
"465","Jharkhand","West Singbhum",2006,"July",2006-07-01,"N.A."
"466","Jharkhand","Bokaro",2006,"August",2006-08-01,"236.2"
"467","Jharkhand","Dhanbad",2006,"August",2006-08-01,"233.3"
"468","Jharkhand","East Singbhum",2006,"August",2006-08-01,"331.2"
"469","Jharkhand","Giridih",2006,"August",2006-08-01,"234"
"470","Jharkhand","Godda",2006,"August",2006-08-01,"N.A."
"471","Jharkhand","Gumla",2006,"August",2006-08-01,"N.A."
"472","Jharkhand","Hazaribagh",2006,"August",2006-08-01,"211.3"
"473","Jharkhand","Koderma",2006,"August",2006-08-01,"N.A."
"474","Jharkhand","Lohardaga",2006,"August",2006-08-01,"526.5"
"475","Jharkhand","Pakur",2006,"August",2006-08-01,"N.A."
"476","Jharkhand","Palamau",2006,"August",2006-08-01,"253.9"
"477","Jharkhand","Ranchi",2006,"August",2006-08-01,"340.9"
"478","Jharkhand","Sahebganj",2006,"August",2006-08-01,"N.A."
"479","Jharkhand","Santhal Parganas",2006,"August",2006-08-01,"190.8"
"480","Jharkhand","West Singbhum",2006,"August",2006-08-01,"325.8"
"481","Jharkhand","Bokaro",2006,"September",2006-09-01,"370.5"
"482","Jharkhand","Dhanbad",2006,"September",2006-09-01,"263.8"
"483","Jharkhand","East Singbhum",2006,"September",2006-09-01,"377.5"
"484","Jharkhand","Giridih",2006,"September",2006-09-01,"404.5"
"485","Jharkhand","Godda",2006,"September",2006-09-01,"492"
"486","Jharkhand","Gumla",2006,"September",2006-09-01,"N.A."
"487","Jharkhand","Hazaribagh",2006,"September",2006-09-01,"421.5"
"488","Jharkhand","Koderma",2006,"September",2006-09-01,"454"
"489","Jharkhand","Lohardaga",2006,"September",2006-09-01,"227.7"
"490","Jharkhand","Pakur",2006,"September",2006-09-01,"N.A."
"491","Jharkhand","Palamau",2006,"September",2006-09-01,"168.5"
"492","Jharkhand","Ranchi",2006,"September",2006-09-01,"338.9"
"493","Jharkhand","Sahebganj",2006,"September",2006-09-01,"783.5"
"494","Jharkhand","Santhal Parganas",2006,"September",2006-09-01,"699.6"
"495","Jharkhand","West Singbhum",2006,"September",2006-09-01,"33.3"
"496","Jharkhand","Bokaro",2006,"October",2006-10-01,"7.9"
"497","Jharkhand","Dhanbad",2006,"October",2006-10-01,"10"
"498","Jharkhand","East Singbhum",2006,"October",2006-10-01,"29.6"
"499","Jharkhand","Giridih",2006,"October",2006-10-01,"40.1"
"500","Jharkhand","Godda",2006,"October",2006-10-01,"N.A."
"501","Jharkhand","Gumla",2006,"October",2006-10-01,"N.A."
"502","Jharkhand","Hazaribagh",2006,"October",2006-10-01,"3.1"
"503","Jharkhand","Koderma",2006,"October",2006-10-01,"15"
"504","Jharkhand","Lohardaga",2006,"October",2006-10-01,"2.4"
"505","Jharkhand","Pakur",2006,"October",2006-10-01,"N.A."
"506","Jharkhand","Palamau",2006,"October",2006-10-01,"9"
"507","Jharkhand","Ranchi",2006,"October",2006-10-01,"24.6"
"508","Jharkhand","Sahebganj",2006,"October",2006-10-01,"N.A."
"509","Jharkhand","Santhal Parganas",2006,"October",2006-10-01,"5.6"
"510","Jharkhand","West Singbhum",2006,"October",2006-10-01,"0"
"511","Jharkhand","Bokaro",2006,"November",2006-11-01,"N.A."
"512","Jharkhand","Dhanbad",2006,"November",2006-11-01,"N.A."
"513","Jharkhand","East Singbhum",2006,"November",2006-11-01,"17.4"
"514","Jharkhand","Giridih",2006,"November",2006-11-01,"0"
"515","Jharkhand","Godda",2006,"November",2006-11-01,"3"
"516","Jharkhand","Gumla",2006,"November",2006-11-01,"N.A."
"517","Jharkhand","Hazaribagh",2006,"November",2006-11-01,"N.A."
"518","Jharkhand","Koderma",2006,"November",2006-11-01,"N.A."
"519","Jharkhand","Lohardaga",2006,"November",2006-11-01,"N.A."
"520","Jharkhand","Pakur",2006,"November",2006-11-01,"N.A."
"521","Jharkhand","Palamau",2006,"November",2006-11-01,"1.4"
"522","Jharkhand","Ranchi",2006,"November",2006-11-01,"8.3"
"523","Jharkhand","Sahebganj",2006,"November",2006-11-01,"N.A."
"524","Jharkhand","Santhal Parganas",2006,"November",2006-11-01,"N.A."
"525","Jharkhand","West Singbhum",2006,"November",2006-11-01,"0"
"526","Jharkhand","Bokaro",2006,"December",2006-12-01,"N.A."
"527","Jharkhand","Dhanbad",2006,"December",2006-12-01,"0"
"528","Jharkhand","East Singbhum",2006,"December",2006-12-01,"N.A."
"529","Jharkhand","Giridih",2006,"December",2006-12-01,"0"
"530","Jharkhand","Godda",2006,"December",2006-12-01,"0"
"531","Jharkhand","Gumla",2006,"December",2006-12-01,"N.A."
"532","Jharkhand","Hazaribagh",2006,"December",2006-12-01,"0"
"533","Jharkhand","Koderma",2006,"December",2006-12-01,"N.A."
"534","Jharkhand","Lohardaga",2006,"December",2006-12-01,"N.A."
"535","Jharkhand","Pakur",2006,"December",2006-12-01,"N.A."
"536","Jharkhand","Palamau",2006,"December",2006-12-01,"N.A."
"537","Jharkhand","Ranchi",2006,"December",2006-12-01,"0"
"538","Jharkhand","Sahebganj",2006,"December",2006-12-01,"N.A."
"539","Jharkhand","Santhal Parganas",2006,"December",2006-12-01,"N.A."
"540","Jharkhand","West Singbhum",2006,"December",2006-12-01,"0"
"541","Jharkhand","Bokaro",2007,"January",2007-01-01,"N.A."
"542","Jharkhand","Dhanbad",2007,"January",2007-01-01,"N.A."
"543","Jharkhand","East Singbhum",2007,"January",2007-01-01,"0"
"544","Jharkhand","Giridih",2007,"January",2007-01-01,"0"
"545","Jharkhand","Godda",2007,"January",2007-01-01,"N.A."
"546","Jharkhand","Gumla",2007,"January",2007-01-01,"N.A."
"547","Jharkhand","Hazaribagh",2007,"January",2007-01-01,"N.A."
"548","Jharkhand","Koderma",2007,"January",2007-01-01,"N.A."
"549","Jharkhand","Lohardaga",2007,"January",2007-01-01,"N.A."
"550","Jharkhand","Pakur",2007,"January",2007-01-01,"N.A."
"551","Jharkhand","Palamau",2007,"January",2007-01-01,"0"
"552","Jharkhand","Ranchi",2007,"January",2007-01-01,"0"
"553","Jharkhand","Sahebganj",2007,"January",2007-01-01,"N.A."
"554","Jharkhand","Santhal Parganas",2007,"January",2007-01-01,"N.A."
"555","Jharkhand","West Singbhum",2007,"January",2007-01-01,"0"
"556","Jharkhand","Bokaro",2007,"February",2007-02-01,"N.A."
"557","Jharkhand","Dhanbad",2007,"February",2007-02-01,"N.A."
"558","Jharkhand","East Singbhum",2007,"February",2007-02-01,"64.8"
"559","Jharkhand","Giridih",2007,"February",2007-02-01,"83.8"
"560","Jharkhand","Godda",2007,"February",2007-02-01,"27"
"561","Jharkhand","Gumla",2007,"February",2007-02-01,"N.A."
"562","Jharkhand","Hazaribagh",2007,"February",2007-02-01,"N.A."
"563","Jharkhand","Koderma",2007,"February",2007-02-01,"N.A."
"564","Jharkhand","Lohardaga",2007,"February",2007-02-01,"88.8"
"565","Jharkhand","Pakur",2007,"February",2007-02-01,"N.A."
"566","Jharkhand","Palamau",2007,"February",2007-02-01,"125.9"
"567","Jharkhand","Ranchi",2007,"February",2007-02-01,"62.8"
"568","Jharkhand","Sahebganj",2007,"February",2007-02-01,"N.A."
"569","Jharkhand","Santhal Parganas",2007,"February",2007-02-01,"N.A."
"570","Jharkhand","West Singbhum",2007,"February",2007-02-01,"35"
"571","Jharkhand","Bokaro",2007,"March",2007-03-01,"N.A."
"572","Jharkhand","Dhanbad",2007,"March",2007-03-01,"N.A."
"573","Jharkhand","East Singbhum",2007,"March",2007-03-01,"N.A."
"574","Jharkhand","Giridih",2007,"March",2007-03-01,"N.A."
"575","Jharkhand","Godda",2007,"March",2007-03-01,"17"
"576","Jharkhand","Gumla",2007,"March",2007-03-01,"N.A."
"577","Jharkhand","Hazaribagh",2007,"March",2007-03-01,"6.4"
"578","Jharkhand","Koderma",2007,"March",2007-03-01,"N.A."
"579","Jharkhand","Lohardaga",2007,"March",2007-03-01,"N.A."
"580","Jharkhand","Pakur",2007,"March",2007-03-01,"N.A."
"581","Jharkhand","Palamau",2007,"March",2007-03-01,"15.3"
"582","Jharkhand","Ranchi",2007,"March",2007-03-01,"33.4"
"583","Jharkhand","Sahebganj",2007,"March",2007-03-01,"N.A."
"584","Jharkhand","Santhal Parganas",2007,"March",2007-03-01,"7.3"
"585","Jharkhand","West Singbhum",2007,"March",2007-03-01,"N.A."
"586","Jharkhand","Bokaro",2007,"April",2007-04-01,"15.3"
"587","Jharkhand","Dhanbad",2007,"April",2007-04-01,"9.9"
"588","Jharkhand","East Singbhum",2007,"April",2007-04-01,"40.9"
"589","Jharkhand","Giridih",2007,"April",2007-04-01,"11"
"590","Jharkhand","Godda",2007,"April",2007-04-01,"0"
"591","Jharkhand","Gumla",2007,"April",2007-04-01,"N.A."
"592","Jharkhand","Hazaribagh",2007,"April",2007-04-01,"4.9"
"593","Jharkhand","Koderma",2007,"April",2007-04-01,"N.A."
"594","Jharkhand","Lohardaga",2007,"April",2007-04-01,"N.A."
"595","Jharkhand","Pakur",2007,"April",2007-04-01,"N.A."
"596","Jharkhand","Palamau",2007,"April",2007-04-01,"3.1"
"597","Jharkhand","Ranchi",2007,"April",2007-04-01,"35.2"
"598","Jharkhand","Sahebganj",2007,"April",2007-04-01,"N.A."
"599","Jharkhand","Santhal Parganas",2007,"April",2007-04-01,"23"
"600","Jharkhand","West Singbhum",2007,"April",2007-04-01,"8"
"601","Jharkhand","Bokaro",2007,"May",2007-05-01,"48.8"
"602","Jharkhand","Dhanbad",2007,"May",2007-05-01,"52.3"
"603","Jharkhand","East Singbhum",2007,"May",2007-05-01,"10.8"
"604","Jharkhand","Giridih",2007,"May",2007-05-01,"48"
"605","Jharkhand","Godda",2007,"May",2007-05-01,"N.A."
"606","Jharkhand","Gumla",2007,"May",2007-05-01,"N.A."
"607","Jharkhand","Hazaribagh",2007,"May",2007-05-01,"57.3"
"608","Jharkhand","Koderma",2007,"May",2007-05-01,"N.A."
"609","Jharkhand","Lohardaga",2007,"May",2007-05-01,"N.A."
"610","Jharkhand","Pakur",2007,"May",2007-05-01,"N.A."
"611","Jharkhand","Palamau",2007,"May",2007-05-01,"24.4"
"612","Jharkhand","Ranchi",2007,"May",2007-05-01,"49"
"613","Jharkhand","Sahebganj",2007,"May",2007-05-01,"N.A."
"614","Jharkhand","Santhal Parganas",2007,"May",2007-05-01,"50"
"615","Jharkhand","West Singbhum",2007,"May",2007-05-01,"68"
"616","Jharkhand","Bokaro",2007,"June",2007-06-01,"9.3"
"617","Jharkhand","Dhanbad",2007,"June",2007-06-01,"63.7"
"618","Jharkhand","East Singbhum",2007,"June",2007-06-01,"146.5"
"619","Jharkhand","Giridih",2007,"June",2007-06-01,"132.6"
"620","Jharkhand","Godda",2007,"June",2007-06-01,"211"
"621","Jharkhand","Gumla",2007,"June",2007-06-01,"N.A."
"622","Jharkhand","Hazaribagh",2007,"June",2007-06-01,"32.3"
"623","Jharkhand","Koderma",2007,"June",2007-06-01,"N.A."
"624","Jharkhand","Lohardaga",2007,"June",2007-06-01,"159.6"
"625","Jharkhand","Pakur",2007,"June",2007-06-01,"N.A."
"626","Jharkhand","Palamau",2007,"June",2007-06-01,"112.4"
"627","Jharkhand","Ranchi",2007,"June",2007-06-01,"142.2"
"628","Jharkhand","Sahebganj",2007,"June",2007-06-01,"N.A."
"629","Jharkhand","Santhal Parganas",2007,"June",2007-06-01,"154.9"
"630","Jharkhand","West Singbhum",2007,"June",2007-06-01,"113"
"631","Jharkhand","Bokaro",2007,"July",2007-07-01,"420.2"
"632","Jharkhand","Dhanbad",2007,"July",2007-07-01,"621"
"633","Jharkhand","East Singbhum",2007,"July",2007-07-01,"646.4"
"634","Jharkhand","Giridih",2007,"July",2007-07-01,"588.8"
"635","Jharkhand","Godda",2007,"July",2007-07-01,"593.1"
"636","Jharkhand","Gumla",2007,"July",2007-07-01,"N.A."
"637","Jharkhand","Hazaribagh",2007,"July",2007-07-01,"505"
"638","Jharkhand","Koderma",2007,"July",2007-07-01,"N.A."
"639","Jharkhand","Lohardaga",2007,"July",2007-07-01,"323.3"
"640","Jharkhand","Pakur",2007,"July",2007-07-01,"N.A."
"641","Jharkhand","Palamau",2007,"July",2007-07-01,"272"
"642","Jharkhand","Ranchi",2007,"July",2007-07-01,"480.4"
"643","Jharkhand","Sahebganj",2007,"July",2007-07-01,"N.A."
"644","Jharkhand","Santhal Parganas",2007,"July",2007-07-01,"597.2"
"645","Jharkhand","West Singbhum",2007,"July",2007-07-01,"N.A."
"646","Jharkhand","Bokaro",2007,"August",2007-08-01,"325.4"
"647","Jharkhand","Dhanbad",2007,"August",2007-08-01,"474.4"
"648","Jharkhand","East Singbhum",2007,"August",2007-08-01,"498.5"
"649","Jharkhand","Giridih",2007,"August",2007-08-01,"326.5"
"650","Jharkhand","Godda",2007,"August",2007-08-01,"200"
"651","Jharkhand","Gumla",2007,"August",2007-08-01,"N.A."
"652","Jharkhand","Hazaribagh",2007,"August",2007-08-01,"301.9"
"653","Jharkhand","Koderma",2007,"August",2007-08-01,"N.A."
"654","Jharkhand","Lohardaga",2007,"August",2007-08-01,"388.4"
"655","Jharkhand","Pakur",2007,"August",2007-08-01,"N.A."
"656","Jharkhand","Palamau",2007,"August",2007-08-01,"340.5"
"657","Jharkhand","Ranchi",2007,"August",2007-08-01,"326.5"
"658","Jharkhand","Sahebganj",2007,"August",2007-08-01,"N.A."
"659","Jharkhand","Santhal Parganas",2007,"August",2007-08-01,"308.1"
"660","Jharkhand","West Singbhum",2007,"August",2007-08-01,"306.4"
"661","Jharkhand","Bokaro",2007,"September",2007-09-01,"272.2"
"662","Jharkhand","Dhanbad",2007,"September",2007-09-01,"329.3"
"663","Jharkhand","East Singbhum",2007,"September",2007-09-01,"374.4"
"664","Jharkhand","Giridih",2007,"September",2007-09-01,"350.9"
"665","Jharkhand","Godda",2007,"September",2007-09-01,"N.A."
"666","Jharkhand","Gumla",2007,"September",2007-09-01,"N.A."
"667","Jharkhand","Hazaribagh",2007,"September",2007-09-01,"274.3"
"668","Jharkhand","Koderma",2007,"September",2007-09-01,"N.A."
"669","Jharkhand","Lohardaga",2007,"September",2007-09-01,"273.3"
"670","Jharkhand","Pakur",2007,"September",2007-09-01,"N.A."
"671","Jharkhand","Palamau",2007,"September",2007-09-01,"259.9"
"672","Jharkhand","Ranchi",2007,"September",2007-09-01,"320.8"
"673","Jharkhand","Sahebganj",2007,"September",2007-09-01,"N.A."
"674","Jharkhand","Santhal Parganas",2007,"September",2007-09-01,"374.1"
"675","Jharkhand","West Singbhum",2007,"September",2007-09-01,"306.8"
"676","Jharkhand","Bokaro",2007,"October",2007-10-01,"9.8"
"677","Jharkhand","Dhanbad",2007,"October",2007-10-01,"26"
"678","Jharkhand","East Singbhum",2007,"October",2007-10-01,"27.2"
"679","Jharkhand","Giridih",2007,"October",2007-10-01,"59.5"
"680","Jharkhand","Godda",2007,"October",2007-10-01,"N.A."
"681","Jharkhand","Gumla",2007,"October",2007-10-01,"N.A."
"682","Jharkhand","Hazaribagh",2007,"October",2007-10-01,"57.7"
"683","Jharkhand","Koderma",2007,"October",2007-10-01,"N.A."
"684","Jharkhand","Lohardaga",2007,"October",2007-10-01,"5.2"
"685","Jharkhand","Pakur",2007,"October",2007-10-01,"N.A."
"686","Jharkhand","Palamau",2007,"October",2007-10-01,"2.5"
"687","Jharkhand","Ranchi",2007,"October",2007-10-01,"18.9"
"688","Jharkhand","Sahebganj",2007,"October",2007-10-01,"148.7"
"689","Jharkhand","Santhal Parganas",2007,"October",2007-10-01,"55.8"
"690","Jharkhand","West Singbhum",2007,"October",2007-10-01,"3.4"
"691","Jharkhand","Bokaro",2007,"November",2007-11-01,"N.A."
"692","Jharkhand","Dhanbad",2007,"November",2007-11-01,"N.A."
"693","Jharkhand","East Singbhum",2007,"November",2007-11-01,"32.3"
"694","Jharkhand","Giridih",2007,"November",2007-11-01,"N.A."
"695","Jharkhand","Godda",2007,"November",2007-11-01,"0"
"696","Jharkhand","Gumla",2007,"November",2007-11-01,"N.A."
"697","Jharkhand","Hazaribagh",2007,"November",2007-11-01,"N.A."
"698","Jharkhand","Koderma",2007,"November",2007-11-01,"N.A."
"699","Jharkhand","Lohardaga",2007,"November",2007-11-01,"N.A."
"700","Jharkhand","Pakur",2007,"November",2007-11-01,"N.A."
"701","Jharkhand","Palamau",2007,"November",2007-11-01,"0"
"702","Jharkhand","Ranchi",2007,"November",2007-11-01,"1.4"
"703","Jharkhand","Sahebganj",2007,"November",2007-11-01,"N.A."
"704","Jharkhand","Santhal Parganas",2007,"November",2007-11-01,"0"
"705","Jharkhand","West Singbhum",2007,"November",2007-11-01,"2"
"706","Jharkhand","Bokaro",2007,"December",2007-12-01,"N.A."
"707","Jharkhand","Dhanbad",2007,"December",2007-12-01,"N.A."
"708","Jharkhand","East Singbhum",2007,"December",2007-12-01,"0"
"709","Jharkhand","Giridih",2007,"December",2007-12-01,"N.A."
"710","Jharkhand","Godda",2007,"December",2007-12-01,"N.A."
"711","Jharkhand","Gumla",2007,"December",2007-12-01,"N.A."
"712","Jharkhand","Hazaribagh",2007,"December",2007-12-01,"N.A."
"713","Jharkhand","Koderma",2007,"December",2007-12-01,"N.A."
"714","Jharkhand","Lohardaga",2007,"December",2007-12-01,"N.A."
"715","Jharkhand","Pakur",2007,"December",2007-12-01,"N.A."
"716","Jharkhand","Palamau",2007,"December",2007-12-01,"0"
"717","Jharkhand","Ranchi",2007,"December",2007-12-01,"0"
"718","Jharkhand","Sahebganj",2007,"December",2007-12-01,"0"
"719","Jharkhand","Santhal Parganas",2007,"December",2007-12-01,"N.A."
"720","Jharkhand","West Singbhum",2007,"December",2007-12-01,"0"
"721","Jharkhand","Bokaro",2008,"January",2008-01-01,"N.A."
"722","Jharkhand","Dhanbad",2008,"January",2008-01-01,"N.A."
"723","Jharkhand","East Singbhum",2008,"January",2008-01-01,"30.8"
"724","Jharkhand","Giridih",2008,"January",2008-01-01,"0"
"725","Jharkhand","Godda",2008,"January",2008-01-01,"N.A."
"726","Jharkhand","Gumla",2008,"January",2008-01-01,"N.A."
"727","Jharkhand","Hazaribagh",2008,"January",2008-01-01,"N.A."
"728","Jharkhand","Koderma",2008,"January",2008-01-01,"N.A."
"729","Jharkhand","Lohardaga",2008,"January",2008-01-01,"N.A."
"730","Jharkhand","Pakur",2008,"January",2008-01-01,"N.A."
"731","Jharkhand","Palamau",2008,"January",2008-01-01,"2"
"732","Jharkhand","Ranchi",2008,"January",2008-01-01,"12.3"
"733","Jharkhand","Sahebganj",2008,"January",2008-01-01,"N.A."
"734","Jharkhand","Santhal Parganas",2008,"January",2008-01-01,"33.6"
"735","Jharkhand","West Singbhum",2008,"January",2008-01-01,"0"
"736","Jharkhand","Bokaro",2008,"February",2008-02-01,"N.A."
"737","Jharkhand","Dhanbad",2008,"February",2008-02-01,"N.A."
"738","Jharkhand","East Singbhum",2008,"February",2008-02-01,"7.5"
"739","Jharkhand","Giridih",2008,"February",2008-02-01,"0"
"740","Jharkhand","Godda",2008,"February",2008-02-01,"N.A."
"741","Jharkhand","Gumla",2008,"February",2008-02-01,"N.A."
"742","Jharkhand","Hazaribagh",2008,"February",2008-02-01,"0"
"743","Jharkhand","Koderma",2008,"February",2008-02-01,"N.A."
"744","Jharkhand","Lohardaga",2008,"February",2008-02-01,"N.A."
"745","Jharkhand","Pakur",2008,"February",2008-02-01,"N.A."
"746","Jharkhand","Palamau",2008,"February",2008-02-01,"8.1"
"747","Jharkhand","Ranchi",2008,"February",2008-02-01,"12.9"
"748","Jharkhand","Sahebganj",2008,"February",2008-02-01,"N.A."
"749","Jharkhand","Santhal Parganas",2008,"February",2008-02-01,"0"
"750","Jharkhand","West Singbhum",2008,"February",2008-02-01,"1.3"
"751","Jharkhand","Bokaro",2008,"March",2008-03-01,"N.A."
"752","Jharkhand","Dhanbad",2008,"March",2008-03-01,"0"
"753","Jharkhand","East Singbhum",2008,"March",2008-03-01,"8.6"
"754","Jharkhand","Giridih",2008,"March",2008-03-01,"N.A."
"755","Jharkhand","Godda",2008,"March",2008-03-01,"N.A."
"756","Jharkhand","Gumla",2008,"March",2008-03-01,"74.2"
"757","Jharkhand","Hazaribagh",2008,"March",2008-03-01,"0"
"758","Jharkhand","Koderma",2008,"March",2008-03-01,"N.A."
"759","Jharkhand","Lohardaga",2008,"March",2008-03-01,"N.A."
"760","Jharkhand","Pakur",2008,"March",2008-03-01,"N.A."
"761","Jharkhand","Palamau",2008,"March",2008-03-01,"21.3"
"762","Jharkhand","Ranchi",2008,"March",2008-03-01,"25"
"763","Jharkhand","Sahebganj",2008,"March",2008-03-01,"N.A."
"764","Jharkhand","Santhal Parganas",2008,"March",2008-03-01,"N.A."
"765","Jharkhand","West Singbhum",2008,"March",2008-03-01,"1.2"
"766","Jharkhand","Bokaro",2008,"April",2008-04-01,"N.A."
"767","Jharkhand","Dhanbad",2008,"April",2008-04-01,"N.A."
"768","Jharkhand","East Singbhum",2008,"April",2008-04-01,"46.4"
"769","Jharkhand","Giridih",2008,"April",2008-04-01,"6.2"
"770","Jharkhand","Godda",2008,"April",2008-04-01,"N.A."
"771","Jharkhand","Gumla",2008,"April",2008-04-01,"N.A."
"772","Jharkhand","Hazaribagh",2008,"April",2008-04-01,"23.6"
"773","Jharkhand","Koderma",2008,"April",2008-04-01,"N.A."
"774","Jharkhand","Lohardaga",2008,"April",2008-04-01,"N.A."
"775","Jharkhand","Pakur",2008,"April",2008-04-01,"N.A."
"776","Jharkhand","Palamau",2008,"April",2008-04-01,"12.2"
"777","Jharkhand","Ranchi",2008,"April",2008-04-01,"14.5"
"778","Jharkhand","Sahebganj",2008,"April",2008-04-01,"N.A."
"779","Jharkhand","Santhal Parganas",2008,"April",2008-04-01,"N.A."
"780","Jharkhand","West Singbhum",2008,"April",2008-04-01,"15.2"
"781","Jharkhand","Bokaro",2008,"May",2008-05-01,"N.A."
"782","Jharkhand","Dhanbad",2008,"May",2008-05-01,"N.A."
"783","Jharkhand","East Singbhum",2008,"May",2008-05-01,"85.4"
"784","Jharkhand","Giridih",2008,"May",2008-05-01,"0"
"785","Jharkhand","Godda",2008,"May",2008-05-01,"N.A."
"786","Jharkhand","Gumla",2008,"May",2008-05-01,"N.A."
"787","Jharkhand","Hazaribagh",2008,"May",2008-05-01,"13.8"
"788","Jharkhand","Koderma",2008,"May",2008-05-01,"N.A."
"789","Jharkhand","Lohardaga",2008,"May",2008-05-01,"N.A."
"790","Jharkhand","Pakur",2008,"May",2008-05-01,"N.A."
"791","Jharkhand","Palamau",2008,"May",2008-05-01,"19.1"
"792","Jharkhand","Ranchi",2008,"May",2008-05-01,"53.5"
"793","Jharkhand","Sahebganj",2008,"May",2008-05-01,"N.A."
"794","Jharkhand","Santhal Parganas",2008,"May",2008-05-01,"N.A."
"795","Jharkhand","West Singbhum",2008,"May",2008-05-01,"31.4"
"796","Jharkhand","Bokaro",2008,"June",2008-06-01,"258.6"
"797","Jharkhand","Dhanbad",2008,"June",2008-06-01,"165.9"
"798","Jharkhand","East Singbhum",2008,"June",2008-06-01,"655.1"
"799","Jharkhand","Giridih",2008,"June",2008-06-01,"223.8"
"800","Jharkhand","Godda",2008,"June",2008-06-01,"N.A."
"801","Jharkhand","Gumla",2008,"June",2008-06-01,"N.A."
"802","Jharkhand","Hazaribagh",2008,"June",2008-06-01,"212.4"
"803","Jharkhand","Koderma",2008,"June",2008-06-01,"N.A."
"804","Jharkhand","Lohardaga",2008,"June",2008-06-01,"N.A."
"805","Jharkhand","Pakur",2008,"June",2008-06-01,"N.A."
"806","Jharkhand","Palamau",2008,"June",2008-06-01,"346.6"
"807","Jharkhand","Ranchi",2008,"June",2008-06-01,"407.3"
"808","Jharkhand","Sahebganj",2008,"June",2008-06-01,"712.6"
"809","Jharkhand","Santhal Parganas",2008,"June",2008-06-01,"85.9"
"810","Jharkhand","West Singbhum",2008,"June",2008-06-01,"44.4"
"811","Jharkhand","Bokaro",2008,"July",2008-07-01,"433.7"
"812","Jharkhand","Dhanbad",2008,"July",2008-07-01,"442.1"
"813","Jharkhand","East Singbhum",2008,"July",2008-07-01,"275.6"
"814","Jharkhand","Giridih",2008,"July",2008-07-01,"508.5"
"815","Jharkhand","Godda",2008,"July",2008-07-01,"N.A."
"816","Jharkhand","Gumla",2008,"July",2008-07-01,"533"
"817","Jharkhand","Hazaribagh",2008,"July",2008-07-01,"526"
"818","Jharkhand","Koderma",2008,"July",2008-07-01,"N.A."
"819","Jharkhand","Lohardaga",2008,"July",2008-07-01,"442.5"
"820","Jharkhand","Pakur",2008,"July",2008-07-01,"N.A."
"821","Jharkhand","Palamau",2008,"July",2008-07-01,"239.6"
"822","Jharkhand","Ranchi",2008,"July",2008-07-01,"472.6"
"823","Jharkhand","Sahebganj",2008,"July",2008-07-01,"572.5"
"824","Jharkhand","Santhal Parganas",2008,"July",2008-07-01,"416.8"
"825","Jharkhand","West Singbhum",2008,"July",2008-07-01,"148"
"826","Jharkhand","Bokaro",2008,"August",2008-08-01,"256.9"
"827","Jharkhand","Dhanbad",2008,"August",2008-08-01,"195.3"
"828","Jharkhand","East Singbhum",2008,"August",2008-08-01,"313.2"
"829","Jharkhand","Giridih",2008,"August",2008-08-01,"262.6"
"830","Jharkhand","Godda",2008,"August",2008-08-01,"N.A."
"831","Jharkhand","Gumla",2008,"August",2008-08-01,"278.2"
"832","Jharkhand","Hazaribagh",2008,"August",2008-08-01,"497.4"
"833","Jharkhand","Koderma",2008,"August",2008-08-01,"N.A."
"834","Jharkhand","Lohardaga",2008,"August",2008-08-01,"N.A."
"835","Jharkhand","Pakur",2008,"August",2008-08-01,"N.A."
"836","Jharkhand","Palamau",2008,"August",2008-08-01,"306.2"
"837","Jharkhand","Ranchi",2008,"August",2008-08-01,"271.6"
"838","Jharkhand","Sahebganj",2008,"August",2008-08-01,"N.A."
"839","Jharkhand","Santhal Parganas",2008,"August",2008-08-01,"256.1"
"840","Jharkhand","West Singbhum",2008,"August",2008-08-01,"130"
"841","Jharkhand","Bokaro",2008,"September",2008-09-01,"235.6"
"842","Jharkhand","Dhanbad",2008,"September",2008-09-01,"174.5"
"843","Jharkhand","East Singbhum",2008,"September",2008-09-01,"200.3"
"844","Jharkhand","Giridih",2008,"September",2008-09-01,"189.7"
"845","Jharkhand","Godda",2008,"September",2008-09-01,"N.A."
"846","Jharkhand","Gumla",2008,"September",2008-09-01,"N.A."
"847","Jharkhand","Hazaribagh",2008,"September",2008-09-01,"262.7"
"848","Jharkhand","Koderma",2008,"September",2008-09-01,"N.A."
"849","Jharkhand","Lohardaga",2008,"September",2008-09-01,"N.A."
"850","Jharkhand","Pakur",2008,"September",2008-09-01,"N.A."
"851","Jharkhand","Palamau",2008,"September",2008-09-01,"47.1"
"852","Jharkhand","Ranchi",2008,"September",2008-09-01,"184.3"
"853","Jharkhand","Sahebganj",2008,"September",2008-09-01,"N.A."
"854","Jharkhand","Santhal Parganas",2008,"September",2008-09-01,"205.1"
"855","Jharkhand","West Singbhum",2008,"September",2008-09-01,"159.7"
"856","Jharkhand","Bokaro",2008,"October",2008-10-01,"24.2"
"857","Jharkhand","Dhanbad",2008,"October",2008-10-01,"39.7"
"858","Jharkhand","East Singbhum",2008,"October",2008-10-01,"5.4"
"859","Jharkhand","Giridih",2008,"October",2008-10-01,"23.7"
"860","Jharkhand","Godda",2008,"October",2008-10-01,"N.A."
"861","Jharkhand","Gumla",2008,"October",2008-10-01,"N.A."
"862","Jharkhand","Hazaribagh",2008,"October",2008-10-01,"21.4"
"863","Jharkhand","Koderma",2008,"October",2008-10-01,"9.6"
"864","Jharkhand","Lohardaga",2008,"October",2008-10-01,"N.A."
"865","Jharkhand","Pakur",2008,"October",2008-10-01,"N.A."
"866","Jharkhand","Palamau",2008,"October",2008-10-01,"4.8"
"867","Jharkhand","Ranchi",2008,"October",2008-10-01,"19.8"
"868","Jharkhand","Sahebganj",2008,"October",2008-10-01,"N.A."
"869","Jharkhand","Santhal Parganas",2008,"October",2008-10-01,"28.4"
"870","Jharkhand","West Singbhum",2008,"October",2008-10-01,"0"
"871","Jharkhand","Bokaro",2008,"November",2008-11-01,"N.A."
"872","Jharkhand","Dhanbad",2008,"November",2008-11-01,"N.A."
"873","Jharkhand","East Singbhum",2008,"November",2008-11-01,"0"
"874","Jharkhand","Giridih",2008,"November",2008-11-01,"N.A."
"875","Jharkhand","Godda",2008,"November",2008-11-01,"N.A."
"876","Jharkhand","Gumla",2008,"November",2008-11-01,"N.A."
"877","Jharkhand","Hazaribagh",2008,"November",2008-11-01,"10.8"
"878","Jharkhand","Koderma",2008,"November",2008-11-01,"N.A."
"879","Jharkhand","Lohardaga",2008,"November",2008-11-01,"N.A."
"880","Jharkhand","Pakur",2008,"November",2008-11-01,"N.A."
"881","Jharkhand","Palamau",2008,"November",2008-11-01,"0.3"
"882","Jharkhand","Ranchi",2008,"November",2008-11-01,"1.2"
"883","Jharkhand","Sahebganj",2008,"November",2008-11-01,"N.A."
"884","Jharkhand","Santhal Parganas",2008,"November",2008-11-01,"N.A."
"885","Jharkhand","West Singbhum",2008,"November",2008-11-01,"0"
"886","Jharkhand","Bokaro",2008,"December",2008-12-01,"N.A."
"887","Jharkhand","Dhanbad",2008,"December",2008-12-01,"N.A."
"888","Jharkhand","East Singbhum",2008,"December",2008-12-01,"0"
"889","Jharkhand","Giridih",2008,"December",2008-12-01,"N.A."
"890","Jharkhand","Godda",2008,"December",2008-12-01,"N.A."
"891","Jharkhand","Gumla",2008,"December",2008-12-01,"N.A."
"892","Jharkhand","Hazaribagh",2008,"December",2008-12-01,"0"
"893","Jharkhand","Koderma",2008,"December",2008-12-01,"N.A."
"894","Jharkhand","Lohardaga",2008,"December",2008-12-01,"N.A."
"895","Jharkhand","Pakur",2008,"December",2008-12-01,"N.A."
"896","Jharkhand","Palamau",2008,"December",2008-12-01,"0"
"897","Jharkhand","Ranchi",2008,"December",2008-12-01,"0"
"898","Jharkhand","Sahebganj",2008,"December",2008-12-01,"N.A."
"899","Jharkhand","Santhal Parganas",2008,"December",2008-12-01,"N.A."
"900","Jharkhand","West Singbhum",2008,"December",2008-12-01,"0"
"901","Jharkhand","Bokaro",2009,"January",2009-01-01,"N.A."
"902","Jharkhand","Dhanbad",2009,"January",2009-01-01,"N.A."
"903","Jharkhand","East Singbhum",2009,"January",2009-01-01,"2.9"
"904","Jharkhand","Giridih",2009,"January",2009-01-01,"N.A."
"905","Jharkhand","Godda",2009,"January",2009-01-01,"N.A."
"906","Jharkhand","Gumla",2009,"January",2009-01-01,"N.A."
"907","Jharkhand","Hazaribagh",2009,"January",2009-01-01,"30.4"
"908","Jharkhand","Koderma",2009,"January",2009-01-01,"N.A."
"909","Jharkhand","Lohardaga",2009,"January",2009-01-01,"N.A."
"910","Jharkhand","Pakur",2009,"January",2009-01-01,"N.A."
"911","Jharkhand","Palamau",2009,"January",2009-01-01,"6.3"
"912","Jharkhand","Ranchi",2009,"January",2009-01-01,"10.2"
"913","Jharkhand","Sahebganj",2009,"January",2009-01-01,"N.A."
"914","Jharkhand","Santhal Parganas",2009,"January",2009-01-01,"N.A."
"915","Jharkhand","West Singbhum",2009,"January",2009-01-01,"0"
"916","Jharkhand","Bokaro",2009,"February",2009-02-01,"N.A."
"917","Jharkhand","Dhanbad",2009,"February",2009-02-01,"N.A."
"918","Jharkhand","East Singbhum",2009,"February",2009-02-01,"0"
"919","Jharkhand","Giridih",2009,"February",2009-02-01,"N.A."
"920","Jharkhand","Godda",2009,"February",2009-02-01,"N.A."
"921","Jharkhand","Gumla",2009,"February",2009-02-01,"N.A."
"922","Jharkhand","Hazaribagh",2009,"February",2009-02-01,"0"
"923","Jharkhand","Koderma",2009,"February",2009-02-01,"N.A."
"924","Jharkhand","Lohardaga",2009,"February",2009-02-01,"N.A."
"925","Jharkhand","Pakur",2009,"February",2009-02-01,"N.A."
"926","Jharkhand","Palamau",2009,"February",2009-02-01,"0"
"927","Jharkhand","Ranchi",2009,"February",2009-02-01,"0"
"928","Jharkhand","Sahebganj",2009,"February",2009-02-01,"N.A."
"929","Jharkhand","Santhal Parganas",2009,"February",2009-02-01,"N.A."
"930","Jharkhand","West Singbhum",2009,"February",2009-02-01,"0"
"931","Jharkhand","Bokaro",2009,"March",2009-03-01,"N.A."
"932","Jharkhand","Dhanbad",2009,"March",2009-03-01,"N.A."
"933","Jharkhand","East Singbhum",2009,"March",2009-03-01,"11"
"934","Jharkhand","Giridih",2009,"March",2009-03-01,"N.A."
"935","Jharkhand","Godda",2009,"March",2009-03-01,"N.A."
"936","Jharkhand","Gumla",2009,"March",2009-03-01,"N.A."
"937","Jharkhand","Hazaribagh",2009,"March",2009-03-01,"0"
"938","Jharkhand","Koderma",2009,"March",2009-03-01,"N.A."
"939","Jharkhand","Lohardaga",2009,"March",2009-03-01,"N.A."
"940","Jharkhand","Pakur",2009,"March",2009-03-01,"N.A."
"941","Jharkhand","Palamau",2009,"March",2009-03-01,"3"
"942","Jharkhand","Ranchi",2009,"March",2009-03-01,"35.6"
"943","Jharkhand","Sahebganj",2009,"March",2009-03-01,"N.A."
"944","Jharkhand","Santhal Parganas",2009,"March",2009-03-01,"N.A."
"945","Jharkhand","West Singbhum",2009,"March",2009-03-01,"0"
"946","Jharkhand","Bokaro",2009,"April",2009-04-01,"N.A."
"947","Jharkhand","Dhanbad",2009,"April",2009-04-01,"N.A."
"948","Jharkhand","East Singbhum",2009,"April",2009-04-01,"0.4"
"949","Jharkhand","Giridih",2009,"April",2009-04-01,"N.A."
"950","Jharkhand","Godda",2009,"April",2009-04-01,"N.A."
"951","Jharkhand","Gumla",2009,"April",2009-04-01,"N.A."
"952","Jharkhand","Hazaribagh",2009,"April",2009-04-01,"0"
"953","Jharkhand","Koderma",2009,"April",2009-04-01,"N.A."
"954","Jharkhand","Lohardaga",2009,"April",2009-04-01,"N.A."
"955","Jharkhand","Pakur",2009,"April",2009-04-01,"N.A."
"956","Jharkhand","Palamau",2009,"April",2009-04-01,"0.3"
"957","Jharkhand","Ranchi",2009,"April",2009-04-01,"3.4"
"958","Jharkhand","Sahebganj",2009,"April",2009-04-01,"N.A."
"959","Jharkhand","Santhal Parganas",2009,"April",2009-04-01,"N.A."
"960","Jharkhand","West Singbhum",2009,"April",2009-04-01,"0"
"961","Jharkhand","Bokaro",2009,"May",2009-05-01,"N.A."
"962","Jharkhand","Dhanbad",2009,"May",2009-05-01,"N.A."
"963","Jharkhand","East Singbhum",2009,"May",2009-05-01,"130.8"
"964","Jharkhand","Giridih",2009,"May",2009-05-01,"N.A."
"965","Jharkhand","Godda",2009,"May",2009-05-01,"N.A."
"966","Jharkhand","Gumla",2009,"May",2009-05-01,"N.A."
"967","Jharkhand","Hazaribagh",2009,"May",2009-05-01,"0"
"968","Jharkhand","Koderma",2009,"May",2009-05-01,"N.A."
"969","Jharkhand","Lohardaga",2009,"May",2009-05-01,"N.A."
"970","Jharkhand","Pakur",2009,"May",2009-05-01,"N.A."
"971","Jharkhand","Palamau",2009,"May",2009-05-01,"14.2"
"972","Jharkhand","Ranchi",2009,"May",2009-05-01,"150.3"
"973","Jharkhand","Sahebganj",2009,"May",2009-05-01,"N.A."
"974","Jharkhand","Santhal Parganas",2009,"May",2009-05-01,"N.A."
"975","Jharkhand","West Singbhum",2009,"May",2009-05-01,"N.A."
"976","Jharkhand","Bokaro",2009,"June",2009-06-01,"79.9"
"977","Jharkhand","Dhanbad",2009,"June",2009-06-01,"81.8"
"978","Jharkhand","East Singbhum",2009,"June",2009-06-01,"66.8"
"979","Jharkhand","Giridih",2009,"June",2009-06-01,"77.7"
"980","Jharkhand","Godda",2009,"June",2009-06-01,"N.A."
"981","Jharkhand","Gumla",2009,"June",2009-06-01,"N.A."
"982","Jharkhand","Hazaribagh",2009,"June",2009-06-01,"84.2"
"983","Jharkhand","Koderma",2009,"June",2009-06-01,"100.2"
"984","Jharkhand","Lohardaga",2009,"June",2009-06-01,"N.A."
"985","Jharkhand","Pakur",2009,"June",2009-06-01,"N.A."
"986","Jharkhand","Palamau",2009,"June",2009-06-01,"54.1"
"987","Jharkhand","Ranchi",2009,"June",2009-06-01,"128.5"
"988","Jharkhand","Sahebganj",2009,"June",2009-06-01,"N.A."
"989","Jharkhand","Santhal Parganas",2009,"June",2009-06-01,"54.1"
"990","Jharkhand","West Singbhum",2009,"June",2009-06-01,"148.8"
"991","Jharkhand","Bokaro",2009,"July",2009-07-01,"210.4"
"992","Jharkhand","Dhanbad",2009,"July",2009-07-01,"257.2"
"993","Jharkhand","East Singbhum",2009,"July",2009-07-01,"396"
"994","Jharkhand","Giridih",2009,"July",2009-07-01,"157.6"
"995","Jharkhand","Godda",2009,"July",2009-07-01,"69"
"996","Jharkhand","Gumla",2009,"July",2009-07-01,"166"
"997","Jharkhand","Hazaribagh",2009,"July",2009-07-01,"241.7"
"998","Jharkhand","Koderma",2009,"July",2009-07-01,"210.6"
"999","Jharkhand","Lohardaga",2009,"July",2009-07-01,"111.9"
"1000","Jharkhand","Pakur",2009,"July",2009-07-01,"233.6"
"1001","Jharkhand","Palamau",2009,"July",2009-07-01,"279.5"
"1002","Jharkhand","Ranchi",2009,"July",2009-07-01,"277.2"
"1003","Jharkhand","Sahebganj",2009,"July",2009-07-01,"N.A."
"1004","Jharkhand","Santhal Parganas",2009,"July",2009-07-01,"220.2"
"1005","Jharkhand","West Singbhum",2009,"July",2009-07-01,"121.2"
"1006","Jharkhand","Bokaro",2009,"August",2009-08-01,"320.6"
"1007","Jharkhand","Dhanbad",2009,"August",2009-08-01,"284.1"
"1008","Jharkhand","East Singbhum",2009,"August",2009-08-01,"228.1"
"1009","Jharkhand","Giridih",2009,"August",2009-08-01,"386.3"
"1010","Jharkhand","Godda",2009,"August",2009-08-01,"175"
"1011","Jharkhand","Gumla",2009,"August",2009-08-01,"109.7"
"1012","Jharkhand","Hazaribagh",2009,"August",2009-08-01,"293.9"
"1013","Jharkhand","Koderma",2009,"August",2009-08-01,"101.2"
"1014","Jharkhand","Lohardaga",2009,"August",2009-08-01,"167.4"
"1015","Jharkhand","Pakur",2009,"August",2009-08-01,"0"
"1016","Jharkhand","Palamau",2009,"August",2009-08-01,"137.9"
"1017","Jharkhand","Ranchi",2009,"August",2009-08-01,"324.2"
"1018","Jharkhand","Sahebganj",2009,"August",2009-08-01,"N.A."
"1019","Jharkhand","Santhal Parganas",2009,"August",2009-08-01,"277.1"
"1020","Jharkhand","West Singbhum",2009,"August",2009-08-01,"545.8"
"1021","Jharkhand","Bokaro",2009,"September",2009-09-01,"335"
"1022","Jharkhand","Dhanbad",2009,"September",2009-09-01,"272.9"
"1023","Jharkhand","East Singbhum",2009,"September",2009-09-01,"268"
"1024","Jharkhand","Giridih",2009,"September",2009-09-01,"309.9"
"1025","Jharkhand","Godda",2009,"September",2009-09-01,"35.9"
"1026","Jharkhand","Gumla",2009,"September",2009-09-01,"44.4"
"1027","Jharkhand","Hazaribagh",2009,"September",2009-09-01,"345.4"
"1028","Jharkhand","Koderma",2009,"September",2009-09-01,"36.7"
"1029","Jharkhand","Lohardaga",2009,"September",2009-09-01,"295.6"
"1030","Jharkhand","Pakur",2009,"September",2009-09-01,"348.1"
"1031","Jharkhand","Palamau",2009,"September",2009-09-01,"231.4"
"1032","Jharkhand","Ranchi",2009,"September",2009-09-01,"320.4"
"1033","Jharkhand","Sahebganj",2009,"September",2009-09-01,"N.A."
"1034","Jharkhand","Santhal Parganas",2009,"September",2009-09-01,"300"
"1035","Jharkhand","West Singbhum",2009,"September",2009-09-01,"285.4"
"1036","Jharkhand","Bokaro",2009,"October",2009-10-01,"57"
"1037","Jharkhand","Dhanbad",2009,"October",2009-10-01,"102.1"
"1038","Jharkhand","East Singbhum",2009,"October",2009-10-01,"153.5"
"1039","Jharkhand","Giridih",2009,"October",2009-10-01,"83.4"
"1040","Jharkhand","Godda",2009,"October",2009-10-01,"73.5"
"1041","Jharkhand","Gumla",2009,"October",2009-10-01,"18.7"
"1042","Jharkhand","Hazaribagh",2009,"October",2009-10-01,"34.6"
"1043","Jharkhand","Koderma",2009,"October",2009-10-01,"N.A."
"1044","Jharkhand","Lohardaga",2009,"October",2009-10-01,"86.6"
"1045","Jharkhand","Pakur",2009,"October",2009-10-01,"195"
"1046","Jharkhand","Palamau",2009,"October",2009-10-01,"81"
"1047","Jharkhand","Ranchi",2009,"October",2009-10-01,"63.6"
"1048","Jharkhand","Sahebganj",2009,"October",2009-10-01,"N.A."
"1049","Jharkhand","Santhal Parganas",2009,"October",2009-10-01,"71.9"
"1050","Jharkhand","West Singbhum",2009,"October",2009-10-01,"382.7"
"1051","Jharkhand","Bokaro",2009,"November",2009-11-01,"17.7"
"1052","Jharkhand","Dhanbad",2009,"November",2009-11-01,"1.5"
"1053","Jharkhand","East Singbhum",2009,"November",2009-11-01,"22.3"
"1054","Jharkhand","Giridih",2009,"November",2009-11-01,"11.7"
"1055","Jharkhand","Godda",2009,"November",2009-11-01,"0"
"1056","Jharkhand","Gumla",2009,"November",2009-11-01,"N.A."
"1057","Jharkhand","Hazaribagh",2009,"November",2009-11-01,"10.7"
"1058","Jharkhand","Koderma",2009,"November",2009-11-01,"N.A."
"1059","Jharkhand","Lohardaga",2009,"November",2009-11-01,"N.A."
"1060","Jharkhand","Pakur",2009,"November",2009-11-01,"N.A."
"1061","Jharkhand","Palamau",2009,"November",2009-11-01,"12.9"
"1062","Jharkhand","Ranchi",2009,"November",2009-11-01,"24.9"
"1063","Jharkhand","Sahebganj",2009,"November",2009-11-01,"N.A."
"1064","Jharkhand","Santhal Parganas",2009,"November",2009-11-01,"4"
"1065","Jharkhand","West Singbhum",2009,"November",2009-11-01,"0"
"1066","Jharkhand","Bokaro",2009,"December",2009-12-01,"0"
"1067","Jharkhand","Dhanbad",2009,"December",2009-12-01,"0"
"1068","Jharkhand","East Singbhum",2009,"December",2009-12-01,"6.3"
"1069","Jharkhand","Giridih",2009,"December",2009-12-01,"0"
"1070","Jharkhand","Godda",2009,"December",2009-12-01,"0"
"1071","Jharkhand","Gumla",2009,"December",2009-12-01,"N.A."
"1072","Jharkhand","Hazaribagh",2009,"December",2009-12-01,"0"
"1073","Jharkhand","Koderma",2009,"December",2009-12-01,"N.A."
"1074","Jharkhand","Lohardaga",2009,"December",2009-12-01,"N.A."
"1075","Jharkhand","Pakur",2009,"December",2009-12-01,"N.A."
"1076","Jharkhand","Palamau",2009,"December",2009-12-01,"4.2"
"1077","Jharkhand","Ranchi",2009,"December",2009-12-01,"5"
"1078","Jharkhand","Sahebganj",2009,"December",2009-12-01,"N.A."
"1079","Jharkhand","Santhal Parganas",2009,"December",2009-12-01,"0"
"1080","Jharkhand","West Singbhum",2009,"December",2009-12-01,"0"
"1081","Jharkhand","Bokaro",2010,"January",2010-01-01,"0.6"
"1082","Jharkhand","Dhanbad",2010,"January",2010-01-01,"7"
"1083","Jharkhand","East Singbhum",2010,"January",2010-01-01,"0.5"
"1084","Jharkhand","Giridih",2010,"January",2010-01-01,"1.1"
"1085","Jharkhand","Godda",2010,"January",2010-01-01,"0"
"1086","Jharkhand","Gumla",2010,"January",2010-01-01,"N.A."
"1087","Jharkhand","Hazaribagh",2010,"January",2010-01-01,"2.3"
"1088","Jharkhand","Koderma",2010,"January",2010-01-01,"N.A."
"1089","Jharkhand","Lohardaga",2010,"January",2010-01-01,"N.A."
"1090","Jharkhand","Pakur",2010,"January",2010-01-01,"N.A."
"1091","Jharkhand","Palamau",2010,"January",2010-01-01,"0"
"1092","Jharkhand","Ranchi",2010,"January",2010-01-01,"0"
"1093","Jharkhand","Sahebganj",2010,"January",2010-01-01,"N.A."
"1094","Jharkhand","Santhal Parganas",2010,"January",2010-01-01,"0.2"
"1095","Jharkhand","West Singbhum",2010,"January",2010-01-01,"0"
"1096","Jharkhand","Bokaro",2010,"February",2010-02-01,"24.8"
"1097","Jharkhand","Dhanbad",2010,"February",2010-02-01,"0"
"1098","Jharkhand","East Singbhum",2010,"February",2010-02-01,"6.2"
"1099","Jharkhand","Giridih",2010,"February",2010-02-01,"N.A."
"1100","Jharkhand","Godda",2010,"February",2010-02-01,"N.A."
"1101","Jharkhand","Gumla",2010,"February",2010-02-01,"N.A."
"1102","Jharkhand","Hazaribagh",2010,"February",2010-02-01,"0"
"1103","Jharkhand","Koderma",2010,"February",2010-02-01,"N.A."
"1104","Jharkhand","Lohardaga",2010,"February",2010-02-01,"N.A."
"1105","Jharkhand","Pakur",2010,"February",2010-02-01,"N.A."
"1106","Jharkhand","Palamau",2010,"February",2010-02-01,"2.6"
"1107","Jharkhand","Ranchi",2010,"February",2010-02-01,"0"
"1108","Jharkhand","Sahebganj",2010,"February",2010-02-01,"11.1"
"1109","Jharkhand","Santhal Parganas",2010,"February",2010-02-01,"N.A."
"1110","Jharkhand","West Singbhum",2010,"February",2010-02-01,"2.2"
"1111","Jharkhand","Bokaro",2010,"March",2010-03-01,"0"
"1112","Jharkhand","Dhanbad",2010,"March",2010-03-01,"0"
"1113","Jharkhand","East Singbhum",2010,"March",2010-03-01,"5.8"
"1114","Jharkhand","Giridih",2010,"March",2010-03-01,"8.6"
"1115","Jharkhand","Godda",2010,"March",2010-03-01,"N.A."
"1116","Jharkhand","Gumla",2010,"March",2010-03-01,"N.A."
"1117","Jharkhand","Hazaribagh",2010,"March",2010-03-01,"3"
"1118","Jharkhand","Koderma",2010,"March",2010-03-01,"N.A."
"1119","Jharkhand","Lohardaga",2010,"March",2010-03-01,"N.A."
"1120","Jharkhand","Pakur",2010,"March",2010-03-01,"N.A."
"1121","Jharkhand","Palamau",2010,"March",2010-03-01,"0"
"1122","Jharkhand","Ranchi",2010,"March",2010-03-01,"0"
"1123","Jharkhand","Sahebganj",2010,"March",2010-03-01,"N.A."
"1124","Jharkhand","Santhal Parganas",2010,"March",2010-03-01,"N.A."
"1125","Jharkhand","West Singbhum",2010,"March",2010-03-01,"3"
"1126","Jharkhand","Bokaro",2010,"April",2010-04-01,"18.2"
"1127","Jharkhand","Dhanbad",2010,"April",2010-04-01,"4.6"
"1128","Jharkhand","East Singbhum",2010,"April",2010-04-01,"10.4"
"1129","Jharkhand","Giridih",2010,"April",2010-04-01,"10"
"1130","Jharkhand","Godda",2010,"April",2010-04-01,"N.A."
"1131","Jharkhand","Gumla",2010,"April",2010-04-01,"N.A."
"1132","Jharkhand","Hazaribagh",2010,"April",2010-04-01,"0"
"1133","Jharkhand","Koderma",2010,"April",2010-04-01,"N.A."
"1134","Jharkhand","Lohardaga",2010,"April",2010-04-01,"N.A."
"1135","Jharkhand","Pakur",2010,"April",2010-04-01,"N.A."
"1136","Jharkhand","Palamau",2010,"April",2010-04-01,"0"
"1137","Jharkhand","Ranchi",2010,"April",2010-04-01,"8.5"
"1138","Jharkhand","Sahebganj",2010,"April",2010-04-01,"N.A."
"1139","Jharkhand","Santhal Parganas",2010,"April",2010-04-01,"N.A."
"1140","Jharkhand","West Singbhum",2010,"April",2010-04-01,"36.4"
"1141","Jharkhand","Bokaro",2010,"May",2010-05-01,"73"
"1142","Jharkhand","Dhanbad",2010,"May",2010-05-01,"28.1"
"1143","Jharkhand","East Singbhum",2010,"May",2010-05-01,"74.1"
"1144","Jharkhand","Giridih",2010,"May",2010-05-01,"85.6"
"1145","Jharkhand","Godda",2010,"May",2010-05-01,"N.A."
"1146","Jharkhand","Gumla",2010,"May",2010-05-01,"N.A."
"1147","Jharkhand","Hazaribagh",2010,"May",2010-05-01,"54"
"1148","Jharkhand","Koderma",2010,"May",2010-05-01,"N.A."
"1149","Jharkhand","Lohardaga",2010,"May",2010-05-01,"N.A."
"1150","Jharkhand","Pakur",2010,"May",2010-05-01,"N.A."
"1151","Jharkhand","Palamau",2010,"May",2010-05-01,"19.2"
"1152","Jharkhand","Ranchi",2010,"May",2010-05-01,"28.7"
"1153","Jharkhand","Sahebganj",2010,"May",2010-05-01,"N.A."
"1154","Jharkhand","Santhal Parganas",2010,"May",2010-05-01,"N.A."
"1155","Jharkhand","West Singbhum",2010,"May",2010-05-01,"0"
"1156","Jharkhand","Bokaro",2010,"June",2010-06-01,"58.2"
"1157","Jharkhand","Dhanbad",2010,"June",2010-06-01,"152.8"
"1158","Jharkhand","East Singbhum",2010,"June",2010-06-01,"51.7"
"1159","Jharkhand","Giridih",2010,"June",2010-06-01,"102.7"
"1160","Jharkhand","Godda",2010,"June",2010-06-01,"33.1"
"1161","Jharkhand","Gumla",2010,"June",2010-06-01,"92.1"
"1162","Jharkhand","Hazaribagh",2010,"June",2010-06-01,"140.2"
"1163","Jharkhand","Koderma",2010,"June",2010-06-01,"N.A."
"1164","Jharkhand","Lohardaga",2010,"June",2010-06-01,"104.7"
"1165","Jharkhand","Pakur",2010,"June",2010-06-01,"N.A."
"1166","Jharkhand","Palamau",2010,"June",2010-06-01,"50.5"
"1167","Jharkhand","Ranchi",2010,"June",2010-06-01,"55.9"
"1168","Jharkhand","Sahebganj",2010,"June",2010-06-01,"N.A."
"1169","Jharkhand","Santhal Parganas",2010,"June",2010-06-01,"134.1"
"1170","Jharkhand","West Singbhum",2010,"June",2010-06-01,"56.3"
"1171","Jharkhand","Bokaro",2010,"July",2010-07-01,"304.5"
"1172","Jharkhand","Dhanbad",2010,"July",2010-07-01,"171.2"
"1173","Jharkhand","East Singbhum",2010,"July",2010-07-01,"99.6"
"1174","Jharkhand","Giridih",2010,"July",2010-07-01,"212.2"
"1175","Jharkhand","Godda",2010,"July",2010-07-01,"212.9"
"1176","Jharkhand","Gumla",2010,"July",2010-07-01,"234.2"
"1177","Jharkhand","Hazaribagh",2010,"July",2010-07-01,"105.4"
"1178","Jharkhand","Koderma",2010,"July",2010-07-01,"93"
"1179","Jharkhand","Lohardaga",2010,"July",2010-07-01,"147.9"
"1180","Jharkhand","Pakur",2010,"July",2010-07-01,"331"
"1181","Jharkhand","Palamau",2010,"July",2010-07-01,"158.3"
"1182","Jharkhand","Ranchi",2010,"July",2010-07-01,"152.2"
"1183","Jharkhand","Sahebganj",2010,"July",2010-07-01,"172.7"
"1184","Jharkhand","Santhal Parganas",2010,"July",2010-07-01,"303.6"
"1185","Jharkhand","West Singbhum",2010,"July",2010-07-01,"100"
"1186","Jharkhand","Bokaro",2010,"August",2010-08-01,"245.2"
"1187","Jharkhand","Dhanbad",2010,"August",2010-08-01,"171.5"
"1188","Jharkhand","East Singbhum",2010,"August",2010-08-01,"133.1"
"1189","Jharkhand","Giridih",2010,"August",2010-08-01,"260.2"
"1190","Jharkhand","Godda",2010,"August",2010-08-01,"176.9"
"1191","Jharkhand","Gumla",2010,"August",2010-08-01,"211.2"
"1192","Jharkhand","Hazaribagh",2010,"August",2010-08-01,"232.2"
"1193","Jharkhand","Koderma",2010,"August",2010-08-01,"136.8"
"1194","Jharkhand","Lohardaga",2010,"August",2010-08-01,"228.5"
"1195","Jharkhand","Pakur",2010,"August",2010-08-01,"291"
"1196","Jharkhand","Palamau",2010,"August",2010-08-01,"141.5"
"1197","Jharkhand","Ranchi",2010,"August",2010-08-01,"152"
"1198","Jharkhand","Sahebganj",2010,"August",2010-08-01,"116.8"
"1199","Jharkhand","Santhal Parganas",2010,"August",2010-08-01,"201.3"
"1200","Jharkhand","West Singbhum",2010,"August",2010-08-01,"180"
"1201","Jharkhand","Bokaro",2010,"September",2010-09-01,"263.4"
"1202","Jharkhand","Dhanbad",2010,"September",2010-09-01,"253.4"
"1203","Jharkhand","East Singbhum",2010,"September",2010-09-01,"137.2"
"1204","Jharkhand","Giridih",2010,"September",2010-09-01,"220.8"
"1205","Jharkhand","Godda",2010,"September",2010-09-01,"130.5"
"1206","Jharkhand","Gumla",2010,"September",2010-09-01,"245.4"
"1207","Jharkhand","Hazaribagh",2010,"September",2010-09-01,"98.3"
"1208","Jharkhand","Koderma",2010,"September",2010-09-01,"96.4"
"1209","Jharkhand","Lohardaga",2010,"September",2010-09-01,"116.6"
"1210","Jharkhand","Pakur",2010,"September",2010-09-01,"246"
"1211","Jharkhand","Palamau",2010,"September",2010-09-01,"148.7"
"1212","Jharkhand","Ranchi",2010,"September",2010-09-01,"221.7"
"1213","Jharkhand","Sahebganj",2010,"September",2010-09-01,"393.8"
"1214","Jharkhand","Santhal Parganas",2010,"September",2010-09-01,"186.2"
"1215","Jharkhand","West Singbhum",2010,"September",2010-09-01,"172.6"
"1216","Jharkhand","Bokaro",2010,"October",2010-10-01,"77.8"
"1217","Jharkhand","Dhanbad",2010,"October",2010-10-01,"49.1"
"1218","Jharkhand","East Singbhum",2010,"October",2010-10-01,"48.3"
"1219","Jharkhand","Giridih",2010,"October",2010-10-01,"55.8"
"1220","Jharkhand","Godda",2010,"October",2010-10-01,"13.5"
"1221","Jharkhand","Gumla",2010,"October",2010-10-01,"147.6"
"1222","Jharkhand","Hazaribagh",2010,"October",2010-10-01,"43.4"
"1223","Jharkhand","Koderma",2010,"October",2010-10-01,"7.4"
"1224","Jharkhand","Lohardaga",2010,"October",2010-10-01,"52.4"
"1225","Jharkhand","Pakur",2010,"October",2010-10-01,"80"
"1226","Jharkhand","Palamau",2010,"October",2010-10-01,"22.9"
"1227","Jharkhand","Ranchi",2010,"October",2010-10-01,"69.8"
"1228","Jharkhand","Sahebganj",2010,"October",2010-10-01,"78"
"1229","Jharkhand","Santhal Parganas",2010,"October",2010-10-01,"84.4"
"1230","Jharkhand","West Singbhum",2010,"October",2010-10-01,"55.6"
"1231","Jharkhand","Bokaro",2010,"November",2010-11-01,"3.4"
"1232","Jharkhand","Dhanbad",2010,"November",2010-11-01,"3.7"
"1233","Jharkhand","East Singbhum",2010,"November",2010-11-01,"10.6"
"1234","Jharkhand","Giridih",2010,"November",2010-11-01,"4.4"
"1235","Jharkhand","Godda",2010,"November",2010-11-01,"N.A."
"1236","Jharkhand","Gumla",2010,"November",2010-11-01,"0"
"1237","Jharkhand","Hazaribagh",2010,"November",2010-11-01,"7.8"
"1238","Jharkhand","Koderma",2010,"November",2010-11-01,"N.A."
"1239","Jharkhand","Lohardaga",2010,"November",2010-11-01,"N.A."
"1240","Jharkhand","Pakur",2010,"November",2010-11-01,"0"
"1241","Jharkhand","Palamau",2010,"November",2010-11-01,"5.4"
"1242","Jharkhand","Ranchi",2010,"November",2010-11-01,"8.7"
"1243","Jharkhand","Sahebganj",2010,"November",2010-11-01,"N.A."
"1244","Jharkhand","Santhal Parganas",2010,"November",2010-11-01,"N.A."
"1245","Jharkhand","West Singbhum",2010,"November",2010-11-01,"0"
"1246","Jharkhand","Bokaro",2010,"December",2010-12-01,"27"
"1247","Jharkhand","Dhanbad",2010,"December",2010-12-01,"38.5"
"1248","Jharkhand","East Singbhum",2010,"December",2010-12-01,"38.6"
"1249","Jharkhand","Giridih",2010,"December",2010-12-01,"32"
"1250","Jharkhand","Godda",2010,"December",2010-12-01,"N.A."
"1251","Jharkhand","Gumla",2010,"December",2010-12-01,"N.A."
"1252","Jharkhand","Hazaribagh",2010,"December",2010-12-01,"48.4"
"1253","Jharkhand","Koderma",2010,"December",2010-12-01,"N.A."
"1254","Jharkhand","Lohardaga",2010,"December",2010-12-01,"54.4"
"1255","Jharkhand","Pakur",2010,"December",2010-12-01,"N.A."
"1256","Jharkhand","Palamau",2010,"December",2010-12-01,"25.9"
"1257","Jharkhand","Ranchi",2010,"December",2010-12-01,"37.1"
"1258","Jharkhand","Sahebganj",2010,"December",2010-12-01,"N.A."
"1259","Jharkhand","Santhal Parganas",2010,"December",2010-12-01,"4"
"1260","Jharkhand","West Singbhum",2010,"December",2010-12-01,"42"
