"Sr.No","State","District","Year","Month","Date","Value"
"1","Kerala","Alapuzha",2004,"January",2004-01-01,2.9
"2","Kerala"," Cannur",2004,"January",2004-01-01,0
"3","Kerala"," Ernakulam",2004,"January",2004-01-01,2.5
"4","Kerala"," Idukki",2004,"January",2004-01-01,0.8
"5","Kerala"," Kasargode",2004,"January",2004-01-01,0
"6","Kerala"," Kollam",2004,"January",2004-01-01,2.3
"7","Kerala"," Kottayam",2004,"January",2004-01-01,11.8
"8","Kerala"," Kozhikode",2004,"January",2004-01-01,0.9
"9","Kerala"," Malapuram",2004,"January",2004-01-01,0
"10","Kerala"," Palakked",2004,"January",2004-01-01,1
"11","Kerala"," Pathanamthitta",2004,"January",2004-01-01,14.1
"12","Kerala"," Thiruvananthapuram",2004,"January",2004-01-01,0
"13","Kerala"," Thrissur",2004,"January",2004-01-01,0
"14","Kerala"," Wynad",2004,"January",2004-01-01,1.5
"15","Kerala","Alapuzha",2004,"February",2004-02-01,1
"16","Kerala"," Cannur",2004,"February",2004-02-01,0
"17","Kerala"," Ernakulam",2004,"February",2004-02-01,8.4
"18","Kerala"," Idukki",2004,"February",2004-02-01,10.3
"19","Kerala"," Kasargode",2004,"February",2004-02-01,0
"20","Kerala"," Kollam",2004,"February",2004-02-01,56.6
"21","Kerala"," Kottayam",2004,"February",2004-02-01,10
"22","Kerala"," Kozhikode",2004,"February",2004-02-01,0.1
"23","Kerala"," Malapuram",2004,"February",2004-02-01,0
"24","Kerala"," Palakked",2004,"February",2004-02-01,2.6
"25","Kerala"," Pathanamthitta",2004,"February",2004-02-01,12.5
"26","Kerala"," Thiruvananthapuram",2004,"February",2004-02-01,7.3
"27","Kerala"," Thrissur",2004,"February",2004-02-01,0.6
"28","Kerala"," Wynad",2004,"February",2004-02-01,3.8
"29","Kerala","Alapuzha",2004,"March",2004-03-01,50.1
"30","Kerala"," Cannur",2004,"March",2004-03-01,20.9
"31","Kerala"," Ernakulam",2004,"March",2004-03-01,36.9
"32","Kerala"," Idukki",2004,"March",2004-03-01,59.6
"33","Kerala"," Kasargode",2004,"March",2004-03-01,3.3
"34","Kerala"," Kollam",2004,"March",2004-03-01,47.9
"35","Kerala"," Kottayam",2004,"March",2004-03-01,89
"36","Kerala"," Kozhikode",2004,"March",2004-03-01,1
"37","Kerala"," Malapuram",2004,"March",2004-03-01,0.4
"38","Kerala"," Palakked",2004,"March",2004-03-01,28.8
"39","Kerala"," Pathanamthitta",2004,"March",2004-03-01,123.3
"40","Kerala"," Thiruvananthapuram",2004,"March",2004-03-01,31.4
"41","Kerala"," Thrissur",2004,"March",2004-03-01,16.9
"42","Kerala"," Wynad",2004,"March",2004-03-01,28.8
"43","Kerala","Alapuzha",2004,"April",2004-04-01,97.9
"44","Kerala"," Cannur",2004,"April",2004-04-01,48.8
"45","Kerala"," Ernakulam",2004,"April",2004-04-01,87
"46","Kerala"," Idukki",2004,"April",2004-04-01,156.3
"47","Kerala"," Kasargode",2004,"April",2004-04-01,48
"48","Kerala"," Kollam",2004,"April",2004-04-01,151.8
"49","Kerala"," Kottayam",2004,"April",2004-04-01,183.7
"50","Kerala"," Kozhikode",2004,"April",2004-04-01,84.9
"51","Kerala"," Malapuram",2004,"April",2004-04-01,126.6
"52","Kerala"," Palakked",2004,"April",2004-04-01,80.9
"53","Kerala"," Pathanamthitta",2004,"April",2004-04-01,159.6
"54","Kerala"," Thiruvananthapuram",2004,"April",2004-04-01,141.1
"55","Kerala"," Thrissur",2004,"April",2004-04-01,73.9
"56","Kerala"," Wynad",2004,"April",2004-04-01,149.1
"57","Kerala","Alapuzha",2004,"May",2004-05-01,685.1
"58","Kerala"," Cannur",2004,"May",2004-05-01,772.3
"59","Kerala"," Ernakulam",2004,"May",2004-05-01,711.6
"60","Kerala"," Idukki",2004,"May",2004-05-01,645.6
"61","Kerala"," Kasargode",2004,"May",2004-05-01,734
"62","Kerala"," Kollam",2004,"May",2004-05-01,613.8
"63","Kerala"," Kottayam",2004,"May",2004-05-01,720.5
"64","Kerala"," Kozhikode",2004,"May",2004-05-01,732.7
"65","Kerala"," Malapuram",2004,"May",2004-05-01,552.1
"66","Kerala"," Palakked",2004,"May",2004-05-01,389.4
"67","Kerala"," Pathanamthitta",2004,"May",2004-05-01,723.6
"68","Kerala"," Thiruvananthapuram",2004,"May",2004-05-01,429.7
"69","Kerala"," Thrissur",2004,"May",2004-05-01,596.1
"70","Kerala"," Wynad",2004,"May",2004-05-01,404.5
"71","Kerala","Alapuzha",2004,"June",2004-06-01,502.2
"72","Kerala"," Cannur",2004,"June",2004-06-01,1033.6
"73","Kerala"," Ernakulam",2004,"June",2004-06-01,650
"74","Kerala"," Idukki",2004,"June",2004-06-01,889.6
"75","Kerala"," Kasargode",2004,"June",2004-06-01,775.3
"76","Kerala"," Kollam",2004,"June",2004-06-01,405.9
"77","Kerala"," Kottayam",2004,"June",2004-06-01,465.8
"78","Kerala"," Kozhikode",2004,"June",2004-06-01,935
"79","Kerala"," Malapuram",2004,"June",2004-06-01,674.8
"80","Kerala"," Palakked",2004,"June",2004-06-01,590.4
"81","Kerala"," Pathanamthitta",2004,"June",2004-06-01,549.8
"82","Kerala"," Thiruvananthapuram",2004,"June",2004-06-01,298.5
"83","Kerala"," Thrissur",2004,"June",2004-06-01,752.3
"84","Kerala"," Wynad",2004,"June",2004-06-01,791.2
"85","Kerala","Alapuzha",2004,"July",2004-07-01,351.4
"86","Kerala"," Cannur",2004,"July",2004-07-01,463.1
"87","Kerala"," Ernakulam",2004,"July",2004-07-01,424.4
"88","Kerala"," Idukki",2004,"July",2004-07-01,577.8
"89","Kerala"," Kasargode",2004,"July",2004-07-01,527.2
"90","Kerala"," Kollam",2004,"July",2004-07-01,303.3
"91","Kerala"," Kottayam",2004,"July",2004-07-01,377.8
"92","Kerala"," Kozhikode",2004,"July",2004-07-01,388
"93","Kerala"," Malapuram",2004,"July",2004-07-01,331.4
"94","Kerala"," Palakked",2004,"July",2004-07-01,331.9
"95","Kerala"," Pathanamthitta",2004,"July",2004-07-01,270.6
"96","Kerala"," Thiruvananthapuram",2004,"July",2004-07-01,266.7
"97","Kerala"," Thrissur",2004,"July",2004-07-01,362.3
"98","Kerala"," Wynad",2004,"July",2004-07-01,321.7
"99","Kerala","Alapuzha",2004,"August",2004-08-01,310.8
"100","Kerala"," Cannur",2004,"August",2004-08-01,565.8
"101","Kerala"," Ernakulam",2004,"August",2004-08-01,424.6
"102","Kerala"," Idukki",2004,"August",2004-08-01,686.4
"103","Kerala"," Kasargode",2004,"August",2004-08-01,607.1
"104","Kerala"," Kollam",2004,"August",2004-08-01,207.1
"105","Kerala"," Kottayam",2004,"August",2004-08-01,301.6
"106","Kerala"," Kozhikode",2004,"August",2004-08-01,467.1
"107","Kerala"," Malapuram",2004,"August",2004-08-01,379.3
"108","Kerala"," Palakked",2004,"August",2004-08-01,401.7
"109","Kerala"," Pathanamthitta",2004,"August",2004-08-01,274.3
"110","Kerala"," Thiruvananthapuram",2004,"August",2004-08-01,108
"111","Kerala"," Thrissur",2004,"August",2004-08-01,399.8
"112","Kerala"," Wynad",2004,"August",2004-08-01,551.6
"113","Kerala","Alapuzha",2004,"September",2004-09-01,216.2
"114","Kerala"," Cannur",2004,"September",2004-09-01,129.4
"115","Kerala"," Ernakulam",2004,"September",2004-09-01,215.1
"116","Kerala"," Idukki",2004,"September",2004-09-01,344.5
"117","Kerala"," Kasargode",2004,"September",2004-09-01,97.5
"118","Kerala"," Kollam",2004,"September",2004-09-01,211.6
"119","Kerala"," Kottayam",2004,"September",2004-09-01,234.9
"120","Kerala"," Kozhikode",2004,"September",2004-09-01,279.3
"121","Kerala"," Malapuram",2004,"September",2004-09-01,153.4
"122","Kerala"," Palakked",2004,"September",2004-09-01,95.1
"123","Kerala"," Pathanamthitta",2004,"September",2004-09-01,257.5
"124","Kerala"," Thiruvananthapuram",2004,"September",2004-09-01,218.7
"125","Kerala"," Thrissur",2004,"September",2004-09-01,157.3
"126","Kerala"," Wynad",2004,"September",2004-09-01,144.6
"127","Kerala","Alapuzha",2004,"October",2004-10-01,414.5
"128","Kerala"," Cannur",2004,"October",2004-10-01,260.6
"129","Kerala"," Ernakulam",2004,"October",2004-10-01,507.2
"130","Kerala"," Idukki",2004,"October",2004-10-01,374.1
"131","Kerala"," Kasargode",2004,"October",2004-10-01,224.2
"132","Kerala"," Kollam",2004,"October",2004-10-01,281.2
"133","Kerala"," Kottayam",2004,"October",2004-10-01,408.3
"134","Kerala"," Kozhikode",2004,"October",2004-10-01,349.2
"135","Kerala"," Malapuram",2004,"October",2004-10-01,320.8
"136","Kerala"," Palakked",2004,"October",2004-10-01,217.5
"137","Kerala"," Pathanamthitta",2004,"October",2004-10-01,373.6
"138","Kerala"," Thiruvananthapuram",2004,"October",2004-10-01,225.4
"139","Kerala"," Thrissur",2004,"October",2004-10-01,450.5
"140","Kerala"," Wynad",2004,"October",2004-10-01,163.8
"141","Kerala","Alapuzha",2004,"November",2004-11-01,164.4
"142","Kerala"," Cannur",2004,"November",2004-11-01,128.1
"143","Kerala"," Ernakulam",2004,"November",2004-11-01,135.8
"144","Kerala"," Idukki",2004,"November",2004-11-01,88.7
"145","Kerala"," Kasargode",2004,"November",2004-11-01,130.8
"146","Kerala"," Kollam",2004,"November",2004-11-01,161.1
"147","Kerala"," Kottayam",2004,"November",2004-11-01,108.8
"148","Kerala"," Kozhikode",2004,"November",2004-11-01,110.1
"149","Kerala"," Malapuram",2004,"November",2004-11-01,87.4
"150","Kerala"," Palakked",2004,"November",2004-11-01,86
"151","Kerala"," Pathanamthitta",2004,"November",2004-11-01,169.2
"152","Kerala"," Thiruvananthapuram",2004,"November",2004-11-01,169
"153","Kerala"," Thrissur",2004,"November",2004-11-01,118
"154","Kerala"," Wynad",2004,"November",2004-11-01,72.7
"155","Kerala","Alapuzha",2004,"December",2004-12-01,0
"156","Kerala"," Cannur",2004,"December",2004-12-01,0
"157","Kerala"," Ernakulam",2004,"December",2004-12-01,0
"158","Kerala"," Idukki",2004,"December",2004-12-01,0.4
"159","Kerala"," Kasargode",2004,"December",2004-12-01,0
"160","Kerala"," Kollam",2004,"December",2004-12-01,4.1
"161","Kerala"," Kottayam",2004,"December",2004-12-01,1.1
"162","Kerala"," Kozhikode",2004,"December",2004-12-01,0.1
"163","Kerala"," Malapuram",2004,"December",2004-12-01,0
"164","Kerala"," Palakked",2004,"December",2004-12-01,0
"165","Kerala"," Pathanamthitta",2004,"December",2004-12-01,4
"166","Kerala"," Thiruvananthapuram",2004,"December",2004-12-01,14.8
"167","Kerala"," Thrissur",2004,"December",2004-12-01,0
"168","Kerala"," Wynad",2004,"December",2004-12-01,0
"169","Kerala","Alapuzha",2005,"January",2005-01-01,18.9
"170","Kerala"," Cannur",2005,"January",2005-01-01,9.9
"171","Kerala"," Ernakulam",2005,"January",2005-01-01,52.1
"172","Kerala"," Idukki",2005,"January",2005-01-01,23
"173","Kerala"," Kasargode",2005,"January",2005-01-01,0
"174","Kerala"," Kollam",2005,"January",2005-01-01,26.2
"175","Kerala"," Kottayam",2005,"January",2005-01-01,21.1
"176","Kerala"," Kozhikode",2005,"January",2005-01-01,16.8
"177","Kerala"," Malapuram",2005,"January",2005-01-01,17.6
"178","Kerala"," Palakked",2005,"January",2005-01-01,13.7
"179","Kerala"," Pathanamthitta",2005,"January",2005-01-01,20
"180","Kerala"," Thiruvananthapuram",2005,"January",2005-01-01,4.9
"181","Kerala"," Thrissur",2005,"January",2005-01-01,8.9
"182","Kerala"," Wynad",2005,"January",2005-01-01,56.4
"183","Kerala","Alapuzha",2005,"February",2005-02-01,11.8
"184","Kerala"," Cannur",2005,"February",2005-02-01,0
"185","Kerala"," Ernakulam",2005,"February",2005-02-01,1.2
"186","Kerala"," Idukki",2005,"February",2005-02-01,18.2
"187","Kerala"," Kasargode",2005,"February",2005-02-01,3.4
"188","Kerala"," Kollam",2005,"February",2005-02-01,17.3
"189","Kerala"," Kottayam",2005,"February",2005-02-01,8.8
"190","Kerala"," Kozhikode",2005,"February",2005-02-01,5.1
"191","Kerala"," Malapuram",2005,"February",2005-02-01,0.2
"192","Kerala"," Palakked",2005,"February",2005-02-01,8.4
"193","Kerala"," Pathanamthitta",2005,"February",2005-02-01,0.9
"194","Kerala"," Thiruvananthapuram",2005,"February",2005-02-01,9.2
"195","Kerala"," Thrissur",2005,"February",2005-02-01,3.1
"196","Kerala"," Wynad",2005,"February",2005-02-01,2.7
"197","Kerala","Alapuzha",2005,"March",2005-03-01,39.2
"198","Kerala"," Cannur",2005,"March",2005-03-01,0
"199","Kerala"," Ernakulam",2005,"March",2005-03-01,8.2
"200","Kerala"," Idukki",2005,"March",2005-03-01,76.7
"201","Kerala"," Kasargode",2005,"March",2005-03-01,0
"202","Kerala"," Kollam",2005,"March",2005-03-01,31
"203","Kerala"," Kottayam",2005,"March",2005-03-01,73.8
"204","Kerala"," Kozhikode",2005,"March",2005-03-01,0
"205","Kerala"," Malapuram",2005,"March",2005-03-01,0
"206","Kerala"," Palakked",2005,"March",2005-03-01,12.6
"207","Kerala"," Pathanamthitta",2005,"March",2005-03-01,77.3
"208","Kerala"," Thiruvananthapuram",2005,"March",2005-03-01,27.9
"209","Kerala"," Thrissur",2005,"March",2005-03-01,0.4
"210","Kerala"," Wynad",2005,"March",2005-03-01,26.7
"211","Kerala","Alapuzha",2005,"April",2005-04-01,248.9
"212","Kerala"," Cannur",2005,"April",2005-04-01,66.7
"213","Kerala"," Ernakulam",2005,"April",2005-04-01,237.2
"214","Kerala"," Idukki",2005,"April",2005-04-01,234.3
"215","Kerala"," Kasargode",2005,"April",2005-04-01,50.7
"216","Kerala"," Kollam",2005,"April",2005-04-01,264.9
"217","Kerala"," Kottayam",2005,"April",2005-04-01,273.3
"218","Kerala"," Kozhikode",2005,"April",2005-04-01,57.3
"219","Kerala"," Malapuram",2005,"April",2005-04-01,123.7
"220","Kerala"," Palakked",2005,"April",2005-04-01,223.7
"221","Kerala"," Pathanamthitta",2005,"April",2005-04-01,358.8
"222","Kerala"," Thiruvananthapuram",2005,"April",2005-04-01,354.9
"223","Kerala"," Thrissur",2005,"April",2005-04-01,182.3
"224","Kerala"," Wynad",2005,"April",2005-04-01,167.8
"225","Kerala","Alapuzha",2005,"May",2005-05-01,177.4
"226","Kerala"," Cannur",2005,"May",2005-05-01,20.4
"227","Kerala"," Ernakulam",2005,"May",2005-05-01,121.9
"228","Kerala"," Idukki",2005,"May",2005-05-01,243.9
"229","Kerala"," Kasargode",2005,"May",2005-05-01,47.4
"230","Kerala"," Kollam",2005,"May",2005-05-01,213.4
"231","Kerala"," Kottayam",2005,"May",2005-05-01,175.2
"232","Kerala"," Kozhikode",2005,"May",2005-05-01,47.5
"233","Kerala"," Malapuram",2005,"May",2005-05-01,96.5
"234","Kerala"," Palakked",2005,"May",2005-05-01,82.8
"235","Kerala"," Pathanamthitta",2005,"May",2005-05-01,278.5
"236","Kerala"," Thiruvananthapuram",2005,"May",2005-05-01,204
"237","Kerala"," Thrissur",2005,"May",2005-05-01,84.4
"238","Kerala"," Wynad",2005,"May",2005-05-01,103.9
"239","Kerala","Alapuzha",2005,"June",2005-06-01,552.1
"240","Kerala"," Cannur",2005,"June",2005-06-01,733.1
"241","Kerala"," Ernakulam",2005,"June",2005-06-01,840.5
"242","Kerala"," Idukki",2005,"June",2005-06-01,787
"243","Kerala"," Kasargode",2005,"June",2005-06-01,950.4
"244","Kerala"," Kollam",2005,"June",2005-06-01,391.5
"245","Kerala"," Kottayam",2005,"June",2005-06-01,662.6
"246","Kerala"," Kozhikode",2005,"June",2005-06-01,603.4
"247","Kerala"," Malapuram",2005,"June",2005-06-01,580.1
"248","Kerala"," Palakked",2005,"June",2005-06-01,515.6
"249","Kerala"," Pathanamthitta",2005,"June",2005-06-01,651.8
"250","Kerala"," Thiruvananthapuram",2005,"June",2005-06-01,265.1
"251","Kerala"," Thrissur",2005,"June",2005-06-01,748.2
"252","Kerala"," Wynad",2005,"June",2005-06-01,507.3
"253","Kerala","Alapuzha",2005,"July",2005-07-01,521.7
"254","Kerala"," Cannur",2005,"July",2005-07-01,850.2
"255","Kerala"," Ernakulam",2005,"July",2005-07-01,820.2
"256","Kerala"," Idukki",2005,"July",2005-07-01,1986
"257","Kerala"," Kasargode",2005,"July",2005-07-01,634
"258","Kerala"," Kollam",2005,"July",2005-07-01,463.6
"259","Kerala"," Kottayam",2005,"July",2005-07-01,672.9
"260","Kerala"," Kozhikode",2005,"July",2005-07-01,681
"261","Kerala"," Malapuram",2005,"July",2005-07-01,732.8
"262","Kerala"," Palakked",2005,"July",2005-07-01,811.7
"263","Kerala"," Pathanamthitta",2005,"July",2005-07-01,670.2
"264","Kerala"," Thiruvananthapuram",2005,"July",2005-07-01,266.7
"265","Kerala"," Thrissur",2005,"July",2005-07-01,759
"266","Kerala"," Wynad",2005,"July",2005-07-01,1178.4
"267","Kerala","Alapuzha",2005,"August",2005-08-01,114.2
"268","Kerala"," Cannur",2005,"August",2005-08-01,267
"269","Kerala"," Ernakulam",2005,"August",2005-08-01,355.3
"270","Kerala"," Idukki",2005,"August",2005-08-01,636
"271","Kerala"," Kasargode",2005,"August",2005-08-01,306.8
"272","Kerala"," Kollam",2005,"August",2005-08-01,104.3
"273","Kerala"," Kottayam",2005,"August",2005-08-01,277.6
"274","Kerala"," Kozhikode",2005,"August",2005-08-01,234.8
"275","Kerala"," Malapuram",2005,"August",2005-08-01,251.8
"276","Kerala"," Palakked",2005,"August",2005-08-01,284.2
"277","Kerala"," Pathanamthitta",2005,"August",2005-08-01,154.9
"278","Kerala"," Thiruvananthapuram",2005,"August",2005-08-01,50.5
"279","Kerala"," Thrissur",2005,"August",2005-08-01,343
"280","Kerala"," Wynad",2005,"August",2005-08-01,450.9
"281","Kerala","Alapuzha",2005,"September",2005-09-01,344.1
"282","Kerala"," Cannur",2005,"September",2005-09-01,290.3
"283","Kerala"," Ernakulam",2005,"September",2005-09-01,472.8
"284","Kerala"," Idukki",2005,"September",2005-09-01,968.5
"285","Kerala"," Kasargode",2005,"September",2005-09-01,326.3
"286","Kerala"," Kollam",2005,"September",2005-09-01,184.4
"287","Kerala"," Kottayam",2005,"September",2005-09-01,460.8
"288","Kerala"," Kozhikode",2005,"September",2005-09-01,307.6
"289","Kerala"," Malapuram",2005,"September",2005-09-01,369.4
"290","Kerala"," Palakked",2005,"September",2005-09-01,360.2
"291","Kerala"," Pathanamthitta",2005,"September",2005-09-01,421.3
"292","Kerala"," Thiruvananthapuram",2005,"September",2005-09-01,184.5
"293","Kerala"," Thrissur",2005,"September",2005-09-01,462.9
"294","Kerala"," Wynad",2005,"September",2005-09-01,348.9
"295","Kerala","Alapuzha",2005,"October",2005-10-01,276.8
"296","Kerala"," Cannur",2005,"October",2005-10-01,178.8
"297","Kerala"," Ernakulam",2005,"October",2005-10-01,279
"298","Kerala"," Idukki",2005,"October",2005-10-01,369.4
"299","Kerala"," Kasargode",2005,"October",2005-10-01,133.9
"300","Kerala"," Kollam",2005,"October",2005-10-01,240
"301","Kerala"," Kottayam",2005,"October",2005-10-01,390
"302","Kerala"," Kozhikode",2005,"October",2005-10-01,221.3
"303","Kerala"," Malapuram",2005,"October",2005-10-01,278.2
"304","Kerala"," Palakked",2005,"October",2005-10-01,170.8
"305","Kerala"," Pathanamthitta",2005,"October",2005-10-01,219.9
"306","Kerala"," Thiruvananthapuram",2005,"October",2005-10-01,269.5
"307","Kerala"," Thrissur",2005,"October",2005-10-01,170.5
"308","Kerala"," Wynad",2005,"October",2005-10-01,288.1
"309","Kerala","Alapuzha",2005,"November",2005-11-01,197.3
"310","Kerala"," Cannur",2005,"November",2005-11-01,213.3
"311","Kerala"," Ernakulam",2005,"November",2005-11-01,193.1
"312","Kerala"," Idukki",2005,"November",2005-11-01,250.1
"313","Kerala"," Kasargode",2005,"November",2005-11-01,58
"314","Kerala"," Kollam",2005,"November",2005-11-01,298.8
"315","Kerala"," Kottayam",2005,"November",2005-11-01,297.3
"316","Kerala"," Kozhikode",2005,"November",2005-11-01,161.9
"317","Kerala"," Malapuram",2005,"November",2005-11-01,166.3
"318","Kerala"," Palakked",2005,"November",2005-11-01,107.4
"319","Kerala"," Pathanamthitta",2005,"November",2005-11-01,404.7
"320","Kerala"," Thiruvananthapuram",2005,"November",2005-11-01,328.8
"321","Kerala"," Thrissur",2005,"November",2005-11-01,91.3
"322","Kerala"," Wynad",2005,"November",2005-11-01,72.3
"323","Kerala","Alapuzha",2005,"December",2005-12-01,96.4
"324","Kerala"," Cannur",2005,"December",2005-12-01,13
"325","Kerala"," Ernakulam",2005,"December",2005-12-01,20.4
"326","Kerala"," Idukki",2005,"December",2005-12-01,113.9
"327","Kerala"," Kasargode",2005,"December",2005-12-01,10.2
"328","Kerala"," Kollam",2005,"December",2005-12-01,192.7
"329","Kerala"," Kottayam",2005,"December",2005-12-01,72.1
"330","Kerala"," Kozhikode",2005,"December",2005-12-01,10.4
"331","Kerala"," Malapuram",2005,"December",2005-12-01,15.4
"332","Kerala"," Palakked",2005,"December",2005-12-01,56.8
"333","Kerala"," Pathanamthitta",2005,"December",2005-12-01,90.9
"334","Kerala"," Thiruvananthapuram",2005,"December",2005-12-01,166.8
"335","Kerala"," Thrissur",2005,"December",2005-12-01,3
"336","Kerala"," Wynad",2005,"December",2005-12-01,8.4
"337","Kerala","Alapuzha",2006,"January",2006-01-01,11.7
"338","Kerala"," Cannur",2006,"January",2006-01-01,0
"339","Kerala"," Ernakulam",2006,"January",2006-01-01,12.7
"340","Kerala"," Idukki",2006,"January",2006-01-01,10.3
"341","Kerala"," Kasargode",2006,"January",2006-01-01,0
"342","Kerala"," Kollam",2006,"January",2006-01-01,29.6
"343","Kerala"," Kottayam",2006,"January",2006-01-01,15.1
"344","Kerala"," Kozhikode",2006,"January",2006-01-01,6
"345","Kerala"," Malapuram",2006,"January",2006-01-01,0
"346","Kerala"," Palakked",2006,"January",2006-01-01,4.7
"347","Kerala"," Pathanamthitta",2006,"January",2006-01-01,16.3
"348","Kerala"," Thiruvananthapuram",2006,"January",2006-01-01,18.9
"349","Kerala"," Thrissur",2006,"January",2006-01-01,0.8
"350","Kerala"," Wynad",2006,"January",2006-01-01,10
"351","Kerala","Alapuzha",2006,"February",2006-02-01,0
"352","Kerala"," Cannur",2006,"February",2006-02-01,0
"353","Kerala"," Ernakulam",2006,"February",2006-02-01,0
"354","Kerala"," Idukki",2006,"February",2006-02-01,0
"355","Kerala"," Kasargode",2006,"February",2006-02-01,0
"356","Kerala"," Kollam",2006,"February",2006-02-01,9.4
"357","Kerala"," Kottayam",2006,"February",2006-02-01,0
"358","Kerala"," Kozhikode",2006,"February",2006-02-01,0
"359","Kerala"," Malapuram",2006,"February",2006-02-01,0
"360","Kerala"," Palakked",2006,"February",2006-02-01,0
"361","Kerala"," Pathanamthitta",2006,"February",2006-02-01,0
"362","Kerala"," Thiruvananthapuram",2006,"February",2006-02-01,0
"363","Kerala"," Thrissur",2006,"February",2006-02-01,0
"364","Kerala"," Wynad",2006,"February",2006-02-01,0
"365","Kerala","Alapuzha",2006,"March",2006-03-01,58.4
"366","Kerala"," Cannur",2006,"March",2006-03-01,16.2
"367","Kerala"," Ernakulam",2006,"March",2006-03-01,62
"368","Kerala"," Idukki",2006,"March",2006-03-01,138.3
"369","Kerala"," Kasargode",2006,"March",2006-03-01,0
"370","Kerala"," Kollam",2006,"March",2006-03-01,148.8
"371","Kerala"," Kottayam",2006,"March",2006-03-01,114.7
"372","Kerala"," Kozhikode",2006,"March",2006-03-01,12.1
"373","Kerala"," Malapuram",2006,"March",2006-03-01,75.1
"374","Kerala"," Palakked",2006,"March",2006-03-01,82.6
"375","Kerala"," Pathanamthitta",2006,"March",2006-03-01,148.3
"376","Kerala"," Thiruvananthapuram",2006,"March",2006-03-01,73.7
"377","Kerala"," Thrissur",2006,"March",2006-03-01,45.9
"378","Kerala"," Wynad",2006,"March",2006-03-01,67.4
"379","Kerala","Alapuzha",2006,"April",2006-04-01,73.6
"380","Kerala"," Cannur",2006,"April",2006-04-01,4.5
"381","Kerala"," Ernakulam",2006,"April",2006-04-01,42.9
"382","Kerala"," Idukki",2006,"April",2006-04-01,135.2
"383","Kerala"," Kasargode",2006,"April",2006-04-01,1
"384","Kerala"," Kollam",2006,"April",2006-04-01,96.2
"385","Kerala"," Kottayam",2006,"April",2006-04-01,200.5
"386","Kerala"," Kozhikode",2006,"April",2006-04-01,10.3
"387","Kerala"," Malapuram",2006,"April",2006-04-01,22
"388","Kerala"," Palakked",2006,"April",2006-04-01,64.9
"389","Kerala"," Pathanamthitta",2006,"April",2006-04-01,135.6
"390","Kerala"," Thiruvananthapuram",2006,"April",2006-04-01,81.4
"391","Kerala"," Thrissur",2006,"April",2006-04-01,60.6
"392","Kerala"," Wynad",2006,"April",2006-04-01,64
"393","Kerala","Alapuzha",2006,"May",2006-05-01,495.3
"394","Kerala"," Cannur",2006,"May",2006-05-01,567.7
"395","Kerala"," Ernakulam",2006,"May",2006-05-01,622.5
"396","Kerala"," Idukki",2006,"May",2006-05-01,651.1
"397","Kerala"," Kasargode",2006,"May",2006-05-01,659
"398","Kerala"," Kollam",2006,"May",2006-05-01,367.8
"399","Kerala"," Kottayam",2006,"May",2006-05-01,553.4
"400","Kerala"," Kozhikode",2006,"May",2006-05-01,608.5
"401","Kerala"," Malapuram",2006,"May",2006-05-01,541.7
"402","Kerala"," Palakked",2006,"May",2006-05-01,391.7
"403","Kerala"," Pathanamthitta",2006,"May",2006-05-01,488.7
"404","Kerala"," Thiruvananthapuram",2006,"May",2006-05-01,289.7
"405","Kerala"," Thrissur",2006,"May",2006-05-01,617.5
"406","Kerala"," Wynad",2006,"May",2006-05-01,361.5
"407","Kerala","Alapuzha",2006,"June",2006-06-01,481.5
"408","Kerala"," Cannur",2006,"June",2006-06-01,735.4
"409","Kerala"," Ernakulam",2006,"June",2006-06-01,654
"410","Kerala"," Idukki",2006,"June",2006-06-01,585.9
"411","Kerala"," Kasargode",2006,"June",2006-06-01,869
"412","Kerala"," Kollam",2006,"June",2006-06-01,306.5
"413","Kerala"," Kottayam",2006,"June",2006-06-01,525.1
"414","Kerala"," Kozhikode",2006,"June",2006-06-01,937
"415","Kerala"," Malapuram",2006,"June",2006-06-01,665.9
"416","Kerala"," Palakked",2006,"June",2006-06-01,501.7
"417","Kerala"," Pathanamthitta",2006,"June",2006-06-01,452
"418","Kerala"," Thiruvananthapuram",2006,"June",2006-06-01,239.1
"419","Kerala"," Thrissur",2006,"June",2006-06-01,644
"420","Kerala"," Wynad",2006,"June",2006-06-01,443.2
"421","Kerala","Alapuzha",2006,"July",2006-07-01,442.6
"422","Kerala"," Cannur",2006,"July",2006-07-01,674.7
"423","Kerala"," Ernakulam",2006,"July",2006-07-01,583.9
"424","Kerala"," Idukki",2006,"July",2006-07-01,856.5
"425","Kerala"," Kasargode",2006,"July",2006-07-01,624.1
"426","Kerala"," Kollam",2006,"July",2006-07-01,377.3
"427","Kerala"," Kottayam",2006,"July",2006-07-01,605.1
"428","Kerala"," Kozhikode",2006,"July",2006-07-01,629.5
"429","Kerala"," Malapuram",2006,"July",2006-07-01,546.3
"430","Kerala"," Palakked",2006,"July",2006-07-01,457.7
"431","Kerala"," Pathanamthitta",2006,"July",2006-07-01,476
"432","Kerala"," Thiruvananthapuram",2006,"July",2006-07-01,190.2
"433","Kerala"," Thrissur",2006,"July",2006-07-01,553.6
"434","Kerala"," Wynad",2006,"July",2006-07-01,691.2
"435","Kerala","Alapuzha",2006,"August",2006-08-01,332.4
"436","Kerala"," Cannur",2006,"August",2006-08-01,491.2
"437","Kerala"," Ernakulam",2006,"August",2006-08-01,498.4
"438","Kerala"," Idukki",2006,"August",2006-08-01,467.2
"439","Kerala"," Kasargode",2006,"August",2006-08-01,428
"440","Kerala"," Kollam",2006,"August",2006-08-01,254.3
"441","Kerala"," Kottayam",2006,"August",2006-08-01,407.8
"442","Kerala"," Kozhikode",2006,"August",2006-08-01,506.8
"443","Kerala"," Malapuram",2006,"August",2006-08-01,407.9
"444","Kerala"," Palakked",2006,"August",2006-08-01,348.4
"445","Kerala"," Pathanamthitta",2006,"August",2006-08-01,271.3
"446","Kerala"," Thiruvananthapuram",2006,"August",2006-08-01,122.6
"447","Kerala"," Thrissur",2006,"August",2006-08-01,516.6
"448","Kerala"," Wynad",2006,"August",2006-08-01,382.4
"449","Kerala","Alapuzha",2006,"September",2006-09-01,400.2
"450","Kerala"," Cannur",2006,"September",2006-09-01,569.9
"451","Kerala"," Ernakulam",2006,"September",2006-09-01,505.6
"452","Kerala"," Idukki",2006,"September",2006-09-01,504.8
"453","Kerala"," Kasargode",2006,"September",2006-09-01,533.5
"454","Kerala"," Kollam",2006,"September",2006-09-01,382.9
"455","Kerala"," Kottayam",2006,"September",2006-09-01,453.3
"456","Kerala"," Kozhikode",2006,"September",2006-09-01,555.4
"457","Kerala"," Malapuram",2006,"September",2006-09-01,617
"458","Kerala"," Palakked",2006,"September",2006-09-01,414.2
"459","Kerala"," Pathanamthitta",2006,"September",2006-09-01,320.9
"460","Kerala"," Thiruvananthapuram",2006,"September",2006-09-01,473.9
"461","Kerala"," Thrissur",2006,"September",2006-09-01,588.9
"462","Kerala"," Wynad",2006,"September",2006-09-01,314.6
"463","Kerala","Alapuzha",2006,"October",2006-10-01,450.8
"464","Kerala"," Cannur",2006,"October",2006-10-01,266.8
"465","Kerala"," Ernakulam",2006,"October",2006-10-01,478.4
"466","Kerala"," Idukki",2006,"October",2006-10-01,435
"467","Kerala"," Kasargode",2006,"October",2006-10-01,220.2
"468","Kerala"," Kollam",2006,"October",2006-10-01,575.1
"469","Kerala"," Kottayam",2006,"October",2006-10-01,509.8
"470","Kerala"," Kozhikode",2006,"October",2006-10-01,295.6
"471","Kerala"," Malapuram",2006,"October",2006-10-01,332.9
"472","Kerala"," Palakked",2006,"October",2006-10-01,244.8
"473","Kerala"," Pathanamthitta",2006,"October",2006-10-01,480.4
"474","Kerala"," Thiruvananthapuram",2006,"October",2006-10-01,521.4
"475","Kerala"," Thrissur",2006,"October",2006-10-01,371.6
"476","Kerala"," Wynad",2006,"October",2006-10-01,133
"477","Kerala","Alapuzha",2006,"November",2006-11-01,268.1
"478","Kerala"," Cannur",2006,"November",2006-11-01,97.6
"479","Kerala"," Ernakulam",2006,"November",2006-11-01,394.5
"480","Kerala"," Idukki",2006,"November",2006-11-01,230.5
"481","Kerala"," Kasargode",2006,"November",2006-11-01,109.8
"482","Kerala"," Kollam",2006,"November",2006-11-01,306.2
"483","Kerala"," Kottayam",2006,"November",2006-11-01,367.8
"484","Kerala"," Kozhikode",2006,"November",2006-11-01,97.4
"485","Kerala"," Malapuram",2006,"November",2006-11-01,198.9
"486","Kerala"," Palakked",2006,"November",2006-11-01,148
"487","Kerala"," Pathanamthitta",2006,"November",2006-11-01,253.7
"488","Kerala"," Thiruvananthapuram",2006,"November",2006-11-01,296.7
"489","Kerala"," Thrissur",2006,"November",2006-11-01,176.5
"490","Kerala"," Wynad",2006,"November",2006-11-01,118.9
"491","Kerala","Alapuzha",2006,"December",2006-12-01,6
"492","Kerala"," Cannur",2006,"December",2006-12-01,2.3
"493","Kerala"," Ernakulam",2006,"December",2006-12-01,3.1
"494","Kerala"," Idukki",2006,"December",2006-12-01,0
"495","Kerala"," Kasargode",2006,"December",2006-12-01,0
"496","Kerala"," Kollam",2006,"December",2006-12-01,5.2
"497","Kerala"," Kottayam",2006,"December",2006-12-01,2.6
"498","Kerala"," Kozhikode",2006,"December",2006-12-01,0
"499","Kerala"," Malapuram",2006,"December",2006-12-01,0
"500","Kerala"," Palakked",2006,"December",2006-12-01,0
"501","Kerala"," Pathanamthitta",2006,"December",2006-12-01,0
"502","Kerala"," Thiruvananthapuram",2006,"December",2006-12-01,13.9
"503","Kerala"," Thrissur",2006,"December",2006-12-01,0.7
"504","Kerala"," Wynad",2006,"December",2006-12-01,0
"505","Kerala","Alapuzha",2007,"January",2007-01-01,0
"506","Kerala"," Cannur",2007,"January",2007-01-01,0.1
"507","Kerala"," Ernakulam",2007,"January",2007-01-01,1.9
"508","Kerala"," Idukki",2007,"January",2007-01-01,1
"509","Kerala"," Kasargode",2007,"January",2007-01-01,0
"510","Kerala"," Kollam",2007,"January",2007-01-01,0
"511","Kerala"," Kottayam",2007,"January",2007-01-01,0
"512","Kerala"," Kozhikode",2007,"January",2007-01-01,0
"513","Kerala"," Malapuram",2007,"January",2007-01-01,0.1
"514","Kerala"," Palakked",2007,"January",2007-01-01,1.2
"515","Kerala"," Pathanamthitta",2007,"January",2007-01-01,0
"516","Kerala"," Thiruvananthapuram",2007,"January",2007-01-01,0.3
"517","Kerala"," Thrissur",2007,"January",2007-01-01,0
"518","Kerala"," Wynad",2007,"January",2007-01-01,0.3
"519","Kerala","Alapuzha",2007,"February",2007-02-01,30.5
"520","Kerala"," Cannur",2007,"February",2007-02-01,0.2
"521","Kerala"," Ernakulam",2007,"February",2007-02-01,1.4
"522","Kerala"," Idukki",2007,"February",2007-02-01,8.3
"523","Kerala"," Kasargode",2007,"February",2007-02-01,0
"524","Kerala"," Kollam",2007,"February",2007-02-01,11.7
"525","Kerala"," Kottayam",2007,"February",2007-02-01,24
"526","Kerala"," Kozhikode",2007,"February",2007-02-01,0.1
"527","Kerala"," Malapuram",2007,"February",2007-02-01,0
"528","Kerala"," Palakked",2007,"February",2007-02-01,0.2
"529","Kerala"," Pathanamthitta",2007,"February",2007-02-01,10
"530","Kerala"," Thiruvananthapuram",2007,"February",2007-02-01,1.7
"531","Kerala"," Thrissur",2007,"February",2007-02-01,0
"532","Kerala"," Wynad",2007,"February",2007-02-01,9.5
"533","Kerala","Alapuzha",2007,"March",2007-03-01,2.2
"534","Kerala"," Cannur",2007,"March",2007-03-01,0
"535","Kerala"," Ernakulam",2007,"March",2007-03-01,9.2
"536","Kerala"," Idukki",2007,"March",2007-03-01,9.6
"537","Kerala"," Kasargode",2007,"March",2007-03-01,0
"538","Kerala"," Kollam",2007,"March",2007-03-01,39.7
"539","Kerala"," Kottayam",2007,"March",2007-03-01,6
"540","Kerala"," Kozhikode",2007,"March",2007-03-01,4.1
"541","Kerala"," Malapuram",2007,"March",2007-03-01,9.5
"542","Kerala"," Palakked",2007,"March",2007-03-01,0
"543","Kerala"," Pathanamthitta",2007,"March",2007-03-01,24.5
"544","Kerala"," Thiruvananthapuram",2007,"March",2007-03-01,3.7
"545","Kerala"," Thrissur",2007,"March",2007-03-01,0
"546","Kerala"," Wynad",2007,"March",2007-03-01,1.3
"547","Kerala","Alapuzha",2007,"April",2007-04-01,139.7
"548","Kerala"," Cannur",2007,"April",2007-04-01,45.4
"549","Kerala"," Ernakulam",2007,"April",2007-04-01,146.5
"550","Kerala"," Idukki",2007,"April",2007-04-01,207.6
"551","Kerala"," Kasargode",2007,"April",2007-04-01,11.8
"552","Kerala"," Kollam",2007,"April",2007-04-01,194.2
"553","Kerala"," Kottayam",2007,"April",2007-04-01,245.4
"554","Kerala"," Kozhikode",2007,"April",2007-04-01,137.5
"555","Kerala"," Malapuram",2007,"April",2007-04-01,69.5
"556","Kerala"," Palakked",2007,"April",2007-04-01,103.9
"557","Kerala"," Pathanamthitta",2007,"April",2007-04-01,261.6
"558","Kerala"," Thiruvananthapuram",2007,"April",2007-04-01,213.3
"559","Kerala"," Thrissur",2007,"April",2007-04-01,100.1
"560","Kerala"," Wynad",2007,"April",2007-04-01,134.4
"561","Kerala","Alapuzha",2007,"May",2007-05-01,284.2
"562","Kerala"," Cannur",2007,"May",2007-05-01,213.7
"563","Kerala"," Ernakulam",2007,"May",2007-05-01,193.5
"564","Kerala"," Idukki",2007,"May",2007-05-01,179.8
"565","Kerala"," Kasargode",2007,"May",2007-05-01,199.3
"566","Kerala"," Kollam",2007,"May",2007-05-01,161.3
"567","Kerala"," Kottayam",2007,"May",2007-05-01,250
"568","Kerala"," Kozhikode",2007,"May",2007-05-01,424.8
"569","Kerala"," Malapuram",2007,"May",2007-05-01,192.1
"570","Kerala"," Palakked",2007,"May",2007-05-01,158.9
"571","Kerala"," Pathanamthitta",2007,"May",2007-05-01,156.8
"572","Kerala"," Thiruvananthapuram",2007,"May",2007-05-01,167.2
"573","Kerala"," Thrissur",2007,"May",2007-05-01,240.8
"574","Kerala"," Wynad",2007,"May",2007-05-01,113.8
"575","Kerala","Alapuzha",2007,"June",2007-06-01,597.3
"576","Kerala"," Cannur",2007,"June",2007-06-01,949.8
"577","Kerala"," Ernakulam",2007,"June",2007-06-01,815
"578","Kerala"," Idukki",2007,"June",2007-06-01,896.6
"579","Kerala"," Kasargode",2007,"June",2007-06-01,1268.3
"580","Kerala"," Kollam",2007,"June",2007-06-01,499
"581","Kerala"," Kottayam",2007,"June",2007-06-01,637.2
"582","Kerala"," Kozhikode",2007,"June",2007-06-01,952.7
"583","Kerala"," Malapuram",2007,"June",2007-06-01,695.1
"584","Kerala"," Palakked",2007,"June",2007-06-01,625.4
"585","Kerala"," Pathanamthitta",2007,"June",2007-06-01,632.8
"586","Kerala"," Thiruvananthapuram",2007,"June",2007-06-01,348.7
"587","Kerala"," Thrissur",2007,"June",2007-06-01,783.2
"588","Kerala"," Wynad",2007,"June",2007-06-01,501.1
"589","Kerala","Alapuzha",2007,"July",2007-07-01,780.2
"590","Kerala"," Cannur",2007,"July",2007-07-01,1115.9
"591","Kerala"," Ernakulam",2007,"July",2007-07-01,1132.8
"592","Kerala"," Idukki",2007,"July",2007-07-01,1234.1
"593","Kerala"," Kasargode",2007,"July",2007-07-01,735.5
"594","Kerala"," Kollam",2007,"July",2007-07-01,574.1
"595","Kerala"," Kottayam",2007,"July",2007-07-01,921.1
"596","Kerala"," Kozhikode",2007,"July",2007-07-01,1212.4
"597","Kerala"," Malapuram",2007,"July",2007-07-01,1223.8
"598","Kerala"," Palakked",2007,"July",2007-07-01,1032.6
"599","Kerala"," Pathanamthitta",2007,"July",2007-07-01,755.2
"600","Kerala"," Thiruvananthapuram",2007,"July",2007-07-01,306.6
"601","Kerala"," Thrissur",2007,"July",2007-07-01,1170.2
"602","Kerala"," Wynad",2007,"July",2007-07-01,1147.2
"603","Kerala","Alapuzha",2007,"August",2007-08-01,368.3
"604","Kerala"," Cannur",2007,"August",2007-08-01,783.8
"605","Kerala"," Ernakulam",2007,"August",2007-08-01,480.1
"606","Kerala"," Idukki",2007,"August",2007-08-01,616.6
"607","Kerala"," Kasargode",2007,"August",2007-08-01,787.2
"608","Kerala"," Kollam",2007,"August",2007-08-01,263.1
"609","Kerala"," Kottayam",2007,"August",2007-08-01,326.4
"610","Kerala"," Kozhikode",2007,"August",2007-08-01,723.1
"611","Kerala"," Malapuram",2007,"August",2007-08-01,436.3
"612","Kerala"," Palakked",2007,"August",2007-08-01,478
"613","Kerala"," Pathanamthitta",2007,"August",2007-08-01,325.6
"614","Kerala"," Thiruvananthapuram",2007,"August",2007-08-01,177.2
"615","Kerala"," Thrissur",2007,"August",2007-08-01,533.3
"616","Kerala"," Wynad",2007,"August",2007-08-01,590.7
"617","Kerala","Alapuzha",2007,"September",2007-09-01,417.6
"618","Kerala"," Cannur",2007,"September",2007-09-01,595.6
"619","Kerala"," Ernakulam",2007,"September",2007-09-01,667.3
"620","Kerala"," Idukki",2007,"September",2007-09-01,696
"621","Kerala"," Kasargode",2007,"September",2007-09-01,631.4
"622","Kerala"," Kollam",2007,"September",2007-09-01,408.1
"623","Kerala"," Kottayam",2007,"September",2007-09-01,521.6
"624","Kerala"," Kozhikode",2007,"September",2007-09-01,699.1
"625","Kerala"," Malapuram",2007,"September",2007-09-01,560.7
"626","Kerala"," Palakked",2007,"September",2007-09-01,507.3
"627","Kerala"," Pathanamthitta",2007,"September",2007-09-01,444.1
"628","Kerala"," Thiruvananthapuram",2007,"September",2007-09-01,279.1
"629","Kerala"," Thrissur",2007,"September",2007-09-01,660.3
"630","Kerala"," Wynad",2007,"September",2007-09-01,385
"631","Kerala","Alapuzha",2007,"October",2007-10-01,306.8
"632","Kerala"," Cannur",2007,"October",2007-10-01,315.1
"633","Kerala"," Ernakulam",2007,"October",2007-10-01,522.1
"634","Kerala"," Idukki",2007,"October",2007-10-01,465.7
"635","Kerala"," Kasargode",2007,"October",2007-10-01,169
"636","Kerala"," Kollam",2007,"October",2007-10-01,445
"637","Kerala"," Kottayam",2007,"October",2007-10-01,378.9
"638","Kerala"," Kozhikode",2007,"October",2007-10-01,438.8
"639","Kerala"," Malapuram",2007,"October",2007-10-01,279.6
"640","Kerala"," Palakked",2007,"October",2007-10-01,310.3
"641","Kerala"," Pathanamthitta",2007,"October",2007-10-01,456.2
"642","Kerala"," Thiruvananthapuram",2007,"October",2007-10-01,327.8
"643","Kerala"," Thrissur",2007,"October",2007-10-01,413.3
"644","Kerala"," Wynad",2007,"October",2007-10-01,172.9
"645","Kerala","Alapuzha",2007,"November",2007-11-01,173.4
"646","Kerala"," Cannur",2007,"November",2007-11-01,72.3
"647","Kerala"," Ernakulam",2007,"November",2007-11-01,66.1
"648","Kerala"," Idukki",2007,"November",2007-11-01,92.1
"649","Kerala"," Kasargode",2007,"November",2007-11-01,53.5
"650","Kerala"," Kollam",2007,"November",2007-11-01,128.8
"651","Kerala"," Kottayam",2007,"November",2007-11-01,147.9
"652","Kerala"," Kozhikode",2007,"November",2007-11-01,108.8
"653","Kerala"," Malapuram",2007,"November",2007-11-01,74.5
"654","Kerala"," Palakked",2007,"November",2007-11-01,32.6
"655","Kerala"," Pathanamthitta",2007,"November",2007-11-01,176.5
"656","Kerala"," Thiruvananthapuram",2007,"November",2007-11-01,213.8
"657","Kerala"," Thrissur",2007,"November",2007-11-01,48.6
"658","Kerala"," Wynad",2007,"November",2007-11-01,29.1
"659","Kerala","Alapuzha",2007,"December",2007-12-01,6.4
"660","Kerala"," Cannur",2007,"December",2007-12-01,0.2
"661","Kerala"," Ernakulam",2007,"December",2007-12-01,9.8
"662","Kerala"," Idukki",2007,"December",2007-12-01,45.8
"663","Kerala"," Kasargode",2007,"December",2007-12-01,0
"664","Kerala"," Kollam",2007,"December",2007-12-01,26
"665","Kerala"," Kottayam",2007,"December",2007-12-01,9.5
"666","Kerala"," Kozhikode",2007,"December",2007-12-01,0
"667","Kerala"," Malapuram",2007,"December",2007-12-01,2.5
"668","Kerala"," Palakked",2007,"December",2007-12-01,19.2
"669","Kerala"," Pathanamthitta",2007,"December",2007-12-01,8.1
"670","Kerala"," Thiruvananthapuram",2007,"December",2007-12-01,11.7
"671","Kerala"," Thrissur",2007,"December",2007-12-01,4.5
"672","Kerala"," Wynad",2007,"December",2007-12-01,7.5
"673","Kerala","Alapuzha",2008,"January",2008-01-01,0
"674","Kerala"," Cannur",2008,"January",2008-01-01,0
"675","Kerala"," Ernakulam",2008,"January",2008-01-01,3
"676","Kerala"," Idukki",2008,"January",2008-01-01,5
"677","Kerala"," Kasargode",2008,"January",2008-01-01,0
"678","Kerala"," Kollam",2008,"January",2008-01-01,0
"679","Kerala"," Kottayam",2008,"January",2008-01-01,0
"680","Kerala"," Kozhikode",2008,"January",2008-01-01,0
"681","Kerala"," Malapuram",2008,"January",2008-01-01,0
"682","Kerala"," Palakked",2008,"January",2008-01-01,0
"683","Kerala"," Pathanamthitta",2008,"January",2008-01-01,0
"684","Kerala"," Thiruvananthapuram",2008,"January",2008-01-01,0
"685","Kerala"," Thrissur",2008,"January",2008-01-01,0
"686","Kerala"," Wynad",2008,"January",2008-01-01,0
"687","Kerala","Alapuzha",2008,"February",2008-02-01,88.2
"688","Kerala"," Cannur",2008,"February",2008-02-01,0.6
"689","Kerala"," Ernakulam",2008,"February",2008-02-01,30.8
"690","Kerala"," Idukki",2008,"February",2008-02-01,44.9
"691","Kerala"," Kasargode",2008,"February",2008-02-01,2.6
"692","Kerala"," Kollam",2008,"February",2008-02-01,41
"693","Kerala"," Kottayam",2008,"February",2008-02-01,49.4
"694","Kerala"," Kozhikode",2008,"February",2008-02-01,1.8
"695","Kerala"," Malapuram",2008,"February",2008-02-01,17.6
"696","Kerala"," Palakked",2008,"February",2008-02-01,26.6
"697","Kerala"," Pathanamthitta",2008,"February",2008-02-01,65.3
"698","Kerala"," Thiruvananthapuram",2008,"February",2008-02-01,24.6
"699","Kerala"," Thrissur",2008,"February",2008-02-01,21
"700","Kerala"," Wynad",2008,"February",2008-02-01,19.2
"701","Kerala","Alapuzha",2008,"March",2008-03-01,175.5
"702","Kerala"," Cannur",2008,"March",2008-03-01,250.2
"703","Kerala"," Ernakulam",2008,"March",2008-03-01,319.6
"704","Kerala"," Idukki",2008,"March",2008-03-01,166.5
"705","Kerala"," Kasargode",2008,"March",2008-03-01,295
"706","Kerala"," Kollam",2008,"March",2008-03-01,224.9
"707","Kerala"," Kottayam",2008,"March",2008-03-01,253.7
"708","Kerala"," Kozhikode",2008,"March",2008-03-01,267.8
"709","Kerala"," Malapuram",2008,"March",2008-03-01,207.2
"710","Kerala"," Palakked",2008,"March",2008-03-01,153.9
"711","Kerala"," Pathanamthitta",2008,"March",2008-03-01,157.7
"712","Kerala"," Thiruvananthapuram",2008,"March",2008-03-01,276
"713","Kerala"," Thrissur",2008,"March",2008-03-01,218.1
"714","Kerala"," Wynad",2008,"March",2008-03-01,166.3
"715","Kerala","Alapuzha",2008,"April",2008-04-01,166.3
"716","Kerala"," Cannur",2008,"April",2008-04-01,23.7
"717","Kerala"," Ernakulam",2008,"April",2008-04-01,129.1
"718","Kerala"," Idukki",2008,"April",2008-04-01,120.2
"719","Kerala"," Kasargode",2008,"April",2008-04-01,133.4
"720","Kerala"," Kollam",2008,"April",2008-04-01,137.6
"721","Kerala"," Kottayam",2008,"April",2008-04-01,202.8
"722","Kerala"," Kozhikode",2008,"April",2008-04-01,134.4
"723","Kerala"," Malapuram",2008,"April",2008-04-01,32.5
"724","Kerala"," Palakked",2008,"April",2008-04-01,28.6
"725","Kerala"," Pathanamthitta",2008,"April",2008-04-01,198.4
"726","Kerala"," Thiruvananthapuram",2008,"April",2008-04-01,158.3
"727","Kerala"," Thrissur",2008,"April",2008-04-01,45.7
"728","Kerala"," Wynad",2008,"April",2008-04-01,89.4
"729","Kerala","Alapuzha",2008,"May",2008-05-01,127.8
"730","Kerala"," Cannur",2008,"May",2008-05-01,56.6
"731","Kerala"," Ernakulam",2008,"May",2008-05-01,137.7
"732","Kerala"," Idukki",2008,"May",2008-05-01,65.2
"733","Kerala"," Kasargode",2008,"May",2008-05-01,63.2
"734","Kerala"," Kollam",2008,"May",2008-05-01,120.8
"735","Kerala"," Kottayam",2008,"May",2008-05-01,50.4
"736","Kerala"," Kozhikode",2008,"May",2008-05-01,69.6
"737","Kerala"," Malapuram",2008,"May",2008-05-01,115
"738","Kerala"," Palakked",2008,"May",2008-05-01,41.2
"739","Kerala"," Pathanamthitta",2008,"May",2008-05-01,61.5
"740","Kerala"," Thiruvananthapuram",2008,"May",2008-05-01,89.8
"741","Kerala"," Thrissur",2008,"May",2008-05-01,59.8
"742","Kerala"," Wynad",2008,"May",2008-05-01,102
"743","Kerala","Alapuzha",2008,"June",2008-06-01,366.5
"744","Kerala"," Cannur",2008,"June",2008-06-01,725.8
"745","Kerala"," Ernakulam",2008,"June",2008-06-01,455.1
"746","Kerala"," Idukki",2008,"June",2008-06-01,494.3
"747","Kerala"," Kasargode",2008,"June",2008-06-01,1004.7
"748","Kerala"," Kollam",2008,"June",2008-06-01,207.1
"749","Kerala"," Kottayam",2008,"June",2008-06-01,341.6
"750","Kerala"," Kozhikode",2008,"June",2008-06-01,821.1
"751","Kerala"," Malapuram",2008,"June",2008-06-01,536.1
"752","Kerala"," Palakked",2008,"June",2008-06-01,445.6
"753","Kerala"," Pathanamthitta",2008,"June",2008-06-01,287
"754","Kerala"," Thiruvananthapuram",2008,"June",2008-06-01,116.3
"755","Kerala"," Thrissur",2008,"June",2008-06-01,523.4
"756","Kerala"," Wynad",2008,"June",2008-06-01,312.5
"757","Kerala","Alapuzha",2008,"July",2008-07-01,660.7
"758","Kerala"," Cannur",2008,"July",2008-07-01,483.6
"759","Kerala"," Ernakulam",2008,"July",2008-07-01,539
"760","Kerala"," Idukki",2008,"July",2008-07-01,718.9
"761","Kerala"," Kasargode",2008,"July",2008-07-01,672.9
"762","Kerala"," Kollam",2008,"July",2008-07-01,454.8
"763","Kerala"," Kottayam",2008,"July",2008-07-01,555.4
"764","Kerala"," Kozhikode",2008,"July",2008-07-01,577.8
"765","Kerala"," Malapuram",2008,"July",2008-07-01,371
"766","Kerala"," Palakked",2008,"July",2008-07-01,359
"767","Kerala"," Pathanamthitta",2008,"July",2008-07-01,644.1
"768","Kerala"," Thiruvananthapuram",2008,"July",2008-07-01,286
"769","Kerala"," Thrissur",2008,"July",2008-07-01,437.7
"770","Kerala"," Wynad",2008,"July",2008-07-01,416.7
"771","Kerala","Alapuzha",2008,"August",2008-08-01,189.4
"772","Kerala"," Cannur",2008,"August",2008-08-01,480.3
"773","Kerala"," Ernakulam",2008,"August",2008-08-01,326.2
"774","Kerala"," Idukki",2008,"August",2008-08-01,638.4
"775","Kerala"," Kasargode",2008,"August",2008-08-01,528.3
"776","Kerala"," Kollam",2008,"August",2008-08-01,265.1
"777","Kerala"," Kottayam",2008,"August",2008-08-01,268.6
"778","Kerala"," Kozhikode",2008,"August",2008-08-01,343.1
"779","Kerala"," Malapuram",2008,"August",2008-08-01,219
"780","Kerala"," Palakked",2008,"August",2008-08-01,214.1
"781","Kerala"," Pathanamthitta",2008,"August",2008-08-01,346.1
"782","Kerala"," Thiruvananthapuram",2008,"August",2008-08-01,180.6
"783","Kerala"," Thrissur",2008,"August",2008-08-01,260.2
"784","Kerala"," Wynad",2008,"August",2008-08-01,413.8
"785","Kerala","Alapuzha",2008,"September",2008-09-01,332.6
"786","Kerala"," Cannur",2008,"September",2008-09-01,396.4
"787","Kerala"," Ernakulam",2008,"September",2008-09-01,555.1
"788","Kerala"," Idukki",2008,"September",2008-09-01,426.8
"789","Kerala"," Kasargode",2008,"September",2008-09-01,403.5
"790","Kerala"," Kollam",2008,"September",2008-09-01,247
"791","Kerala"," Kottayam",2008,"September",2008-09-01,370.5
"792","Kerala"," Kozhikode",2008,"September",2008-09-01,478.6
"793","Kerala"," Malapuram",2008,"September",2008-09-01,281.8
"794","Kerala"," Palakked",2008,"September",2008-09-01,241.9
"795","Kerala"," Pathanamthitta",2008,"September",2008-09-01,368.2
"796","Kerala"," Thiruvananthapuram",2008,"September",2008-09-01,202.6
"797","Kerala"," Thrissur",2008,"September",2008-09-01,345.5
"798","Kerala"," Wynad",2008,"September",2008-09-01,159.3
"799","Kerala","Alapuzha",2008,"October",2008-10-01,313.7
"800","Kerala"," Cannur",2008,"October",2008-10-01,392.5
"801","Kerala"," Ernakulam",2008,"October",2008-10-01,304.3
"802","Kerala"," Idukki",2008,"October",2008-10-01,283.5
"803","Kerala"," Kasargode",2008,"October",2008-10-01,158.4
"804","Kerala"," Kollam",2008,"October",2008-10-01,360.8
"805","Kerala"," Kottayam",2008,"October",2008-10-01,284
"806","Kerala"," Kozhikode",2008,"October",2008-10-01,614
"807","Kerala"," Malapuram",2008,"October",2008-10-01,347.8
"808","Kerala"," Palakked",2008,"October",2008-10-01,364.1
"809","Kerala"," Pathanamthitta",2008,"October",2008-10-01,345.9
"810","Kerala"," Thiruvananthapuram",2008,"October",2008-10-01,363.9
"811","Kerala"," Thrissur",2008,"October",2008-10-01,384.7
"812","Kerala"," Wynad",2008,"October",2008-10-01,450.7
"813","Kerala","Alapuzha",2008,"November",2008-11-01,122.3
"814","Kerala"," Cannur",2008,"November",2008-11-01,3
"815","Kerala"," Ernakulam",2008,"November",2008-11-01,37.4
"816","Kerala"," Idukki",2008,"November",2008-11-01,62.4
"817","Kerala"," Kasargode",2008,"November",2008-11-01,49
"818","Kerala"," Kollam",2008,"November",2008-11-01,122.7
"819","Kerala"," Kottayam",2008,"November",2008-11-01,103.8
"820","Kerala"," Kozhikode",2008,"November",2008-11-01,14
"821","Kerala"," Malapuram",2008,"November",2008-11-01,16.6
"822","Kerala"," Palakked",2008,"November",2008-11-01,8.6
"823","Kerala"," Pathanamthitta",2008,"November",2008-11-01,142.9
"824","Kerala"," Thiruvananthapuram",2008,"November",2008-11-01,195.2
"825","Kerala"," Thrissur",2008,"November",2008-11-01,9
"826","Kerala"," Wynad",2008,"November",2008-11-01,11.8
"827","Kerala","Alapuzha",2008,"December",2008-12-01,41.9
"828","Kerala"," Cannur",2008,"December",2008-12-01,9.8
"829","Kerala"," Ernakulam",2008,"December",2008-12-01,36.9
"830","Kerala"," Idukki",2008,"December",2008-12-01,5.1
"831","Kerala"," Kasargode",2008,"December",2008-12-01,8.9
"832","Kerala"," Kollam",2008,"December",2008-12-01,25.6
"833","Kerala"," Kottayam",2008,"December",2008-12-01,53.6
"834","Kerala"," Kozhikode",2008,"December",2008-12-01,6.1
"835","Kerala"," Malapuram",2008,"December",2008-12-01,0.2
"836","Kerala"," Palakked",2008,"December",2008-12-01,0.1
"837","Kerala"," Pathanamthitta",2008,"December",2008-12-01,40.7
"838","Kerala"," Thiruvananthapuram",2008,"December",2008-12-01,38.2
"839","Kerala"," Thrissur",2008,"December",2008-12-01,5
"840","Kerala"," Wynad",2008,"December",2008-12-01,0.7
"841","Kerala","Alapuzha",2009,"January",2009-01-01,1.7
"842","Kerala"," Cannur",2009,"January",2009-01-01,0
"843","Kerala"," Ernakulam",2009,"January",2009-01-01,10.4
"844","Kerala"," Idukki",2009,"January",2009-01-01,10.1
"845","Kerala"," Kasargode",2009,"January",2009-01-01,0
"846","Kerala"," Kollam",2009,"January",2009-01-01,2.2
"847","Kerala"," Kottayam",2009,"January",2009-01-01,7.5
"848","Kerala"," Kozhikode",2009,"January",2009-01-01,0
"849","Kerala"," Malapuram",2009,"January",2009-01-01,0
"850","Kerala"," Palakked",2009,"January",2009-01-01,0
"851","Kerala"," Pathanamthitta",2009,"January",2009-01-01,5.5
"852","Kerala"," Thiruvananthapuram",2009,"January",2009-01-01,5
"853","Kerala"," Thrissur",2009,"January",2009-01-01,0
"854","Kerala"," Wynad",2009,"January",2009-01-01,0
"855","Kerala","Alapuzha",2009,"February",2009-02-01,4.4
"856","Kerala"," Cannur",2009,"February",2009-02-01,0
"857","Kerala"," Ernakulam",2009,"February",2009-02-01,0
"858","Kerala"," Idukki",2009,"February",2009-02-01,0.3
"859","Kerala"," Kasargode",2009,"February",2009-02-01,0
"860","Kerala"," Kollam",2009,"February",2009-02-01,3
"861","Kerala"," Kottayam",2009,"February",2009-02-01,1.8
"862","Kerala"," Kozhikode",2009,"February",2009-02-01,0
"863","Kerala"," Malapuram",2009,"February",2009-02-01,0
"864","Kerala"," Palakked",2009,"February",2009-02-01,0
"865","Kerala"," Pathanamthitta",2009,"February",2009-02-01,12
"866","Kerala"," Thiruvananthapuram",2009,"February",2009-02-01,0
"867","Kerala"," Thrissur",2009,"February",2009-02-01,0
"868","Kerala"," Wynad",2009,"February",2009-02-01,0
"869","Kerala","Alapuzha",2009,"March",2009-03-01,45.3
"870","Kerala"," Cannur",2009,"March",2009-03-01,9.3
"871","Kerala"," Ernakulam",2009,"March",2009-03-01,45.8
"872","Kerala"," Idukki",2009,"March",2009-03-01,102.7
"873","Kerala"," Kasargode",2009,"March",2009-03-01,16
"874","Kerala"," Kollam",2009,"March",2009-03-01,105.7
"875","Kerala"," Kottayam",2009,"March",2009-03-01,78.6
"876","Kerala"," Kozhikode",2009,"March",2009-03-01,43.5
"877","Kerala"," Malapuram",2009,"March",2009-03-01,19.8
"878","Kerala"," Palakked",2009,"March",2009-03-01,81.3
"879","Kerala"," Pathanamthitta",2009,"March",2009-03-01,105.7
"880","Kerala"," Thiruvananthapuram",2009,"March",2009-03-01,60
"881","Kerala"," Thrissur",2009,"March",2009-03-01,49.4
"882","Kerala"," Wynad",2009,"March",2009-03-01,95.7
"883","Kerala","Alapuzha",2009,"April",2009-04-01,131.9
"884","Kerala"," Cannur",2009,"April",2009-04-01,97.2
"885","Kerala"," Ernakulam",2009,"April",2009-04-01,89.5
"886","Kerala"," Idukki",2009,"April",2009-04-01,42.9
"887","Kerala"," Kasargode",2009,"April",2009-04-01,16.4
"888","Kerala"," Kollam",2009,"April",2009-04-01,121.9
"889","Kerala"," Kottayam",2009,"April",2009-04-01,69.9
"890","Kerala"," Kozhikode",2009,"April",2009-04-01,63.1
"891","Kerala"," Malapuram",2009,"April",2009-04-01,46.4
"892","Kerala"," Palakked",2009,"April",2009-04-01,58
"893","Kerala"," Pathanamthitta",2009,"April",2009-04-01,115.4
"894","Kerala"," Thiruvananthapuram",2009,"April",2009-04-01,44.6
"895","Kerala"," Thrissur",2009,"April",2009-04-01,53.9
"896","Kerala"," Wynad",2009,"April",2009-04-01,47.1
"897","Kerala","Alapuzha",2009,"May",2009-05-01,256.4
"898","Kerala"," Cannur",2009,"May",2009-05-01,169.6
"899","Kerala"," Ernakulam",2009,"May",2009-05-01,315.7
"900","Kerala"," Idukki",2009,"May",2009-05-01,226.7
"901","Kerala"," Kasargode",2009,"May",2009-05-01,152
"902","Kerala"," Kollam",2009,"May",2009-05-01,136.4
"903","Kerala"," Kottayam",2009,"May",2009-05-01,204.9
"904","Kerala"," Kozhikode",2009,"May",2009-05-01,179.1
"905","Kerala"," Malapuram",2009,"May",2009-05-01,143.3
"906","Kerala"," Palakked",2009,"May",2009-05-01,138.8
"907","Kerala"," Pathanamthitta",2009,"May",2009-05-01,156.8
"908","Kerala"," Thiruvananthapuram",2009,"May",2009-05-01,206.9
"909","Kerala"," Thrissur",2009,"May",2009-05-01,289.4
"910","Kerala"," Wynad",2009,"May",2009-05-01,123.9
"911","Kerala","Alapuzha",2009,"June",2009-06-01,559.8
"912","Kerala"," Cannur",2009,"June",2009-06-01,625.3
"913","Kerala"," Ernakulam",2009,"June",2009-06-01,615.1
"914","Kerala"," Idukki",2009,"June",2009-06-01,443.2
"915","Kerala"," Kasargode",2009,"June",2009-06-01,560.6
"916","Kerala"," Kollam",2009,"June",2009-06-01,272.3
"917","Kerala"," Kottayam",2009,"June",2009-06-01,460
"918","Kerala"," Kozhikode",2009,"June",2009-06-01,608.4
"919","Kerala"," Malapuram",2009,"June",2009-06-01,337.9
"920","Kerala"," Palakked",2009,"June",2009-06-01,282
"921","Kerala"," Pathanamthitta",2009,"June",2009-06-01,378
"922","Kerala"," Thiruvananthapuram",2009,"June",2009-06-01,183.3
"923","Kerala"," Thrissur",2009,"June",2009-06-01,586.1
"924","Kerala"," Wynad",2009,"June",2009-06-01,309.8
"925","Kerala","Alapuzha",2009,"July",2009-07-01,503.3
"926","Kerala"," Cannur",2009,"July",2009-07-01,1456.6
"927","Kerala"," Ernakulam",2009,"July",2009-07-01,838.8
"928","Kerala"," Idukki",2009,"July",2009-07-01,983.4
"929","Kerala"," Kasargode",2009,"July",2009-07-01,1238.2
"930","Kerala"," Kollam",2009,"July",2009-07-01,369.7
"931","Kerala"," Kottayam",2009,"July",2009-07-01,553.1
"932","Kerala"," Kozhikode",2009,"July",2009-07-01,1817.5
"933","Kerala"," Malapuram",2009,"July",2009-07-01,993.2
"934","Kerala"," Palakked",2009,"July",2009-07-01,985
"935","Kerala"," Pathanamthitta",2009,"July",2009-07-01,454
"936","Kerala"," Thiruvananthapuram",2009,"July",2009-07-01,204.2
"937","Kerala"," Thrissur",2009,"July",2009-07-01,972.1
"938","Kerala"," Wynad",2009,"July",2009-07-01,1256.1
"939","Kerala","Alapuzha",2009,"August",2009-08-01,164
"940","Kerala"," Cannur",2009,"August",2009-08-01,299.5
"941","Kerala"," Ernakulam",2009,"August",2009-08-01,312.2
"942","Kerala"," Idukki",2009,"August",2009-08-01,335.8
"943","Kerala"," Kasargode",2009,"August",2009-08-01,446
"944","Kerala"," Kollam",2009,"August",2009-08-01,185.5
"945","Kerala"," Kottayam",2009,"August",2009-08-01,225.6
"946","Kerala"," Kozhikode",2009,"August",2009-08-01,301.1
"947","Kerala"," Malapuram",2009,"August",2009-08-01,243.1
"948","Kerala"," Palakked",2009,"August",2009-08-01,262.3
"949","Kerala"," Pathanamthitta",2009,"August",2009-08-01,227.4
"950","Kerala"," Thiruvananthapuram",2009,"August",2009-08-01,87.3
"951","Kerala"," Thrissur",2009,"August",2009-08-01,385.1
"952","Kerala"," Wynad",2009,"August",2009-08-01,185.4
"953","Kerala","Alapuzha",2009,"September",2009-09-01,250.3
"954","Kerala"," Cannur",2009,"September",2009-09-01,320.5
"955","Kerala"," Ernakulam",2009,"September",2009-09-01,497.4
"956","Kerala"," Idukki",2009,"September",2009-09-01,533
"957","Kerala"," Kasargode",2009,"September",2009-09-01,330.9
"958","Kerala"," Kollam",2009,"September",2009-09-01,272.6
"959","Kerala"," Kottayam",2009,"September",2009-09-01,280.8
"960","Kerala"," Kozhikode",2009,"September",2009-09-01,335.4
"961","Kerala"," Malapuram",2009,"September",2009-09-01,256.9
"962","Kerala"," Palakked",2009,"September",2009-09-01,250.6
"963","Kerala"," Pathanamthitta",2009,"September",2009-09-01,290.3
"964","Kerala"," Thiruvananthapuram",2009,"September",2009-09-01,183.4
"965","Kerala"," Thrissur",2009,"September",2009-09-01,361.4
"966","Kerala"," Wynad",2009,"September",2009-09-01,240.3
"967","Kerala","Alapuzha",2009,"October",2009-10-01,210.9
"968","Kerala"," Cannur",2009,"October",2009-10-01,200.3
"969","Kerala"," Ernakulam",2009,"October",2009-10-01,176.6
"970","Kerala"," Idukki",2009,"October",2009-10-01,296.1
"971","Kerala"," Kasargode",2009,"October",2009-10-01,76.7
"972","Kerala"," Kollam",2009,"October",2009-10-01,325.9
"973","Kerala"," Kottayam",2009,"October",2009-10-01,188.6
"974","Kerala"," Kozhikode",2009,"October",2009-10-01,321.3
"975","Kerala"," Malapuram",2009,"October",2009-10-01,200.1
"976","Kerala"," Palakked",2009,"October",2009-10-01,176.1
"977","Kerala"," Pathanamthitta",2009,"October",2009-10-01,222.7
"978","Kerala"," Thiruvananthapuram",2009,"October",2009-10-01,119.4
"979","Kerala"," Thrissur",2009,"October",2009-10-01,156.9
"980","Kerala"," Wynad",2009,"October",2009-10-01,183
"981","Kerala","Alapuzha",2009,"November",2009-11-01,318.5
"982","Kerala"," Cannur",2009,"November",2009-11-01,306.8
"983","Kerala"," Ernakulam",2009,"November",2009-11-01,290
"984","Kerala"," Idukki",2009,"November",2009-11-01,236.1
"985","Kerala"," Kasargode",2009,"November",2009-11-01,294.2
"986","Kerala"," Kollam",2009,"November",2009-11-01,317
"987","Kerala"," Kottayam",2009,"November",2009-11-01,278.7
"988","Kerala"," Kozhikode",2009,"November",2009-11-01,335.1
"989","Kerala"," Malapuram",2009,"November",2009-11-01,257.5
"990","Kerala"," Palakked",2009,"November",2009-11-01,248.7
"991","Kerala"," Pathanamthitta",2009,"November",2009-11-01,299.9
"992","Kerala"," Thiruvananthapuram",2009,"November",2009-11-01,346.3
"993","Kerala"," Thrissur",2009,"November",2009-11-01,206.3
"994","Kerala"," Wynad",2009,"November",2009-11-01,203.6
"995","Kerala","Alapuzha",2009,"December",2009-12-01,54.6
"996","Kerala"," Cannur",2009,"December",2009-12-01,48.7
"997","Kerala"," Ernakulam",2009,"December",2009-12-01,70.1
"998","Kerala"," Idukki",2009,"December",2009-12-01,107.2
"999","Kerala"," Kasargode",2009,"December",2009-12-01,9.8
"1000","Kerala"," Kollam",2009,"December",2009-12-01,15.7
"1001","Kerala"," Kottayam",2009,"December",2009-12-01,86.4
"1002","Kerala"," Kozhikode",2009,"December",2009-12-01,22.7
"1003","Kerala"," Malapuram",2009,"December",2009-12-01,12.5
"1004","Kerala"," Palakked",2009,"December",2009-12-01,14.8
"1005","Kerala"," Pathanamthitta",2009,"December",2009-12-01,34.9
"1006","Kerala"," Thiruvananthapuram",2009,"December",2009-12-01,42.5
"1007","Kerala"," Thrissur",2009,"December",2009-12-01,29.7
"1008","Kerala"," Wynad",2009,"December",2009-12-01,77.6
"1009","Kerala","Alapuzha",2010,"January",2010-01-01,16.6
"1010","Kerala"," Cannur",2010,"January",2010-01-01,19.1
"1011","Kerala"," Ernakulam",2010,"January",2010-01-01,9.8
"1012","Kerala"," Idukki",2010,"January",2010-01-01,12.5
"1013","Kerala"," Kasargode",2010,"January",2010-01-01,7.3
"1014","Kerala"," Kollam",2010,"January",2010-01-01,11.5
"1015","Kerala"," Kottayam",2010,"January",2010-01-01,9.6
"1016","Kerala"," Kozhikode",2010,"January",2010-01-01,7.1
"1017","Kerala"," Malapuram",2010,"January",2010-01-01,1.4
"1018","Kerala"," Palakked",2010,"January",2010-01-01,1.9
"1019","Kerala"," Pathanamthitta",2010,"January",2010-01-01,31
"1020","Kerala"," Thiruvananthapuram",2010,"January",2010-01-01,108.3
"1021","Kerala"," Thrissur",2010,"January",2010-01-01,18.4
"1022","Kerala"," Wynad",2010,"January",2010-01-01,37
"1023","Kerala","Alapuzha",2010,"February",2010-02-01,2.2
"1024","Kerala"," Cannur",2010,"February",2010-02-01,0
"1025","Kerala"," Ernakulam",2010,"February",2010-02-01,0
"1026","Kerala"," Idukki",2010,"February",2010-02-01,0
"1027","Kerala"," Kasargode",2010,"February",2010-02-01,0
"1028","Kerala"," Kollam",2010,"February",2010-02-01,0
"1029","Kerala"," Kottayam",2010,"February",2010-02-01,1.4
"1030","Kerala"," Kozhikode",2010,"February",2010-02-01,0.3
"1031","Kerala"," Malapuram",2010,"February",2010-02-01,0
"1032","Kerala"," Palakked",2010,"February",2010-02-01,0
"1033","Kerala"," Pathanamthitta",2010,"February",2010-02-01,0.7
"1034","Kerala"," Thiruvananthapuram",2010,"February",2010-02-01,0
"1035","Kerala"," Thrissur",2010,"February",2010-02-01,0
"1036","Kerala"," Wynad",2010,"February",2010-02-01,14.1
"1037","Kerala","Alapuzha",2010,"March",2010-03-01,92.7
"1038","Kerala"," Cannur",2010,"March",2010-03-01,9.4
"1039","Kerala"," Ernakulam",2010,"March",2010-03-01,30.5
"1040","Kerala"," Idukki",2010,"March",2010-03-01,41.3
"1041","Kerala"," Kasargode",2010,"March",2010-03-01,0.1
"1042","Kerala"," Kollam",2010,"March",2010-03-01,59.1
"1043","Kerala"," Kottayam",2010,"March",2010-03-01,96.7
"1044","Kerala"," Kozhikode",2010,"March",2010-03-01,0
"1045","Kerala"," Malapuram",2010,"March",2010-03-01,0.5
"1046","Kerala"," Palakked",2010,"March",2010-03-01,10.8
"1047","Kerala"," Pathanamthitta",2010,"March",2010-03-01,66.3
"1048","Kerala"," Thiruvananthapuram",2010,"March",2010-03-01,73.1
"1049","Kerala"," Thrissur",2010,"March",2010-03-01,9.3
"1050","Kerala"," Wynad",2010,"March",2010-03-01,13.1
"1051","Kerala","Alapuzha",2010,"April",2010-04-01,161.6
"1052","Kerala"," Cannur",2010,"April",2010-04-01,65.3
"1053","Kerala"," Ernakulam",2010,"April",2010-04-01,233.8
"1054","Kerala"," Idukki",2010,"April",2010-04-01,160.4
"1055","Kerala"," Kasargode",2010,"April",2010-04-01,35.2
"1056","Kerala"," Kollam",2010,"April",2010-04-01,221.1
"1057","Kerala"," Kottayam",2010,"April",2010-04-01,201.5
"1058","Kerala"," Kozhikode",2010,"April",2010-04-01,143.3
"1059","Kerala"," Malapuram",2010,"April",2010-04-01,92.7
"1060","Kerala"," Palakked",2010,"April",2010-04-01,130.8
"1061","Kerala"," Pathanamthitta",2010,"April",2010-04-01,210
"1062","Kerala"," Thiruvananthapuram",2010,"April",2010-04-01,109.4
"1063","Kerala"," Thrissur",2010,"April",2010-04-01,74.7
"1064","Kerala"," Wynad",2010,"April",2010-04-01,131.3
"1065","Kerala","Alapuzha",2010,"May",2010-05-01,322
"1066","Kerala"," Cannur",2010,"May",2010-05-01,137
"1067","Kerala"," Ernakulam",2010,"May",2010-05-01,239.9
"1068","Kerala"," Idukki",2010,"May",2010-05-01,182.9
"1069","Kerala"," Kasargode",2010,"May",2010-05-01,78.5
"1070","Kerala"," Kollam",2010,"May",2010-05-01,203.5
"1071","Kerala"," Kottayam",2010,"May",2010-05-01,354.1
"1072","Kerala"," Kozhikode",2010,"May",2010-05-01,249.9
"1073","Kerala"," Malapuram",2010,"May",2010-05-01,118.9
"1074","Kerala"," Palakked",2010,"May",2010-05-01,109.1
"1075","Kerala"," Pathanamthitta",2010,"May",2010-05-01,268.2
"1076","Kerala"," Thiruvananthapuram",2010,"May",2010-05-01,216.7
"1077","Kerala"," Thrissur",2010,"May",2010-05-01,197.4
"1078","Kerala"," Wynad",2010,"May",2010-05-01,124.4
"1079","Kerala","Alapuzha",2010,"June",2010-06-01,529.3
"1080","Kerala"," Cannur",2010,"June",2010-06-01,843.9
"1081","Kerala"," Ernakulam",2010,"June",2010-06-01,849.9
"1082","Kerala"," Idukki",2010,"June",2010-06-01,786.5
"1083","Kerala"," Kasargode",2010,"June",2010-06-01,1034
"1084","Kerala"," Kollam",2010,"June",2010-06-01,357
"1085","Kerala"," Kottayam",2010,"June",2010-06-01,664.7
"1086","Kerala"," Kozhikode",2010,"June",2010-06-01,1094.5
"1087","Kerala"," Malapuram",2010,"June",2010-06-01,654.5
"1088","Kerala"," Palakked",2010,"June",2010-06-01,545.3
"1089","Kerala"," Pathanamthitta",2010,"June",2010-06-01,502.5
"1090","Kerala"," Thiruvananthapuram",2010,"June",2010-06-01,237
"1091","Kerala"," Thrissur",2010,"June",2010-06-01,775.8
"1092","Kerala"," Wynad",2010,"June",2010-06-01,378.2
"1093","Kerala","Alapuzha",2010,"July",2010-07-01,474.6
"1094","Kerala"," Cannur",2010,"July",2010-07-01,959.6
"1095","Kerala"," Ernakulam",2010,"July",2010-07-01,690.5
"1096","Kerala"," Idukki",2010,"July",2010-07-01,777.3
"1097","Kerala"," Kasargode",2010,"July",2010-07-01,1276.2
"1098","Kerala"," Kollam",2010,"July",2010-07-01,362.3
"1099","Kerala"," Kottayam",2010,"July",2010-07-01,568.9
"1100","Kerala"," Kozhikode",2010,"July",2010-07-01,897.8
"1101","Kerala"," Malapuram",2010,"July",2010-07-01,522.9
"1102","Kerala"," Palakked",2010,"July",2010-07-01,508.4
"1103","Kerala"," Pathanamthitta",2010,"July",2010-07-01,432.5
"1104","Kerala"," Thiruvananthapuram",2010,"July",2010-07-01,234.9
"1105","Kerala"," Thrissur",2010,"July",2010-07-01,601.5
"1106","Kerala"," Wynad",2010,"July",2010-07-01,494.8
"1107","Kerala","Alapuzha",2010,"August",2010-08-01,255.9
"1108","Kerala"," Cannur",2010,"August",2010-08-01,511
"1109","Kerala"," Ernakulam",2010,"August",2010-08-01,356.5
"1110","Kerala"," Idukki",2010,"August",2010-08-01,543.6
"1111","Kerala"," Kasargode",2010,"August",2010-08-01,681.1
"1112","Kerala"," Kollam",2010,"August",2010-08-01,304.8
"1113","Kerala"," Kottayam",2010,"August",2010-08-01,294.4
"1114","Kerala"," Kozhikode",2010,"August",2010-08-01,368.9
"1115","Kerala"," Malapuram",2010,"August",2010-08-01,302.9
"1116","Kerala"," Palakked",2010,"August",2010-08-01,267.2
"1117","Kerala"," Pathanamthitta",2010,"August",2010-08-01,402.2
"1118","Kerala"," Thiruvananthapuram",2010,"August",2010-08-01,118.7
"1119","Kerala"," Thrissur",2010,"August",2010-08-01,236.6
"1120","Kerala"," Wynad",2010,"August",2010-08-01,292.8
"1121","Kerala","Alapuzha",2010,"September",2010-09-01,242.3
"1122","Kerala"," Cannur",2010,"September",2010-09-01,269.3
"1123","Kerala"," Ernakulam",2010,"September",2010-09-01,456.9
"1124","Kerala"," Idukki",2010,"September",2010-09-01,306.1
"1125","Kerala"," Kasargode",2010,"September",2010-09-01,357.1
"1126","Kerala"," Kollam",2010,"September",2010-09-01,258.3
"1127","Kerala"," Kottayam",2010,"September",2010-09-01,366.9
"1128","Kerala"," Kozhikode",2010,"September",2010-09-01,323.1
"1129","Kerala"," Malapuram",2010,"September",2010-09-01,236
"1130","Kerala"," Palakked",2010,"September",2010-09-01,180
"1131","Kerala"," Pathanamthitta",2010,"September",2010-09-01,259.4
"1132","Kerala"," Thiruvananthapuram",2010,"September",2010-09-01,114.1
"1133","Kerala"," Thrissur",2010,"September",2010-09-01,308
"1134","Kerala"," Wynad",2010,"September",2010-09-01,163.5
"1135","Kerala","Alapuzha",2010,"October",2010-10-01,555.1
"1136","Kerala"," Cannur",2010,"October",2010-10-01,342.3
"1137","Kerala"," Ernakulam",2010,"October",2010-10-01,624.7
"1138","Kerala"," Idukki",2010,"October",2010-10-01,427.9
"1139","Kerala"," Kasargode",2010,"October",2010-10-01,283.6
"1140","Kerala"," Kollam",2010,"October",2010-10-01,527.8
"1141","Kerala"," Kottayam",2010,"October",2010-10-01,559.4
"1142","Kerala"," Kozhikode",2010,"October",2010-10-01,495.1
"1143","Kerala"," Malapuram",2010,"October",2010-10-01,408.2
"1144","Kerala"," Palakked",2010,"October",2010-10-01,401.2
"1145","Kerala"," Pathanamthitta",2010,"October",2010-10-01,454.9
"1146","Kerala"," Thiruvananthapuram",2010,"October",2010-10-01,414.3
"1147","Kerala"," Thrissur",2010,"October",2010-10-01,539.6
"1148","Kerala"," Wynad",2010,"October",2010-10-01,170.7
"1149","Kerala","Alapuzha",2010,"November",2010-11-01,309.3
"1150","Kerala"," Cannur",2010,"November",2010-11-01,338.1
"1151","Kerala"," Ernakulam",2010,"November",2010-11-01,517.5
"1152","Kerala"," Idukki",2010,"November",2010-11-01,305.6
"1153","Kerala"," Kasargode",2010,"November",2010-11-01,241.6
"1154","Kerala"," Kollam",2010,"November",2010-11-01,388.4
"1155","Kerala"," Kottayam",2010,"November",2010-11-01,456
"1156","Kerala"," Kozhikode",2010,"November",2010-11-01,280
"1157","Kerala"," Malapuram",2010,"November",2010-11-01,252.3
"1158","Kerala"," Palakked",2010,"November",2010-11-01,279.8
"1159","Kerala"," Pathanamthitta",2010,"November",2010-11-01,526.4
"1160","Kerala"," Thiruvananthapuram",2010,"November",2010-11-01,326
"1161","Kerala"," Thrissur",2010,"November",2010-11-01,332.6
"1162","Kerala"," Wynad",2010,"November",2010-11-01,218
"1163","Kerala","Alapuzha",2010,"December",2010-12-01,96.8
"1164","Kerala"," Cannur",2010,"December",2010-12-01,2.3
"1165","Kerala"," Ernakulam",2010,"December",2010-12-01,63.2
"1166","Kerala"," Idukki",2010,"December",2010-12-01,24.5
"1167","Kerala"," Kasargode",2010,"December",2010-12-01,17.3
"1168","Kerala"," Kollam",2010,"December",2010-12-01,95
"1169","Kerala"," Kottayam",2010,"December",2010-12-01,97.9
"1170","Kerala"," Kozhikode",2010,"December",2010-12-01,13.9
"1171","Kerala"," Malapuram",2010,"December",2010-12-01,20
"1172","Kerala"," Palakked",2010,"December",2010-12-01,24
"1173","Kerala"," Pathanamthitta",2010,"December",2010-12-01,89.1
"1174","Kerala"," Thiruvananthapuram",2010,"December",2010-12-01,188.3
"1175","Kerala"," Thrissur",2010,"December",2010-12-01,20.5
"1176","Kerala"," Wynad",2010,"December",2010-12-01,4.4
