"Sr.No","State","District","Year","Month","Date","Value"
"1","Manipur","Churachandpur",2004,"January",2004-01-01,"N.A."
"2","Manipur","Imphal",2004,"January",2004-01-01,"5.2"
"3","Manipur","Senapati",2004,"January",2004-01-01,"N.A."
"4","Manipur","Churachandpur",2004,"February",2004-02-01,"N.A."
"5","Manipur","Imphal",2004,"February",2004-02-01,"0"
"6","Manipur","Senapati",2004,"February",2004-02-01,"0"
"7","Manipur","Churachandpur",2004,"March",2004-03-01,"N.A."
"8","Manipur","Imphal",2004,"March",2004-03-01,"20.2"
"9","Manipur","Senapati",2004,"March",2004-03-01,"N.A."
"10","Manipur","Churachandpur",2004,"April",2004-04-01,"N.A."
"11","Manipur","Imphal",2004,"April",2004-04-01,"380"
"12","Manipur","Senapati",2004,"April",2004-04-01,"N.A."
"13","Manipur","Churachandpur",2004,"May",2004-05-01,"N.A."
"14","Manipur","Imphal",2004,"May",2004-05-01,"152.4"
"15","Manipur","Senapati",2004,"May",2004-05-01,"N.A."
"16","Manipur","Churachandpur",2004,"June",2004-06-01,"N.A."
"17","Manipur","Imphal",2004,"June",2004-06-01,"190.8"
"18","Manipur","Senapati",2004,"June",2004-06-01,"N.A."
"19","Manipur","Churachandpur",2004,"July",2004-07-01,"N.A."
"20","Manipur","Imphal",2004,"July",2004-07-01,"168.8"
"21","Manipur","Senapati",2004,"July",2004-07-01,"N.A."
"22","Manipur","Churachandpur",2004,"August",2004-08-01,"N.A."
"23","Manipur","Imphal",2004,"August",2004-08-01,"171.6"
"24","Manipur","Senapati",2004,"August",2004-08-01,"N.A."
"25","Manipur","Churachandpur",2004,"September",2004-09-01,"N.A."
"26","Manipur","Imphal",2004,"September",2004-09-01,"142.9"
"27","Manipur","Senapati",2004,"September",2004-09-01,"N.A."
"28","Manipur","Churachandpur",2004,"October",2004-10-01,"N.A."
"29","Manipur","Imphal",2004,"October",2004-10-01,"93.9"
"30","Manipur","Senapati",2004,"October",2004-10-01,"N.A."
"31","Manipur","Churachandpur",2004,"November",2004-11-01,"N.A."
"32","Manipur","Imphal",2004,"November",2004-11-01,"10.9"
"33","Manipur","Senapati",2004,"November",2004-11-01,"N.A."
"34","Manipur","Churachandpur",2004,"December",2004-12-01,"N.A."
"35","Manipur","Imphal",2004,"December",2004-12-01,"2.1"
"36","Manipur","Senapati",2004,"December",2004-12-01,"N.A."
"37","Manipur","Churachandpur",2005,"January",2005-01-01,"N.A."
"38","Manipur","Imphal",2005,"January",2005-01-01,"0"
"39","Manipur","Senapati",2005,"January",2005-01-01,"N.A."
"40","Manipur","Churachandpur",2005,"February",2005-02-01,"N.A."
"41","Manipur","Imphal",2005,"February",2005-02-01,"35.2"
"42","Manipur","Senapati",2005,"February",2005-02-01,"0"
"43","Manipur","Churachandpur",2005,"March",2005-03-01,"N.A."
"44","Manipur","Imphal",2005,"March",2005-03-01,"99.1"
"45","Manipur","Senapati",2005,"March",2005-03-01,"N.A."
"46","Manipur","Churachandpur",2005,"April",2005-04-01,"N.A."
"47","Manipur","Imphal",2005,"April",2005-04-01,"71"
"48","Manipur","Senapati",2005,"April",2005-04-01,"31.4"
"49","Manipur","Churachandpur",2005,"May",2005-05-01,"N.A."
"50","Manipur","Imphal",2005,"May",2005-05-01,"112.4"
"51","Manipur","Senapati",2005,"May",2005-05-01,"0"
"52","Manipur","Churachandpur",2005,"June",2005-06-01,"N.A."
"53","Manipur","Imphal",2005,"June",2005-06-01,"86.4"
"54","Manipur","Senapati",2005,"June",2005-06-01,"138.6"
"55","Manipur","Churachandpur",2005,"July",2005-07-01,"N.A."
"56","Manipur","Imphal",2005,"July",2005-07-01,"193.7"
"57","Manipur","Senapati",2005,"July",2005-07-01,"70.9"
"58","Manipur","Churachandpur",2005,"August",2005-08-01,"N.A."
"59","Manipur","Imphal",2005,"August",2005-08-01,"182.8"
"60","Manipur","Senapati",2005,"August",2005-08-01,"N.A."
"61","Manipur","Churachandpur",2005,"September",2005-09-01,"N.A."
"62","Manipur","Imphal",2005,"September",2005-09-01,"213.8"
"63","Manipur","Senapati",2005,"September",2005-09-01,"N.A."
"64","Manipur","Churachandpur",2005,"October",2005-10-01,"N.A."
"65","Manipur","Imphal",2005,"October",2005-10-01,"185.4"
"66","Manipur","Senapati",2005,"October",2005-10-01,"N.A."
"67","Manipur","Churachandpur",2005,"November",2005-11-01,"N.A."
"68","Manipur","Imphal",2005,"November",2005-11-01,"19.1"
"69","Manipur","Senapati",2005,"November",2005-11-01,"N.A."
"70","Manipur","Churachandpur",2005,"December",2005-12-01,"N.A."
"71","Manipur","Imphal",2005,"December",2005-12-01,"31.8"
"72","Manipur","Senapati",2005,"December",2005-12-01,"36"
"73","Manipur","Churachandpur",2006,"January",2006-01-01,"N.A."
"74","Manipur","Imphal",2006,"January",2006-01-01,"0"
"75","Manipur","Senapati",2006,"January",2006-01-01,"0"
"76","Manipur","Churachandpur",2006,"February",2006-02-01,"N.A."
"77","Manipur","Imphal",2006,"February",2006-02-01,"37.4"
"78","Manipur","Senapati",2006,"February",2006-02-01,"0"
"79","Manipur","Churachandpur",2006,"March",2006-03-01,"N.A."
"80","Manipur","Imphal",2006,"March",2006-03-01,"1.9"
"81","Manipur","Senapati",2006,"March",2006-03-01,"2.4"
"82","Manipur","Churachandpur",2006,"April",2006-04-01,"N.A."
"83","Manipur","Imphal",2006,"April",2006-04-01,"70.1"
"84","Manipur","Senapati",2006,"April",2006-04-01,"180"
"85","Manipur","Churachandpur",2006,"May",2006-05-01,"N.A."
"86","Manipur","Imphal",2006,"May",2006-05-01,"205.8"
"87","Manipur","Senapati",2006,"May",2006-05-01,"453.7"
"88","Manipur","Churachandpur",2006,"June",2006-06-01,"N.A."
"89","Manipur","Imphal",2006,"June",2006-06-01,"169.6"
"90","Manipur","Senapati",2006,"June",2006-06-01,"271.4"
"91","Manipur","Churachandpur",2006,"July",2006-07-01,"N.A."
"92","Manipur","Imphal",2006,"July",2006-07-01,"152.9"
"93","Manipur","Senapati",2006,"July",2006-07-01,"245.1"
"94","Manipur","Churachandpur",2006,"August",2006-08-01,"N.A."
"95","Manipur","Imphal",2006,"August",2006-08-01,"67.5"
"96","Manipur","Senapati",2006,"August",2006-08-01,"81"
"97","Manipur","Churachandpur",2006,"September",2006-09-01,"N.A."
"98","Manipur","Imphal",2006,"September",2006-09-01,"94.8"
"99","Manipur","Senapati",2006,"September",2006-09-01,"209.9"
"100","Manipur","Churachandpur",2006,"October",2006-10-01,"N.A."
"101","Manipur","Imphal",2006,"October",2006-10-01,"2.3"
"102","Manipur","Senapati",2006,"October",2006-10-01,"15"
"103","Manipur","Churachandpur",2006,"November",2006-11-01,"N.A."
"104","Manipur","Imphal",2006,"November",2006-11-01,"30.7"
"105","Manipur","Senapati",2006,"November",2006-11-01,"14.4"
"106","Manipur","Churachandpur",2006,"December",2006-12-01,"N.A."
"107","Manipur","Imphal",2006,"December",2006-12-01,"13.2"
"108","Manipur","Senapati",2006,"December",2006-12-01,"0.5"
"109","Manipur","Churachandpur",2007,"January",2007-01-01,"N.A."
"110","Manipur","Imphal",2007,"January",2007-01-01,"0"
"111","Manipur","Senapati",2007,"January",2007-01-01,"2.2"
"112","Manipur","Churachandpur",2007,"February",2007-02-01,"N.A."
"113","Manipur","Imphal",2007,"February",2007-02-01,"184.7"
"114","Manipur","Senapati",2007,"February",2007-02-01,"115.7"
"115","Manipur","Churachandpur",2007,"March",2007-03-01,"N.A."
"116","Manipur","Imphal",2007,"March",2007-03-01,"6.6"
"117","Manipur","Senapati",2007,"March",2007-03-01,"15"
"118","Manipur","Churachandpur",2007,"April",2007-04-01,"N.A."
"119","Manipur","Imphal",2007,"April",2007-04-01,"158.5"
"120","Manipur","Senapati",2007,"April",2007-04-01,"38.2"
"121","Manipur","Churachandpur",2007,"May",2007-05-01,"N.A."
"122","Manipur","Imphal",2007,"May",2007-05-01,"256.7"
"123","Manipur","Senapati",2007,"May",2007-05-01,"267.4"
"124","Manipur","Churachandpur",2007,"June",2007-06-01,"N.A."
"125","Manipur","Imphal",2007,"June",2007-06-01,"220.2"
"126","Manipur","Senapati",2007,"June",2007-06-01,"123"
"127","Manipur","Churachandpur",2007,"July",2007-07-01,"N.A."
"128","Manipur","Imphal",2007,"July",2007-07-01,"129.1"
"129","Manipur","Senapati",2007,"July",2007-07-01,"312.8"
"130","Manipur","Churachandpur",2007,"August",2007-08-01,"N.A."
"131","Manipur","Imphal",2007,"August",2007-08-01,"89.8"
"132","Manipur","Senapati",2007,"August",2007-08-01,"257.6"
"133","Manipur","Churachandpur",2007,"September",2007-09-01,"N.A."
"134","Manipur","Imphal",2007,"September",2007-09-01,"156.9"
"135","Manipur","Senapati",2007,"September",2007-09-01,"321.2"
"136","Manipur","Churachandpur",2007,"October",2007-10-01,"N.A."
"137","Manipur","Imphal",2007,"October",2007-10-01,"140.6"
"138","Manipur","Senapati",2007,"October",2007-10-01,"197.8"
"139","Manipur","Churachandpur",2007,"November",2007-11-01,"N.A."
"140","Manipur","Imphal",2007,"November",2007-11-01,"49.7"
"141","Manipur","Senapati",2007,"November",2007-11-01,"82.4"
"142","Manipur","Churachandpur",2007,"December",2007-12-01,"N.A."
"143","Manipur","Imphal",2007,"December",2007-12-01,"0.2"
"144","Manipur","Senapati",2007,"December",2007-12-01,"0"
"145","Manipur","Churachandpur",2008,"January",2008-01-01,"N.A."
"146","Manipur","Imphal",2008,"January",2008-01-01,"33.3"
"147","Manipur","Senapati",2008,"January",2008-01-01,"0"
"148","Manipur","Churachandpur",2008,"February",2008-02-01,"N.A."
"149","Manipur","Imphal",2008,"February",2008-02-01,"31.7"
"150","Manipur","Senapati",2008,"February",2008-02-01,"5"
"151","Manipur","Churachandpur",2008,"March",2008-03-01,"N.A."
"152","Manipur","Imphal",2008,"March",2008-03-01,"78.9"
"153","Manipur","Senapati",2008,"March",2008-03-01,"29"
"154","Manipur","Churachandpur",2008,"April",2008-04-01,"N.A."
"155","Manipur","Imphal",2008,"April",2008-04-01,"14.8"
"156","Manipur","Senapati",2008,"April",2008-04-01,"30.8"
"157","Manipur","Churachandpur",2008,"May",2008-05-01,"N.A."
"158","Manipur","Imphal",2008,"May",2008-05-01,"93.2"
"159","Manipur","Senapati",2008,"May",2008-05-01,"106.2"
"160","Manipur","Churachandpur",2008,"June",2008-06-01,"N.A."
"161","Manipur","Imphal",2008,"June",2008-06-01,"170.1"
"162","Manipur","Senapati",2008,"June",2008-06-01,"275.8"
"163","Manipur","Churachandpur",2008,"July",2008-07-01,"N.A."
"164","Manipur","Imphal",2008,"July",2008-07-01,"256"
"165","Manipur","Senapati",2008,"July",2008-07-01,"14.2"
"166","Manipur","Churachandpur",2008,"August",2008-08-01,"N.A."
"167","Manipur","Imphal",2008,"August",2008-08-01,"200.5"
"168","Manipur","Senapati",2008,"August",2008-08-01,"329.4"
"169","Manipur","Churachandpur",2008,"September",2008-09-01,"N.A."
"170","Manipur","Imphal",2008,"September",2008-09-01,"85.6"
"171","Manipur","Senapati",2008,"September",2008-09-01,"279.6"
"172","Manipur","Churachandpur",2008,"October",2008-10-01,"N.A."
"173","Manipur","Imphal",2008,"October",2008-10-01,"95.8"
"174","Manipur","Senapati",2008,"October",2008-10-01,"19.2"
"175","Manipur","Churachandpur",2008,"November",2008-11-01,"N.A."
"176","Manipur","Imphal",2008,"November",2008-11-01,"0.9"
"177","Manipur","Senapati",2008,"November",2008-11-01,"0"
"178","Manipur","Churachandpur",2008,"December",2008-12-01,"N.A."
"179","Manipur","Imphal",2008,"December",2008-12-01,"2"
"180","Manipur","Senapati",2008,"December",2008-12-01,"12"
"181","Manipur","Churachandpur",2009,"January",2009-01-01,"N.A."
"182","Manipur","Imphal",2009,"January",2009-01-01,"0"
"183","Manipur","Senapati",2009,"January",2009-01-01,"0"
"184","Manipur","Churachandpur",2009,"February",2009-02-01,"N.A."
"185","Manipur","Imphal",2009,"February",2009-02-01,"22.5"
"186","Manipur","Senapati",2009,"February",2009-02-01,"N.A."
"187","Manipur","Churachandpur",2009,"March",2009-03-01,"N.A."
"188","Manipur","Imphal",2009,"March",2009-03-01,"40.1"
"189","Manipur","Senapati",2009,"March",2009-03-01,"70.6"
"190","Manipur","Churachandpur",2009,"April",2009-04-01,"N.A."
"191","Manipur","Imphal",2009,"April",2009-04-01,"74.4"
"192","Manipur","Senapati",2009,"April",2009-04-01,"21.2"
"193","Manipur","Churachandpur",2009,"May",2009-05-01,"N.A."
"194","Manipur","Imphal",2009,"May",2009-05-01,"105.3"
"195","Manipur","Senapati",2009,"May",2009-05-01,"111.2"
"196","Manipur","Churachandpur",2009,"June",2009-06-01,"N.A."
"197","Manipur","Imphal",2009,"June",2009-06-01,"108.1"
"198","Manipur","Senapati",2009,"June",2009-06-01,"104.9"
"199","Manipur","Churachandpur",2009,"July",2009-07-01,"N.A."
"200","Manipur","Imphal",2009,"July",2009-07-01,"183.1"
"201","Manipur","Senapati",2009,"July",2009-07-01,"192.6"
"202","Manipur","Churachandpur",2009,"August",2009-08-01,"N.A."
"203","Manipur","Imphal",2009,"August",2009-08-01,"203.4"
"204","Manipur","Senapati",2009,"August",2009-08-01,"N.A."
"205","Manipur","Churachandpur",2009,"September",2009-09-01,"N.A."
"206","Manipur","Imphal",2009,"September",2009-09-01,"113.9"
"207","Manipur","Senapati",2009,"September",2009-09-01,"251.9"
"208","Manipur","Churachandpur",2009,"October",2009-10-01,"N.A."
"209","Manipur","Imphal",2009,"October",2009-10-01,"152.1"
"210","Manipur","Senapati",2009,"October",2009-10-01,"31.4"
"211","Manipur","Churachandpur",2009,"November",2009-11-01,"N.A."
"212","Manipur","Imphal",2009,"November",2009-11-01,"5.2"
"213","Manipur","Senapati",2009,"November",2009-11-01,"15"
"214","Manipur","Churachandpur",2009,"December",2009-12-01,"N.A."
"215","Manipur","Imphal",2009,"December",2009-12-01,"0"
"216","Manipur","Senapati",2009,"December",2009-12-01,"N.A."
"217","Manipur","Churachandpur",2010,"January",2010-01-01,"N.A."
"218","Manipur","Imphal",2010,"January",2010-01-01,"7.8"
"219","Manipur","Senapati",2010,"January",2010-01-01,"0"
"220","Manipur","Churachandpur",2010,"February",2010-02-01,"N.A."
"221","Manipur","Imphal",2010,"February",2010-02-01,"7"
"222","Manipur","Senapati",2010,"February",2010-02-01,"N.A."
"223","Manipur","Churachandpur",2010,"March",2010-03-01,"N.A."
"224","Manipur","Imphal",2010,"March",2010-03-01,"98.4"
"225","Manipur","Senapati",2010,"March",2010-03-01,"0"
"226","Manipur","Churachandpur",2010,"April",2010-04-01,"N.A."
"227","Manipur","Imphal",2010,"April",2010-04-01,"248.4"
"228","Manipur","Senapati",2010,"April",2010-04-01,"N.A."
"229","Manipur","Churachandpur",2010,"May",2010-05-01,"N.A."
"230","Manipur","Imphal",2010,"May",2010-05-01,"222.2"
"231","Manipur","Senapati",2010,"May",2010-05-01,"N.A."
"232","Manipur","Churachandpur",2010,"June",2010-06-01,"N.A."
"233","Manipur","Imphal",2010,"June",2010-06-01,"260.2"
"234","Manipur","Senapati",2010,"June",2010-06-01,"N.A."
"235","Manipur","Churachandpur",2010,"July",2010-07-01,"N.A."
"236","Manipur","Imphal",2010,"July",2010-07-01,"300.9"
"237","Manipur","Senapati",2010,"July",2010-07-01,"N.A."
"238","Manipur","Churachandpur",2010,"August",2010-08-01,"N.A."
"239","Manipur","Imphal",2010,"August",2010-08-01,"93"
"240","Manipur","Senapati",2010,"August",2010-08-01,"N.A."
"241","Manipur","Churachandpur",2010,"September",2010-09-01,"N.A."
"242","Manipur","Imphal",2010,"September",2010-09-01,"136.9"
"243","Manipur","Senapati",2010,"September",2010-09-01,"114"
"244","Manipur","Churachandpur",2010,"October",2010-10-01,"N.A."
"245","Manipur","Imphal",2010,"October",2010-10-01,"194.2"
"246","Manipur","Senapati",2010,"October",2010-10-01,"N.A."
"247","Manipur","Churachandpur",2010,"November",2010-11-01,"N.A."
"248","Manipur","Imphal",2010,"November",2010-11-01,"16.1"
"249","Manipur","Senapati",2010,"November",2010-11-01,"N.A."
"250","Manipur","Churachandpur",2010,"December",2010-12-01,"N.A."
"251","Manipur","Imphal",2010,"December",2010-12-01,"47.3"
"252","Manipur","Senapati",2010,"December",2010-12-01,"N.A."
