"Sr.No","State","District","Year","Month","Date","Value"
"1","Mizoram","Aizwal",2004,"January",2004-01-01,"0"
"2","Mizoram","Chhimtuipui",2004,"January",2004-01-01,"0"
"3","Mizoram","Aizwal",2004,"February",2004-02-01,"0"
"4","Mizoram","Chhimtuipui",2004,"February",2004-02-01,"N.A."
"5","Mizoram","Aizwal",2004,"March",2004-03-01,"6.4"
"6","Mizoram","Chhimtuipui",2004,"March",2004-03-01,"71"
"7","Mizoram","Aizwal",2004,"April",2004-04-01,"353.8"
"8","Mizoram","Chhimtuipui",2004,"April",2004-04-01,"N.A."
"9","Mizoram","Aizwal",2004,"May",2004-05-01,"214.8"
"10","Mizoram","Chhimtuipui",2004,"May",2004-05-01,"N.A."
"11","Mizoram","Aizwal",2004,"June",2004-06-01,"431.6"
"12","Mizoram","Chhimtuipui",2004,"June",2004-06-01,"161"
"13","Mizoram","Aizwal",2004,"July",2004-07-01,"614.8"
"14","Mizoram","Chhimtuipui",2004,"July",2004-07-01,"1217"
"15","Mizoram","Aizwal",2004,"August",2004-08-01,"379.8"
"16","Mizoram","Chhimtuipui",2004,"August",2004-08-01,"0"
"17","Mizoram","Aizwal",2004,"September",2004-09-01,"328.3"
"18","Mizoram","Chhimtuipui",2004,"September",2004-09-01,"0"
"19","Mizoram","Aizwal",2004,"October",2004-10-01,"133.6"
"20","Mizoram","Chhimtuipui",2004,"October",2004-10-01,"135"
"21","Mizoram","Aizwal",2004,"November",2004-11-01,"2.1"
"22","Mizoram","Chhimtuipui",2004,"November",2004-11-01,"12"
"23","Mizoram","Aizwal",2004,"December",2004-12-01,"0.7"
"24","Mizoram","Chhimtuipui",2004,"December",2004-12-01,"0"
"25","Mizoram","Aizwal",2005,"January",2005-01-01,"6.1"
"26","Mizoram","Chhimtuipui",2005,"January",2005-01-01,"N.A."
"27","Mizoram","Aizwal",2005,"February",2005-02-01,"6.7"
"28","Mizoram","Chhimtuipui",2005,"February",2005-02-01,"0"
"29","Mizoram","Aizwal",2005,"March",2005-03-01,"153.7"
"30","Mizoram","Chhimtuipui",2005,"March",2005-03-01,"N.A."
"31","Mizoram","Aizwal",2005,"April",2005-04-01,"85.1"
"32","Mizoram","Chhimtuipui",2005,"April",2005-04-01,"16"
"33","Mizoram","Aizwal",2005,"May",2005-05-01,"295.5"
"34","Mizoram","Chhimtuipui",2005,"May",2005-05-01,"62"
"35","Mizoram","Aizwal",2005,"June",2005-06-01,"118.5"
"36","Mizoram","Chhimtuipui",2005,"June",2005-06-01,"171.5"
"37","Mizoram","Aizwal",2005,"July",2005-07-01,"410.7"
"38","Mizoram","Chhimtuipui",2005,"July",2005-07-01,"242"
"39","Mizoram","Aizwal",2005,"August",2005-08-01,"250.6"
"40","Mizoram","Chhimtuipui",2005,"August",2005-08-01,"N.A."
"41","Mizoram","Aizwal",2005,"September",2005-09-01,"308.7"
"42","Mizoram","Chhimtuipui",2005,"September",2005-09-01,"486"
"43","Mizoram","Aizwal",2005,"October",2005-10-01,"222"
"44","Mizoram","Chhimtuipui",2005,"October",2005-10-01,"N.A."
"45","Mizoram","Aizwal",2005,"November",2005-11-01,"34.8"
"46","Mizoram","Chhimtuipui",2005,"November",2005-11-01,"5"
"47","Mizoram","Aizwal",2005,"December",2005-12-01,"5.4"
"48","Mizoram","Chhimtuipui",2005,"December",2005-12-01,"0"
"49","Mizoram","Aizwal",2006,"January",2006-01-01,"0"
"50","Mizoram","Chhimtuipui",2006,"January",2006-01-01,"0"
"51","Mizoram","Aizwal",2006,"February",2006-02-01,"4.8"
"52","Mizoram","Chhimtuipui",2006,"February",2006-02-01,"0"
"53","Mizoram","Aizwal",2006,"March",2006-03-01,"1.5"
"54","Mizoram","Chhimtuipui",2006,"March",2006-03-01,"0"
"55","Mizoram","Aizwal",2006,"April",2006-04-01,"57.1"
"56","Mizoram","Chhimtuipui",2006,"April",2006-04-01,"5"
"57","Mizoram","Aizwal",2006,"May",2006-05-01,"387.5"
"58","Mizoram","Chhimtuipui",2006,"May",2006-05-01,"350"
"59","Mizoram","Aizwal",2006,"June",2006-06-01,"469.1"
"60","Mizoram","Chhimtuipui",2006,"June",2006-06-01,"458"
"61","Mizoram","Aizwal",2006,"July",2006-07-01,"411.2"
"62","Mizoram","Chhimtuipui",2006,"July",2006-07-01,"779"
"63","Mizoram","Aizwal",2006,"August",2006-08-01,"264.4"
"64","Mizoram","Chhimtuipui",2006,"August",2006-08-01,"434.5"
"65","Mizoram","Aizwal",2006,"September",2006-09-01,"242.2"
"66","Mizoram","Chhimtuipui",2006,"September",2006-09-01,"324.5"
"67","Mizoram","Aizwal",2006,"October",2006-10-01,"182.7"
"68","Mizoram","Chhimtuipui",2006,"October",2006-10-01,"205"
"69","Mizoram","Aizwal",2006,"November",2006-11-01,"2.5"
"70","Mizoram","Chhimtuipui",2006,"November",2006-11-01,"0"
"71","Mizoram","Aizwal",2006,"December",2006-12-01,"0"
"72","Mizoram","Chhimtuipui",2006,"December",2006-12-01,"0"
"73","Mizoram","Aizwal",2007,"January",2007-01-01,"0"
"74","Mizoram","Chhimtuipui",2007,"January",2007-01-01,"0"
"75","Mizoram","Aizwal",2007,"February",2007-02-01,"61.3"
"76","Mizoram","Chhimtuipui",2007,"February",2007-02-01,"0"
"77","Mizoram","Aizwal",2007,"March",2007-03-01,"26.9"
"78","Mizoram","Chhimtuipui",2007,"March",2007-03-01,"0.1"
"79","Mizoram","Aizwal",2007,"April",2007-04-01,"222.2"
"80","Mizoram","Chhimtuipui",2007,"April",2007-04-01,"241"
"81","Mizoram","Aizwal",2007,"May",2007-05-01,"201.1"
"82","Mizoram","Chhimtuipui",2007,"May",2007-05-01,"0"
"83","Mizoram","Aizwal",2007,"June",2007-06-01,"511.6"
"84","Mizoram","Chhimtuipui",2007,"June",2007-06-01,"791.8"
"85","Mizoram","Aizwal",2007,"July",2007-07-01,"424.5"
"86","Mizoram","Chhimtuipui",2007,"July",2007-07-01,"473"
"87","Mizoram","Aizwal",2007,"August",2007-08-01,"447.1"
"88","Mizoram","Chhimtuipui",2007,"August",2007-08-01,"0"
"89","Mizoram","Aizwal",2007,"September",2007-09-01,"580.3"
"90","Mizoram","Chhimtuipui",2007,"September",2007-09-01,"851.3"
"91","Mizoram","Aizwal",2007,"October",2007-10-01,"185.6"
"92","Mizoram","Chhimtuipui",2007,"October",2007-10-01,"189"
"93","Mizoram","Aizwal",2007,"November",2007-11-01,"99.3"
"94","Mizoram","Chhimtuipui",2007,"November",2007-11-01,"0"
"95","Mizoram","Aizwal",2007,"December",2007-12-01,"0"
"96","Mizoram","Chhimtuipui",2007,"December",2007-12-01,"0"
"97","Mizoram","Aizwal",2008,"January",2008-01-01,"37.7"
"98","Mizoram","Chhimtuipui",2008,"January",2008-01-01,"N.A."
"99","Mizoram","Aizwal",2008,"February",2008-02-01,"9.4"
"100","Mizoram","Chhimtuipui",2008,"February",2008-02-01,"0"
"101","Mizoram","Aizwal",2008,"March",2008-03-01,"9.2"
"102","Mizoram","Chhimtuipui",2008,"March",2008-03-01,"N.A."
"103","Mizoram","Aizwal",2008,"April",2008-04-01,"55.5"
"104","Mizoram","Chhimtuipui",2008,"April",2008-04-01,"0"
"105","Mizoram","Aizwal",2008,"May",2008-05-01,"140.4"
"106","Mizoram","Chhimtuipui",2008,"May",2008-05-01,"0"
"107","Mizoram","Aizwal",2008,"June",2008-06-01,"246.3"
"108","Mizoram","Chhimtuipui",2008,"June",2008-06-01,"N.A."
"109","Mizoram","Aizwal",2008,"July",2008-07-01,"258.8"
"110","Mizoram","Chhimtuipui",2008,"July",2008-07-01,"N.A."
"111","Mizoram","Aizwal",2008,"August",2008-08-01,"426.4"
"112","Mizoram","Chhimtuipui",2008,"August",2008-08-01,"N.A."
"113","Mizoram","Aizwal",2008,"September",2008-09-01,"377.8"
"114","Mizoram","Chhimtuipui",2008,"September",2008-09-01,"337.5"
"115","Mizoram","Aizwal",2008,"October",2008-10-01,"164.8"
"116","Mizoram","Chhimtuipui",2008,"October",2008-10-01,"N.A."
"117","Mizoram","Aizwal",2008,"November",2008-11-01,"24.6"
"118","Mizoram","Chhimtuipui",2008,"November",2008-11-01,"N.A."
"119","Mizoram","Aizwal",2008,"December",2008-12-01,"0"
"120","Mizoram","Chhimtuipui",2008,"December",2008-12-01,"N.A."
"121","Mizoram","Aizwal",2009,"January",2009-01-01,"0"
"122","Mizoram","Chhimtuipui",2009,"January",2009-01-01,"N.A."
"123","Mizoram","Aizwal",2009,"February",2009-02-01,"0.3"
"124","Mizoram","Chhimtuipui",2009,"February",2009-02-01,"0"
"125","Mizoram","Aizwal",2009,"March",2009-03-01,"N.A."
"126","Mizoram","Chhimtuipui",2009,"March",2009-03-01,"20.7"
"127","Mizoram","Aizwal",2009,"April",2009-04-01,"125.8"
"128","Mizoram","Chhimtuipui",2009,"April",2009-04-01,"79"
"129","Mizoram","Aizwal",2009,"May",2009-05-01,"201.4"
"130","Mizoram","Chhimtuipui",2009,"May",2009-05-01,"N.A."
"131","Mizoram","Aizwal",2009,"June",2009-06-01,"207.5"
"132","Mizoram","Chhimtuipui",2009,"June",2009-06-01,"N.A."
"133","Mizoram","Aizwal",2009,"July",2009-07-01,"300.3"
"134","Mizoram","Chhimtuipui",2009,"July",2009-07-01,"N.A."
"135","Mizoram","Aizwal",2009,"August",2009-08-01,"331.6"
"136","Mizoram","Chhimtuipui",2009,"August",2009-08-01,"N.A."
"137","Mizoram","Aizwal",2009,"September",2009-09-01,"249"
"138","Mizoram","Chhimtuipui",2009,"September",2009-09-01,"N.A."
"139","Mizoram","Aizwal",2009,"October",2009-10-01,"231.9"
"140","Mizoram","Chhimtuipui",2009,"October",2009-10-01,"N.A."
"141","Mizoram","Aizwal",2009,"November",2009-11-01,"12"
"142","Mizoram","Chhimtuipui",2009,"November",2009-11-01,"N.A."
"143","Mizoram","Aizwal",2009,"December",2009-12-01,"0"
"144","Mizoram","Chhimtuipui",2009,"December",2009-12-01,"N.A."
"145","Mizoram","Aizwal",2010,"January",2010-01-01,"0.1"
"146","Mizoram","Chhimtuipui",2010,"January",2010-01-01,"N.A."
"147","Mizoram","Aizwal",2010,"February",2010-02-01,"15.8"
"148","Mizoram","Chhimtuipui",2010,"February",2010-02-01,"N.A."
"149","Mizoram","Aizwal",2010,"March",2010-03-01,"135"
"150","Mizoram","Chhimtuipui",2010,"March",2010-03-01,"N.A."
"151","Mizoram","Aizwal",2010,"April",2010-04-01,"197.7"
"152","Mizoram","Chhimtuipui",2010,"April",2010-04-01,"N.A."
"153","Mizoram","Aizwal",2010,"May",2010-05-01,"308"
"154","Mizoram","Chhimtuipui",2010,"May",2010-05-01,"N.A."
"155","Mizoram","Aizwal",2010,"June",2010-06-01,"383.5"
"156","Mizoram","Chhimtuipui",2010,"June",2010-06-01,"N.A."
"157","Mizoram","Aizwal",2010,"July",2010-07-01,"282.6"
"158","Mizoram","Chhimtuipui",2010,"July",2010-07-01,"N.A."
"159","Mizoram","Aizwal",2010,"August",2010-08-01,"493.8"
"160","Mizoram","Chhimtuipui",2010,"August",2010-08-01,"N.A."
"161","Mizoram","Aizwal",2010,"September",2010-09-01,"405.7"
"162","Mizoram","Chhimtuipui",2010,"September",2010-09-01,"N.A."
"163","Mizoram","Aizwal",2010,"October",2010-10-01,"246.3"
"164","Mizoram","Chhimtuipui",2010,"October",2010-10-01,"N.A."
"165","Mizoram","Aizwal",2010,"November",2010-11-01,"15.2"
"166","Mizoram","Chhimtuipui",2010,"November",2010-11-01,"N.A."
"167","Mizoram","Aizwal",2010,"December",2010-12-01,"49.2"
"168","Mizoram","Chhimtuipui",2010,"December",2010-12-01,"0"
