"Sr.No","State","District","Year","Month","Date","Value"
"1","Nagaland","Kohima",2004,"January",2004-01-01,"2.9"
"2","Nagaland","Mon",2004,"January",2004-01-01,"14"
"3","Nagaland","Phek",2004,"January",2004-01-01,"2.2"
"4","Nagaland","Tuensang",2004,"January",2004-01-01,"24.8"
"5","Nagaland","Kohima",2004,"February",2004-02-01,"3.5"
"6","Nagaland","Mon",2004,"February",2004-02-01,"14"
"7","Nagaland","Phek",2004,"February",2004-02-01,"2.8"
"8","Nagaland","Tuensang",2004,"February",2004-02-01,"N.A."
"9","Nagaland","Kohima",2004,"March",2004-03-01,"10.6"
"10","Nagaland","Mon",2004,"March",2004-03-01,"20"
"11","Nagaland","Phek",2004,"March",2004-03-01,"7"
"12","Nagaland","Tuensang",2004,"March",2004-03-01,"4.2"
"13","Nagaland","Kohima",2004,"April",2004-04-01,"217"
"14","Nagaland","Mon",2004,"April",2004-04-01,"10.6"
"15","Nagaland","Phek",2004,"April",2004-04-01,"275.6"
"16","Nagaland","Tuensang",2004,"April",2004-04-01,"4.3"
"17","Nagaland","Kohima",2004,"May",2004-05-01,"174.5"
"18","Nagaland","Mon",2004,"May",2004-05-01,"N.A."
"19","Nagaland","Phek",2004,"May",2004-05-01,"126.7"
"20","Nagaland","Tuensang",2004,"May",2004-05-01,"63.9"
"21","Nagaland","Kohima",2004,"June",2004-06-01,"209.2"
"22","Nagaland","Mon",2004,"June",2004-06-01,"242"
"23","Nagaland","Phek",2004,"June",2004-06-01,"215.8"
"24","Nagaland","Tuensang",2004,"June",2004-06-01,"116.2"
"25","Nagaland","Kohima",2004,"July",2004-07-01,"547.9"
"26","Nagaland","Mon",2004,"July",2004-07-01,"447"
"27","Nagaland","Phek",2004,"July",2004-07-01,"450"
"28","Nagaland","Tuensang",2004,"July",2004-07-01,"171.9"
"29","Nagaland","Kohima",2004,"August",2004-08-01,"237.6"
"30","Nagaland","Mon",2004,"August",2004-08-01,"164"
"31","Nagaland","Phek",2004,"August",2004-08-01,"224.5"
"32","Nagaland","Tuensang",2004,"August",2004-08-01,"102"
"33","Nagaland","Kohima",2004,"September",2004-09-01,"285.2"
"34","Nagaland","Mon",2004,"September",2004-09-01,"83.2"
"35","Nagaland","Phek",2004,"September",2004-09-01,"253.9"
"36","Nagaland","Tuensang",2004,"September",2004-09-01,"122.3"
"37","Nagaland","Kohima",2004,"October",2004-10-01,"161"
"38","Nagaland","Mon",2004,"October",2004-10-01,"193"
"39","Nagaland","Phek",2004,"October",2004-10-01,"205.3"
"40","Nagaland","Tuensang",2004,"October",2004-10-01,"85"
"41","Nagaland","Kohima",2004,"November",2004-11-01,"15.3"
"42","Nagaland","Mon",2004,"November",2004-11-01,"0"
"43","Nagaland","Phek",2004,"November",2004-11-01,"17"
"44","Nagaland","Tuensang",2004,"November",2004-11-01,"7.6"
"45","Nagaland","Kohima",2004,"December",2004-12-01,"0.2"
"46","Nagaland","Mon",2004,"December",2004-12-01,"0"
"47","Nagaland","Phek",2004,"December",2004-12-01,"0"
"48","Nagaland","Tuensang",2004,"December",2004-12-01,"1.6"
"49","Nagaland","Kohima",2005,"January",2005-01-01,"7.6"
"50","Nagaland","Mon",2005,"January",2005-01-01,"N.A."
"51","Nagaland","Phek",2005,"January",2005-01-01,"2.4"
"52","Nagaland","Tuensang",2005,"January",2005-01-01,"N.A."
"53","Nagaland","Kohima",2005,"February",2005-02-01,"33.3"
"54","Nagaland","Mon",2005,"February",2005-02-01,"40"
"55","Nagaland","Phek",2005,"February",2005-02-01,"29.8"
"56","Nagaland","Tuensang",2005,"February",2005-02-01,"2.1"
"57","Nagaland","Kohima",2005,"March",2005-03-01,"101.2"
"58","Nagaland","Mon",2005,"March",2005-03-01,"360"
"59","Nagaland","Phek",2005,"March",2005-03-01,"143.8"
"60","Nagaland","Tuensang",2005,"March",2005-03-01,"49.8"
"61","Nagaland","Kohima",2005,"April",2005-04-01,"55.4"
"62","Nagaland","Mon",2005,"April",2005-04-01,"163"
"63","Nagaland","Phek",2005,"April",2005-04-01,"61.9"
"64","Nagaland","Tuensang",2005,"April",2005-04-01,"25.1"
"65","Nagaland","Kohima",2005,"May",2005-05-01,"171.1"
"66","Nagaland","Mon",2005,"May",2005-05-01,"73"
"67","Nagaland","Phek",2005,"May",2005-05-01,"227.4"
"68","Nagaland","Tuensang",2005,"May",2005-05-01,"78"
"69","Nagaland","Kohima",2005,"June",2005-06-01,"263.8"
"70","Nagaland","Mon",2005,"June",2005-06-01,"108"
"71","Nagaland","Phek",2005,"June",2005-06-01,"294.2"
"72","Nagaland","Tuensang",2005,"June",2005-06-01,"76.4"
"73","Nagaland","Kohima",2005,"July",2005-07-01,"175.6"
"74","Nagaland","Mon",2005,"July",2005-07-01,"168.5"
"75","Nagaland","Phek",2005,"July",2005-07-01,"235"
"76","Nagaland","Tuensang",2005,"July",2005-07-01,"118.9"
"77","Nagaland","Kohima",2005,"August",2005-08-01,"346.1"
"78","Nagaland","Mon",2005,"August",2005-08-01,"N.A."
"79","Nagaland","Phek",2005,"August",2005-08-01,"161"
"80","Nagaland","Tuensang",2005,"August",2005-08-01,"86.5"
"81","Nagaland","Kohima",2005,"September",2005-09-01,"255.7"
"82","Nagaland","Mon",2005,"September",2005-09-01,"N.A."
"83","Nagaland","Phek",2005,"September",2005-09-01,"108.2"
"84","Nagaland","Tuensang",2005,"September",2005-09-01,"66.4"
"85","Nagaland","Kohima",2005,"October",2005-10-01,"147.7"
"86","Nagaland","Mon",2005,"October",2005-10-01,"N.A."
"87","Nagaland","Phek",2005,"October",2005-10-01,"166.2"
"88","Nagaland","Tuensang",2005,"October",2005-10-01,"105"
"89","Nagaland","Kohima",2005,"November",2005-11-01,"4.5"
"90","Nagaland","Mon",2005,"November",2005-11-01,"N.A."
"91","Nagaland","Phek",2005,"November",2005-11-01,"4.4"
"92","Nagaland","Tuensang",2005,"November",2005-11-01,"N.A."
"93","Nagaland","Kohima",2005,"December",2005-12-01,"8.3"
"94","Nagaland","Mon",2005,"December",2005-12-01,"13"
"95","Nagaland","Phek",2005,"December",2005-12-01,"23.4"
"96","Nagaland","Tuensang",2005,"December",2005-12-01,"3.8"
"97","Nagaland","Kohima",2006,"January",2006-01-01,"0"
"98","Nagaland","Mon",2006,"January",2006-01-01,"7.4"
"99","Nagaland","Phek",2006,"January",2006-01-01,"0"
"100","Nagaland","Tuensang",2006,"January",2006-01-01,"0"
"101","Nagaland","Kohima",2006,"February",2006-02-01,"22.7"
"102","Nagaland","Mon",2006,"February",2006-02-01,"103.3"
"103","Nagaland","Phek",2006,"February",2006-02-01,"15.6"
"104","Nagaland","Tuensang",2006,"February",2006-02-01,"1.6"
"105","Nagaland","Kohima",2006,"March",2006-03-01,"10.6"
"106","Nagaland","Mon",2006,"March",2006-03-01,"11.4"
"107","Nagaland","Phek",2006,"March",2006-03-01,"7.8"
"108","Nagaland","Tuensang",2006,"March",2006-03-01,"0"
"109","Nagaland","Kohima",2006,"April",2006-04-01,"85"
"110","Nagaland","Mon",2006,"April",2006-04-01,"316"
"111","Nagaland","Phek",2006,"April",2006-04-01,"127.2"
"112","Nagaland","Tuensang",2006,"April",2006-04-01,"37.2"
"113","Nagaland","Kohima",2006,"May",2006-05-01,"214"
"114","Nagaland","Mon",2006,"May",2006-05-01,"176.8"
"115","Nagaland","Phek",2006,"May",2006-05-01,"109"
"116","Nagaland","Tuensang",2006,"May",2006-05-01,"58.8"
"117","Nagaland","Kohima",2006,"June",2006-06-01,"309.8"
"118","Nagaland","Mon",2006,"June",2006-06-01,"183.4"
"119","Nagaland","Phek",2006,"June",2006-06-01,"232.2"
"120","Nagaland","Tuensang",2006,"June",2006-06-01,"130.9"
"121","Nagaland","Kohima",2006,"July",2006-07-01,"234.9"
"122","Nagaland","Mon",2006,"July",2006-07-01,"257.6"
"123","Nagaland","Phek",2006,"July",2006-07-01,"211.4"
"124","Nagaland","Tuensang",2006,"July",2006-07-01,"173.2"
"125","Nagaland","Kohima",2006,"August",2006-08-01,"102.5"
"126","Nagaland","Mon",2006,"August",2006-08-01,"190.8"
"127","Nagaland","Phek",2006,"August",2006-08-01,"100.2"
"128","Nagaland","Tuensang",2006,"August",2006-08-01,"49.6"
"129","Nagaland","Kohima",2006,"September",2006-09-01,"261.3"
"130","Nagaland","Mon",2006,"September",2006-09-01,"299.6"
"131","Nagaland","Phek",2006,"September",2006-09-01,"281.4"
"132","Nagaland","Tuensang",2006,"September",2006-09-01,"83.2"
"133","Nagaland","Kohima",2006,"October",2006-10-01,"83.5"
"134","Nagaland","Mon",2006,"October",2006-10-01,"N.A."
"135","Nagaland","Phek",2006,"October",2006-10-01,"76.6"
"136","Nagaland","Tuensang",2006,"October",2006-10-01,"44"
"137","Nagaland","Kohima",2006,"November",2006-11-01,"25.4"
"138","Nagaland","Mon",2006,"November",2006-11-01,"18.8"
"139","Nagaland","Phek",2006,"November",2006-11-01,"21.8"
"140","Nagaland","Tuensang",2006,"November",2006-11-01,"5.5"
"141","Nagaland","Kohima",2006,"December",2006-12-01,"10.4"
"142","Nagaland","Mon",2006,"December",2006-12-01,"9.2"
"143","Nagaland","Phek",2006,"December",2006-12-01,"0"
"144","Nagaland","Tuensang",2006,"December",2006-12-01,"0"
"145","Nagaland","Kohima",2007,"January",2007-01-01,"1.3"
"146","Nagaland","Mon",2007,"January",2007-01-01,"0"
"147","Nagaland","Phek",2007,"January",2007-01-01,"0"
"148","Nagaland","Tuensang",2007,"January",2007-01-01,"0.1"
"149","Nagaland","Kohima",2007,"February",2007-02-01,"63.9"
"150","Nagaland","Mon",2007,"February",2007-02-01,"0"
"151","Nagaland","Phek",2007,"February",2007-02-01,"81"
"152","Nagaland","Tuensang",2007,"February",2007-02-01,"0"
"153","Nagaland","Kohima",2007,"March",2007-03-01,"23.3"
"154","Nagaland","Mon",2007,"March",2007-03-01,"72.6"
"155","Nagaland","Phek",2007,"March",2007-03-01,"6.8"
"156","Nagaland","Tuensang",2007,"March",2007-03-01,"10.2"
"157","Nagaland","Kohima",2007,"April",2007-04-01,"103.2"
"158","Nagaland","Mon",2007,"April",2007-04-01,"279.6"
"159","Nagaland","Phek",2007,"April",2007-04-01,"88.4"
"160","Nagaland","Tuensang",2007,"April",2007-04-01,"43"
"161","Nagaland","Kohima",2007,"May",2007-05-01,"243.9"
"162","Nagaland","Mon",2007,"May",2007-05-01,"158.8"
"163","Nagaland","Phek",2007,"May",2007-05-01,"200.4"
"164","Nagaland","Tuensang",2007,"May",2007-05-01,"105.2"
"165","Nagaland","Kohima",2007,"June",2007-06-01,"286.7"
"166","Nagaland","Mon",2007,"June",2007-06-01,"349.6"
"167","Nagaland","Phek",2007,"June",2007-06-01,"306.4"
"168","Nagaland","Tuensang",2007,"June",2007-06-01,"111.4"
"169","Nagaland","Kohima",2007,"July",2007-07-01,"318.1"
"170","Nagaland","Mon",2007,"July",2007-07-01,"N.A."
"171","Nagaland","Phek",2007,"July",2007-07-01,"325.4"
"172","Nagaland","Tuensang",2007,"July",2007-07-01,"257.8"
"173","Nagaland","Kohima",2007,"August",2007-08-01,"458.3"
"174","Nagaland","Mon",2007,"August",2007-08-01,"386"
"175","Nagaland","Phek",2007,"August",2007-08-01,"213.4"
"176","Nagaland","Tuensang",2007,"August",2007-08-01,"152.6"
"177","Nagaland","Kohima",2007,"September",2007-09-01,"196.5"
"178","Nagaland","Mon",2007,"September",2007-09-01,"405"
"179","Nagaland","Phek",2007,"September",2007-09-01,"217.8"
"180","Nagaland","Tuensang",2007,"September",2007-09-01,"167.9"
"181","Nagaland","Kohima",2007,"October",2007-10-01,"195.2"
"182","Nagaland","Mon",2007,"October",2007-10-01,"N.A."
"183","Nagaland","Phek",2007,"October",2007-10-01,"185.1"
"184","Nagaland","Tuensang",2007,"October",2007-10-01,"N.A."
"185","Nagaland","Kohima",2007,"November",2007-11-01,"77.7"
"186","Nagaland","Mon",2007,"November",2007-11-01,"N.A."
"187","Nagaland","Phek",2007,"November",2007-11-01,"64.2"
"188","Nagaland","Tuensang",2007,"November",2007-11-01,"45.6"
"189","Nagaland","Kohima",2007,"December",2007-12-01,"7.3"
"190","Nagaland","Mon",2007,"December",2007-12-01,"13.5"
"191","Nagaland","Phek",2007,"December",2007-12-01,"13.8"
"192","Nagaland","Tuensang",2007,"December",2007-12-01,"30"
"193","Nagaland","Kohima",2008,"January",2008-01-01,"41.9"
"194","Nagaland","Mon",2008,"January",2008-01-01,"N.A."
"195","Nagaland","Phek",2008,"January",2008-01-01,"40"
"196","Nagaland","Tuensang",2008,"January",2008-01-01,"33.4"
"197","Nagaland","Kohima",2008,"February",2008-02-01,"5.4"
"198","Nagaland","Mon",2008,"February",2008-02-01,"N.A."
"199","Nagaland","Phek",2008,"February",2008-02-01,"10"
"200","Nagaland","Tuensang",2008,"February",2008-02-01,"3.8"
"201","Nagaland","Kohima",2008,"March",2008-03-01,"64.5"
"202","Nagaland","Mon",2008,"March",2008-03-01,"117"
"203","Nagaland","Phek",2008,"March",2008-03-01,"43.6"
"204","Nagaland","Tuensang",2008,"March",2008-03-01,"5"
"205","Nagaland","Kohima",2008,"April",2008-04-01,"37.4"
"206","Nagaland","Mon",2008,"April",2008-04-01,"0"
"207","Nagaland","Phek",2008,"April",2008-04-01,"31.8"
"208","Nagaland","Tuensang",2008,"April",2008-04-01,"21"
"209","Nagaland","Kohima",2008,"May",2008-05-01,"182"
"210","Nagaland","Mon",2008,"May",2008-05-01,"206.8"
"211","Nagaland","Phek",2008,"May",2008-05-01,"189"
"212","Nagaland","Tuensang",2008,"May",2008-05-01,"26.2"
"213","Nagaland","Kohima",2008,"June",2008-06-01,"350.3"
"214","Nagaland","Mon",2008,"June",2008-06-01,"N.A."
"215","Nagaland","Phek",2008,"June",2008-06-01,"353.6"
"216","Nagaland","Tuensang",2008,"June",2008-06-01,"197"
"217","Nagaland","Kohima",2008,"July",2008-07-01,"406.4"
"218","Nagaland","Mon",2008,"July",2008-07-01,"N.A."
"219","Nagaland","Phek",2008,"July",2008-07-01,"169.6"
"220","Nagaland","Tuensang",2008,"July",2008-07-01,"138.2"
"221","Nagaland","Kohima",2008,"August",2008-08-01,"300.5"
"222","Nagaland","Mon",2008,"August",2008-08-01,"N.A."
"223","Nagaland","Phek",2008,"August",2008-08-01,"225.6"
"224","Nagaland","Tuensang",2008,"August",2008-08-01,"134.9"
"225","Nagaland","Kohima",2008,"September",2008-09-01,"349.8"
"226","Nagaland","Mon",2008,"September",2008-09-01,"152.1"
"227","Nagaland","Phek",2008,"September",2008-09-01,"143"
"228","Nagaland","Tuensang",2008,"September",2008-09-01,"48.9"
"229","Nagaland","Kohima",2008,"October",2008-10-01,"131.1"
"230","Nagaland","Mon",2008,"October",2008-10-01,"N.A."
"231","Nagaland","Phek",2008,"October",2008-10-01,"131.8"
"232","Nagaland","Tuensang",2008,"October",2008-10-01,"91.4"
"233","Nagaland","Kohima",2008,"November",2008-11-01,"0"
"234","Nagaland","Mon",2008,"November",2008-11-01,"N.A."
"235","Nagaland","Phek",2008,"November",2008-11-01,"0.4"
"236","Nagaland","Tuensang",2008,"November",2008-11-01,"0"
"237","Nagaland","Kohima",2008,"December",2008-12-01,"6.4"
"238","Nagaland","Mon",2008,"December",2008-12-01,"0"
"239","Nagaland","Phek",2008,"December",2008-12-01,"5.8"
"240","Nagaland","Tuensang",2008,"December",2008-12-01,"2.3"
"241","Nagaland","Kohima",2009,"January",2009-01-01,"0"
"242","Nagaland","Mon",2009,"January",2009-01-01,"N.A."
"243","Nagaland","Phek",2009,"January",2009-01-01,"1.4"
"244","Nagaland","Tuensang",2009,"January",2009-01-01,"0"
"245","Nagaland","Kohima",2009,"February",2009-02-01,"7.9"
"246","Nagaland","Mon",2009,"February",2009-02-01,"6.2"
"247","Nagaland","Phek",2009,"February",2009-02-01,"6.8"
"248","Nagaland","Tuensang",2009,"February",2009-02-01,"3.5"
"249","Nagaland","Kohima",2009,"March",2009-03-01,"24.6"
"250","Nagaland","Mon",2009,"March",2009-03-01,"41"
"251","Nagaland","Phek",2009,"March",2009-03-01,"9.6"
"252","Nagaland","Tuensang",2009,"March",2009-03-01,"13.7"
"253","Nagaland","Kohima",2009,"April",2009-04-01,"33.7"
"254","Nagaland","Mon",2009,"April",2009-04-01,"90.6"
"255","Nagaland","Phek",2009,"April",2009-04-01,"57.8"
"256","Nagaland","Tuensang",2009,"April",2009-04-01,"29.7"
"257","Nagaland","Kohima",2009,"May",2009-05-01,"146.6"
"258","Nagaland","Mon",2009,"May",2009-05-01,"97.8"
"259","Nagaland","Phek",2009,"May",2009-05-01,"164.4"
"260","Nagaland","Tuensang",2009,"May",2009-05-01,"64.2"
"261","Nagaland","Kohima",2009,"June",2009-06-01,"161.5"
"262","Nagaland","Mon",2009,"June",2009-06-01,"145.9"
"263","Nagaland","Phek",2009,"June",2009-06-01,"157.2"
"264","Nagaland","Tuensang",2009,"June",2009-06-01,"115.4"
"265","Nagaland","Kohima",2009,"July",2009-07-01,"243.7"
"266","Nagaland","Mon",2009,"July",2009-07-01,"N.A."
"267","Nagaland","Phek",2009,"July",2009-07-01,"182.2"
"268","Nagaland","Tuensang",2009,"July",2009-07-01,"184.5"
"269","Nagaland","Kohima",2009,"August",2009-08-01,"367.1"
"270","Nagaland","Mon",2009,"August",2009-08-01,"N.A."
"271","Nagaland","Phek",2009,"August",2009-08-01,"273.8"
"272","Nagaland","Tuensang",2009,"August",2009-08-01,"207.3"
"273","Nagaland","Kohima",2009,"September",2009-09-01,"190.1"
"274","Nagaland","Mon",2009,"September",2009-09-01,"164"
"275","Nagaland","Phek",2009,"September",2009-09-01,"84.8"
"276","Nagaland","Tuensang",2009,"September",2009-09-01,"128.9"
"277","Nagaland","Kohima",2009,"October",2009-10-01,"122.1"
"278","Nagaland","Mon",2009,"October",2009-10-01,"118.4"
"279","Nagaland","Phek",2009,"October",2009-10-01,"109.4"
"280","Nagaland","Tuensang",2009,"October",2009-10-01,"74.2"
"281","Nagaland","Kohima",2009,"November",2009-11-01,"10.5"
"282","Nagaland","Mon",2009,"November",2009-11-01,"31"
"283","Nagaland","Phek",2009,"November",2009-11-01,"1.2"
"284","Nagaland","Tuensang",2009,"November",2009-11-01,"0"
"285","Nagaland","Kohima",2009,"December",2009-12-01,"0"
"286","Nagaland","Mon",2009,"December",2009-12-01,"N.A."
"287","Nagaland","Phek",2009,"December",2009-12-01,"0"
"288","Nagaland","Tuensang",2009,"December",2009-12-01,"0"
"289","Nagaland","Kohima",2010,"January",2010-01-01,"2.4"
"290","Nagaland","Mon",2010,"January",2010-01-01,"0.5"
"291","Nagaland","Phek",2010,"January",2010-01-01,"0"
"292","Nagaland","Tuensang",2010,"January",2010-01-01,"N.A."
"293","Nagaland","Kohima",2010,"February",2010-02-01,"13"
"294","Nagaland","Mon",2010,"February",2010-02-01,"7.1"
"295","Nagaland","Phek",2010,"February",2010-02-01,"0.6"
"296","Nagaland","Tuensang",2010,"February",2010-02-01,"N.A."
"297","Nagaland","Kohima",2010,"March",2010-03-01,"60.9"
"298","Nagaland","Mon",2010,"March",2010-03-01,"9"
"299","Nagaland","Phek",2010,"March",2010-03-01,"0"
"300","Nagaland","Tuensang",2010,"March",2010-03-01,"N.A."
"301","Nagaland","Kohima",2010,"April",2010-04-01,"84.1"
"302","Nagaland","Mon",2010,"April",2010-04-01,"N.A."
"303","Nagaland","Phek",2010,"April",2010-04-01,"0"
"304","Nagaland","Tuensang",2010,"April",2010-04-01,"N.A."
"305","Nagaland","Kohima",2010,"May",2010-05-01,"98.9"
"306","Nagaland","Mon",2010,"May",2010-05-01,"N.A."
"307","Nagaland","Phek",2010,"May",2010-05-01,"109.5"
"308","Nagaland","Tuensang",2010,"May",2010-05-01,"N.A."
"309","Nagaland","Kohima",2010,"June",2010-06-01,"329.3"
"310","Nagaland","Mon",2010,"June",2010-06-01,"N.A."
"311","Nagaland","Phek",2010,"June",2010-06-01,"339.8"
"312","Nagaland","Tuensang",2010,"June",2010-06-01,"N.A."
"313","Nagaland","Kohima",2010,"July",2010-07-01,"451.6"
"314","Nagaland","Mon",2010,"July",2010-07-01,"N.A."
"315","Nagaland","Phek",2010,"July",2010-07-01,"253.6"
"316","Nagaland","Tuensang",2010,"July",2010-07-01,"N.A."
"317","Nagaland","Kohima",2010,"August",2010-08-01,"516.8"
"318","Nagaland","Mon",2010,"August",2010-08-01,"N.A."
"319","Nagaland","Phek",2010,"August",2010-08-01,"288"
"320","Nagaland","Tuensang",2010,"August",2010-08-01,"N.A."
"321","Nagaland","Kohima",2010,"September",2010-09-01,"228.5"
"322","Nagaland","Mon",2010,"September",2010-09-01,"282.5"
"323","Nagaland","Phek",2010,"September",2010-09-01,"212.6"
"324","Nagaland","Tuensang",2010,"September",2010-09-01,"N.A."
"325","Nagaland","Kohima",2010,"October",2010-10-01,"73.7"
"326","Nagaland","Mon",2010,"October",2010-10-01,"N.A."
"327","Nagaland","Phek",2010,"October",2010-10-01,"193"
"328","Nagaland","Tuensang",2010,"October",2010-10-01,"N.A."
"329","Nagaland","Kohima",2010,"November",2010-11-01,"1"
"330","Nagaland","Mon",2010,"November",2010-11-01,"N.A."
"331","Nagaland","Phek",2010,"November",2010-11-01,"5.8"
"332","Nagaland","Tuensang",2010,"November",2010-11-01,"N.A."
"333","Nagaland","Kohima",2010,"December",2010-12-01,"21.2"
"334","Nagaland","Mon",2010,"December",2010-12-01,"N.A."
"335","Nagaland","Phek",2010,"December",2010-12-01,"0"
"336","Nagaland","Tuensang",2010,"December",2010-12-01,"N.A."
