"Sr.No","State","District","Year","Month","Date","Value"
"1","Tripura","North Tripura",2004,"January",2004-01-01,"1.1"
"2","Tripura","South Tripura",2004,"January",2004-01-01,"0"
"3","Tripura","West Tripura",2004,"January",2004-01-01,"4"
"4","Tripura","North Tripura",2004,"February",2004-02-01,"0.8"
"5","Tripura","South Tripura",2004,"February",2004-02-01,"1.1"
"6","Tripura","West Tripura",2004,"February",2004-02-01,"5.8"
"7","Tripura","North Tripura",2004,"March",2004-03-01,"3.1"
"8","Tripura","South Tripura",2004,"March",2004-03-01,"1.9"
"9","Tripura","West Tripura",2004,"March",2004-03-01,"8.5"
"10","Tripura","North Tripura",2004,"April",2004-04-01,"694.5"
"11","Tripura","South Tripura",2004,"April",2004-04-01,"404.4"
"12","Tripura","West Tripura",2004,"April",2004-04-01,"183.6"
"13","Tripura","North Tripura",2004,"May",2004-05-01,"305.1"
"14","Tripura","South Tripura",2004,"May",2004-05-01,"249.3"
"15","Tripura","West Tripura",2004,"May",2004-05-01,"171.4"
"16","Tripura","North Tripura",2004,"June",2004-06-01,"385.8"
"17","Tripura","South Tripura",2004,"June",2004-06-01,"591.8"
"18","Tripura","West Tripura",2004,"June",2004-06-01,"693.8"
"19","Tripura","North Tripura",2004,"July",2004-07-01,"767.1"
"20","Tripura","South Tripura",2004,"July",2004-07-01,"396"
"21","Tripura","West Tripura",2004,"July",2004-07-01,"397.8"
"22","Tripura","North Tripura",2004,"August",2004-08-01,"298.9"
"23","Tripura","South Tripura",2004,"August",2004-08-01,"182.9"
"24","Tripura","West Tripura",2004,"August",2004-08-01,"182.7"
"25","Tripura","North Tripura",2004,"September",2004-09-01,"409.4"
"26","Tripura","South Tripura",2004,"September",2004-09-01,"545"
"27","Tripura","West Tripura",2004,"September",2004-09-01,"520.6"
"28","Tripura","North Tripura",2004,"October",2004-10-01,"67.3"
"29","Tripura","South Tripura",2004,"October",2004-10-01,"263.3"
"30","Tripura","West Tripura",2004,"October",2004-10-01,"150.7"
"31","Tripura","North Tripura",2004,"November",2004-11-01,"0"
"32","Tripura","South Tripura",2004,"November",2004-11-01,"0"
"33","Tripura","West Tripura",2004,"November",2004-11-01,"0"
"34","Tripura","North Tripura",2004,"December",2004-12-01,"0.2"
"35","Tripura","South Tripura",2004,"December",2004-12-01,"0"
"36","Tripura","West Tripura",2004,"December",2004-12-01,"0"
"37","Tripura","North Tripura",2005,"January",2005-01-01,"0"
"38","Tripura","South Tripura",2005,"January",2005-01-01,"N.A."
"39","Tripura","West Tripura",2005,"January",2005-01-01,"N.A."
"40","Tripura","North Tripura",2005,"February",2005-02-01,"120.7"
"41","Tripura","South Tripura",2005,"February",2005-02-01,"0"
"42","Tripura","West Tripura",2005,"February",2005-02-01,"5.8"
"43","Tripura","North Tripura",2005,"March",2005-03-01,"283.7"
"44","Tripura","South Tripura",2005,"March",2005-03-01,"198"
"45","Tripura","West Tripura",2005,"March",2005-03-01,"199.4"
"46","Tripura","North Tripura",2005,"April",2005-04-01,"195.4"
"47","Tripura","South Tripura",2005,"April",2005-04-01,"153.3"
"48","Tripura","West Tripura",2005,"April",2005-04-01,"99.8"
"49","Tripura","North Tripura",2005,"May",2005-05-01,"717"
"50","Tripura","South Tripura",2005,"May",2005-05-01,"272.4"
"51","Tripura","West Tripura",2005,"May",2005-05-01,"317.1"
"52","Tripura","North Tripura",2005,"June",2005-06-01,"223"
"53","Tripura","South Tripura",2005,"June",2005-06-01,"187.8"
"54","Tripura","West Tripura",2005,"June",2005-06-01,"166.5"
"55","Tripura","North Tripura",2005,"July",2005-07-01,"537"
"56","Tripura","South Tripura",2005,"July",2005-07-01,"389.2"
"57","Tripura","West Tripura",2005,"July",2005-07-01,"317.7"
"58","Tripura","North Tripura",2005,"August",2005-08-01,"234.2"
"59","Tripura","South Tripura",2005,"August",2005-08-01,"498.1"
"60","Tripura","West Tripura",2005,"August",2005-08-01,"403.3"
"61","Tripura","North Tripura",2005,"September",2005-09-01,"250.5"
"62","Tripura","South Tripura",2005,"September",2005-09-01,"340.8"
"63","Tripura","West Tripura",2005,"September",2005-09-01,"286.8"
"64","Tripura","North Tripura",2005,"October",2005-10-01,"201.1"
"65","Tripura","South Tripura",2005,"October",2005-10-01,"165.1"
"66","Tripura","West Tripura",2005,"October",2005-10-01,"200.9"
"67","Tripura","North Tripura",2005,"November",2005-11-01,"0.8"
"68","Tripura","South Tripura",2005,"November",2005-11-01,"1.5"
"69","Tripura","West Tripura",2005,"November",2005-11-01,"0"
"70","Tripura","North Tripura",2005,"December",2005-12-01,"1.2"
"71","Tripura","South Tripura",2005,"December",2005-12-01,"1.7"
"72","Tripura","West Tripura",2005,"December",2005-12-01,"0.6"
"73","Tripura","North Tripura",2006,"January",2006-01-01,"0"
"74","Tripura","South Tripura",2006,"January",2006-01-01,"0"
"75","Tripura","West Tripura",2006,"January",2006-01-01,"0"
"76","Tripura","North Tripura",2006,"February",2006-02-01,"0"
"77","Tripura","South Tripura",2006,"February",2006-02-01,"0"
"78","Tripura","West Tripura",2006,"February",2006-02-01,"0"
"79","Tripura","North Tripura",2006,"March",2006-03-01,"4.6"
"80","Tripura","South Tripura",2006,"March",2006-03-01,"0"
"81","Tripura","West Tripura",2006,"March",2006-03-01,"0"
"82","Tripura","North Tripura",2006,"April",2006-04-01,"257.2"
"83","Tripura","South Tripura",2006,"April",2006-04-01,"87.1"
"84","Tripura","West Tripura",2006,"April",2006-04-01,"184.7"
"85","Tripura","North Tripura",2006,"May",2006-05-01,"476.7"
"86","Tripura","South Tripura",2006,"May",2006-05-01,"487.7"
"87","Tripura","West Tripura",2006,"May",2006-05-01,"574.1"
"88","Tripura","North Tripura",2006,"June",2006-06-01,"729.2"
"89","Tripura","South Tripura",2006,"June",2006-06-01,"375.9"
"90","Tripura","West Tripura",2006,"June",2006-06-01,"395.5"
"91","Tripura","North Tripura",2006,"July",2006-07-01,"254"
"92","Tripura","South Tripura",2006,"July",2006-07-01,"355.5"
"93","Tripura","West Tripura",2006,"July",2006-07-01,"158.5"
"94","Tripura","North Tripura",2006,"August",2006-08-01,"323.4"
"95","Tripura","South Tripura",2006,"August",2006-08-01,"196.9"
"96","Tripura","West Tripura",2006,"August",2006-08-01,"291.2"
"97","Tripura","North Tripura",2006,"September",2006-09-01,"160.9"
"98","Tripura","South Tripura",2006,"September",2006-09-01,"292.3"
"99","Tripura","West Tripura",2006,"September",2006-09-01,"254.9"
"100","Tripura","North Tripura",2006,"October",2006-10-01,"39.2"
"101","Tripura","South Tripura",2006,"October",2006-10-01,"12.8"
"102","Tripura","West Tripura",2006,"October",2006-10-01,"93.9"
"103","Tripura","North Tripura",2006,"November",2006-11-01,"8.8"
"104","Tripura","South Tripura",2006,"November",2006-11-01,"6.7"
"105","Tripura","West Tripura",2006,"November",2006-11-01,"2"
"106","Tripura","North Tripura",2006,"December",2006-12-01,"0.7"
"107","Tripura","South Tripura",2006,"December",2006-12-01,"0"
"108","Tripura","West Tripura",2006,"December",2006-12-01,"0"
"109","Tripura","North Tripura",2007,"January",2007-01-01,"0"
"110","Tripura","South Tripura",2007,"January",2007-01-01,"0"
"111","Tripura","West Tripura",2007,"January",2007-01-01,"0"
"112","Tripura","North Tripura",2007,"February",2007-02-01,"90.8"
"113","Tripura","South Tripura",2007,"February",2007-02-01,"70.2"
"114","Tripura","West Tripura",2007,"February",2007-02-01,"39.4"
"115","Tripura","North Tripura",2007,"March",2007-03-01,"79.6"
"116","Tripura","South Tripura",2007,"March",2007-03-01,"12.5"
"117","Tripura","West Tripura",2007,"March",2007-03-01,"20.8"
"118","Tripura","North Tripura",2007,"April",2007-04-01,"349.9"
"119","Tripura","South Tripura",2007,"April",2007-04-01,"154.3"
"120","Tripura","West Tripura",2007,"April",2007-04-01,"339.6"
"121","Tripura","North Tripura",2007,"May",2007-05-01,"325.7"
"122","Tripura","South Tripura",2007,"May",2007-05-01,"127.5"
"123","Tripura","West Tripura",2007,"May",2007-05-01,"285"
"124","Tripura","North Tripura",2007,"June",2007-06-01,"590"
"125","Tripura","South Tripura",2007,"June",2007-06-01,"625.5"
"126","Tripura","West Tripura",2007,"June",2007-06-01,"631.1"
"127","Tripura","North Tripura",2007,"July",2007-07-01,"368"
"128","Tripura","South Tripura",2007,"July",2007-07-01,"967.5"
"129","Tripura","West Tripura",2007,"July",2007-07-01,"694.9"
"130","Tripura","North Tripura",2007,"August",2007-08-01,"322.3"
"131","Tripura","South Tripura",2007,"August",2007-08-01,"353.7"
"132","Tripura","West Tripura",2007,"August",2007-08-01,"214.4"
"133","Tripura","North Tripura",2007,"September",2007-09-01,"390.8"
"134","Tripura","South Tripura",2007,"September",2007-09-01,"571.1"
"135","Tripura","West Tripura",2007,"September",2007-09-01,"265.9"
"136","Tripura","North Tripura",2007,"October",2007-10-01,"151.2"
"137","Tripura","South Tripura",2007,"October",2007-10-01,"309.7"
"138","Tripura","West Tripura",2007,"October",2007-10-01,"239.9"
"139","Tripura","North Tripura",2007,"November",2007-11-01,"85.7"
"140","Tripura","South Tripura",2007,"November",2007-11-01,"78.3"
"141","Tripura","West Tripura",2007,"November",2007-11-01,"104.8"
"142","Tripura","North Tripura",2007,"December",2007-12-01,"0"
"143","Tripura","South Tripura",2007,"December",2007-12-01,"0"
"144","Tripura","West Tripura",2007,"December",2007-12-01,"0"
"145","Tripura","North Tripura",2008,"January",2008-01-01,"19.9"
"146","Tripura","South Tripura",2008,"January",2008-01-01,"28.8"
"147","Tripura","West Tripura",2008,"January",2008-01-01,"40.8"
"148","Tripura","North Tripura",2008,"February",2008-02-01,"21.8"
"149","Tripura","South Tripura",2008,"February",2008-02-01,"4"
"150","Tripura","West Tripura",2008,"February",2008-02-01,"21.1"
"151","Tripura","North Tripura",2008,"March",2008-03-01,"47.3"
"152","Tripura","South Tripura",2008,"March",2008-03-01,"37.3"
"153","Tripura","West Tripura",2008,"March",2008-03-01,"56.1"
"154","Tripura","North Tripura",2008,"April",2008-04-01,"83.5"
"155","Tripura","South Tripura",2008,"April",2008-04-01,"7.5"
"156","Tripura","West Tripura",2008,"April",2008-04-01,"24"
"157","Tripura","North Tripura",2008,"May",2008-05-01,"198.5"
"158","Tripura","South Tripura",2008,"May",2008-05-01,"267.5"
"159","Tripura","West Tripura",2008,"May",2008-05-01,"215.3"
"160","Tripura","North Tripura",2008,"June",2008-06-01,"326.7"
"161","Tripura","South Tripura",2008,"June",2008-06-01,"380"
"162","Tripura","West Tripura",2008,"June",2008-06-01,"234.8"
"163","Tripura","North Tripura",2008,"July",2008-07-01,"234.5"
"164","Tripura","South Tripura",2008,"July",2008-07-01,"527.8"
"165","Tripura","West Tripura",2008,"July",2008-07-01,"352.5"
"166","Tripura","North Tripura",2008,"August",2008-08-01,"383.5"
"167","Tripura","South Tripura",2008,"August",2008-08-01,"379.6"
"168","Tripura","West Tripura",2008,"August",2008-08-01,"302.4"
"169","Tripura","North Tripura",2008,"September",2008-09-01,"257.3"
"170","Tripura","South Tripura",2008,"September",2008-09-01,"159.5"
"171","Tripura","West Tripura",2008,"September",2008-09-01,"152.7"
"172","Tripura","North Tripura",2008,"October",2008-10-01,"331.7"
"173","Tripura","South Tripura",2008,"October",2008-10-01,"288"
"174","Tripura","West Tripura",2008,"October",2008-10-01,"198.1"
"175","Tripura","North Tripura",2008,"November",2008-11-01,"0"
"176","Tripura","South Tripura",2008,"November",2008-11-01,"0"
"177","Tripura","West Tripura",2008,"November",2008-11-01,"0"
"178","Tripura","North Tripura",2008,"December",2008-12-01,"0"
"179","Tripura","South Tripura",2008,"December",2008-12-01,"0"
"180","Tripura","West Tripura",2008,"December",2008-12-01,"0.1"
"181","Tripura","North Tripura",2009,"January",2009-01-01,"0"
"182","Tripura","South Tripura",2009,"January",2009-01-01,"0"
"183","Tripura","West Tripura",2009,"January",2009-01-01,"0"
"184","Tripura","North Tripura",2009,"February",2009-02-01,"5.3"
"185","Tripura","South Tripura",2009,"February",2009-02-01,"4"
"186","Tripura","West Tripura",2009,"February",2009-02-01,"3.2"
"187","Tripura","North Tripura",2009,"March",2009-03-01,"28"
"188","Tripura","South Tripura",2009,"March",2009-03-01,"8.4"
"189","Tripura","West Tripura",2009,"March",2009-03-01,"2"
"190","Tripura","North Tripura",2009,"April",2009-04-01,"243.4"
"191","Tripura","South Tripura",2009,"April",2009-04-01,"119.6"
"192","Tripura","West Tripura",2009,"April",2009-04-01,"46.1"
"193","Tripura","North Tripura",2009,"May",2009-05-01,"469.7"
"194","Tripura","South Tripura",2009,"May",2009-05-01,"421.6"
"195","Tripura","West Tripura",2009,"May",2009-05-01,"284.2"
"196","Tripura","North Tripura",2009,"June",2009-06-01,"282.4"
"197","Tripura","South Tripura",2009,"June",2009-06-01,"306.9"
"198","Tripura","West Tripura",2009,"June",2009-06-01,"281.1"
"199","Tripura","North Tripura",2009,"July",2009-07-01,"258.2"
"200","Tripura","South Tripura",2009,"July",2009-07-01,"673.2"
"201","Tripura","West Tripura",2009,"July",2009-07-01,"499.5"
"202","Tripura","North Tripura",2009,"August",2009-08-01,"393.1"
"203","Tripura","South Tripura",2009,"August",2009-08-01,"345.9"
"204","Tripura","West Tripura",2009,"August",2009-08-01,"379.4"
"205","Tripura","North Tripura",2009,"September",2009-09-01,"279.4"
"206","Tripura","South Tripura",2009,"September",2009-09-01,"163.5"
"207","Tripura","West Tripura",2009,"September",2009-09-01,"214.2"
"208","Tripura","North Tripura",2009,"October",2009-10-01,"148.2"
"209","Tripura","South Tripura",2009,"October",2009-10-01,"261.1"
"210","Tripura","West Tripura",2009,"October",2009-10-01,"113.6"
"211","Tripura","North Tripura",2009,"November",2009-11-01,"13.6"
"212","Tripura","South Tripura",2009,"November",2009-11-01,"10.1"
"213","Tripura","West Tripura",2009,"November",2009-11-01,"39.1"
"214","Tripura","North Tripura",2009,"December",2009-12-01,"0"
"215","Tripura","South Tripura",2009,"December",2009-12-01,"0"
"216","Tripura","West Tripura",2009,"December",2009-12-01,"0"
"217","Tripura","North Tripura",2010,"January",2010-01-01,"0"
"218","Tripura","South Tripura",2010,"January",2010-01-01,"0"
"219","Tripura","West Tripura",2010,"January",2010-01-01,"0"
"220","Tripura","North Tripura",2010,"February",2010-02-01,"3.4"
"221","Tripura","South Tripura",2010,"February",2010-02-01,"28"
"222","Tripura","West Tripura",2010,"February",2010-02-01,"7.9"
"223","Tripura","North Tripura",2010,"March",2010-03-01,"132.2"
"224","Tripura","South Tripura",2010,"March",2010-03-01,"56.1"
"225","Tripura","West Tripura",2010,"March",2010-03-01,"98.1"
"226","Tripura","North Tripura",2010,"April",2010-04-01,"474.1"
"227","Tripura","South Tripura",2010,"April",2010-04-01,"36"
"228","Tripura","West Tripura",2010,"April",2010-04-01,"134.8"
"229","Tripura","North Tripura",2010,"May",2010-05-01,"664.7"
"230","Tripura","South Tripura",2010,"May",2010-05-01,"295.1"
"231","Tripura","West Tripura",2010,"May",2010-05-01,"377.1"
"232","Tripura","North Tripura",2010,"June",2010-06-01,"541.2"
"233","Tripura","South Tripura",2010,"June",2010-06-01,"500.9"
"234","Tripura","West Tripura",2010,"June",2010-06-01,"455.8"
"235","Tripura","North Tripura",2010,"July",2010-07-01,"363.6"
"236","Tripura","South Tripura",2010,"July",2010-07-01,"240.5"
"237","Tripura","West Tripura",2010,"July",2010-07-01,"160.4"
"238","Tripura","North Tripura",2010,"August",2010-08-01,"369.6"
"239","Tripura","South Tripura",2010,"August",2010-08-01,"217.5"
"240","Tripura","West Tripura",2010,"August",2010-08-01,"195.1"
"241","Tripura","North Tripura",2010,"September",2010-09-01,"335.1"
"242","Tripura","South Tripura",2010,"September",2010-09-01,"164.9"
"243","Tripura","West Tripura",2010,"September",2010-09-01,"224.1"
"244","Tripura","North Tripura",2010,"October",2010-10-01,"200.5"
"245","Tripura","South Tripura",2010,"October",2010-10-01,"323.7"
"246","Tripura","West Tripura",2010,"October",2010-10-01,"279.3"
"247","Tripura","North Tripura",2010,"November",2010-11-01,"4.2"
"248","Tripura","South Tripura",2010,"November",2010-11-01,"0.1"
"249","Tripura","West Tripura",2010,"November",2010-11-01,"5.3"
"250","Tripura","North Tripura",2010,"December",2010-12-01,"43.1"
"251","Tripura","South Tripura",2010,"December",2010-12-01,"14.4"
"252","Tripura","West Tripura",2010,"December",2010-12-01,"34.3"
