"Sr.No","State","District","Year","Month","Date","Value"
"1","Uttarakhand","Almora",2004,"January",2004-01-01,"43.1"
"2","Uttarakhand"," Chamoli",2004,"January",2004-01-01,"11"
"3","Uttarakhand"," Champawat",2004,"January",2004-01-01,"N.A."
"4","Uttarakhand"," Dehradun",2004,"January",2004-01-01,"82.6"
"5","Uttarakhand"," Garhwal Pauri",2004,"January",2004-01-01,"80.4"
"6","Uttarakhand"," Garhwal Tehri",2004,"January",2004-01-01,"58"
"7","Uttarakhand"," Hardwar",2004,"January",2004-01-01,"N.A."
"8","Uttarakhand"," Nainital",2004,"January",2004-01-01,"28.1"
"9","Uttarakhand"," Pithoragarh",2004,"January",2004-01-01,"N.A."
"10","Uttarakhand"," Rudraprayag",2004,"January",2004-01-01,"N.A."
"11","Uttarakhand"," Udham Singh Nagar",2004,"January",2004-01-01,"14"
"12","Uttarakhand"," Uttarkashi",2004,"January",2004-01-01,"N.A."
"13","Uttarakhand","Almora",2004,"February",2004-02-01,"6.6"
"14","Uttarakhand"," Chamoli",2004,"February",2004-02-01,"0"
"15","Uttarakhand"," Champawat",2004,"February",2004-02-01,"N.A."
"16","Uttarakhand"," Dehradun",2004,"February",2004-02-01,"21.8"
"17","Uttarakhand"," Garhwal Pauri",2004,"February",2004-02-01,"0"
"18","Uttarakhand"," Garhwal Tehri",2004,"February",2004-02-01,"11.5"
"19","Uttarakhand"," Hardwar",2004,"February",2004-02-01,"N.A."
"20","Uttarakhand"," Nainital",2004,"February",2004-02-01,"4.7"
"21","Uttarakhand"," Pithoragarh",2004,"February",2004-02-01,"N.A."
"22","Uttarakhand"," Rudraprayag",2004,"February",2004-02-01,"N.A."
"23","Uttarakhand"," Udham Singh Nagar",2004,"February",2004-02-01,"0"
"24","Uttarakhand"," Uttarkashi",2004,"February",2004-02-01,"N.A."
"25","Uttarakhand","Almora",2004,"March",2004-03-01,"0"
"26","Uttarakhand"," Chamoli",2004,"March",2004-03-01,"0"
"27","Uttarakhand"," Champawat",2004,"March",2004-03-01,"N.A."
"28","Uttarakhand"," Dehradun",2004,"March",2004-03-01,"0"
"29","Uttarakhand"," Garhwal Pauri",2004,"March",2004-03-01,"0"
"30","Uttarakhand"," Garhwal Tehri",2004,"March",2004-03-01,"0"
"31","Uttarakhand"," Hardwar",2004,"March",2004-03-01,"N.A."
"32","Uttarakhand"," Nainital",2004,"March",2004-03-01,"0"
"33","Uttarakhand"," Pithoragarh",2004,"March",2004-03-01,"N.A."
"34","Uttarakhand"," Rudraprayag",2004,"March",2004-03-01,"N.A."
"35","Uttarakhand"," Udham Singh Nagar",2004,"March",2004-03-01,"0"
"36","Uttarakhand"," Uttarkashi",2004,"March",2004-03-01,"N.A."
"37","Uttarakhand","Almora",2004,"April",2004-04-01,"81.3"
"38","Uttarakhand"," Chamoli",2004,"April",2004-04-01,"0"
"39","Uttarakhand"," Champawat",2004,"April",2004-04-01,"N.A."
"40","Uttarakhand"," Dehradun",2004,"April",2004-04-01,"21.4"
"41","Uttarakhand"," Garhwal Pauri",2004,"April",2004-04-01,"68.3"
"42","Uttarakhand"," Garhwal Tehri",2004,"April",2004-04-01,"39.4"
"43","Uttarakhand"," Hardwar",2004,"April",2004-04-01,"0"
"44","Uttarakhand"," Nainital",2004,"April",2004-04-01,"27.5"
"45","Uttarakhand"," Pithoragarh",2004,"April",2004-04-01,"12.8"
"46","Uttarakhand"," Rudraprayag",2004,"April",2004-04-01,"N.A."
"47","Uttarakhand"," Udham Singh Nagar",2004,"April",2004-04-01,"33"
"48","Uttarakhand"," Uttarkashi",2004,"April",2004-04-01,"N.A."
"49","Uttarakhand","Almora",2004,"May",2004-05-01,"68.6"
"50","Uttarakhand"," Chamoli",2004,"May",2004-05-01,"26.2"
"51","Uttarakhand"," Champawat",2004,"May",2004-05-01,"N.A."
"52","Uttarakhand"," Dehradun",2004,"May",2004-05-01,"99.4"
"53","Uttarakhand"," Garhwal Pauri",2004,"May",2004-05-01,"66.8"
"54","Uttarakhand"," Garhwal Tehri",2004,"May",2004-05-01,"31.4"
"55","Uttarakhand"," Hardwar",2004,"May",2004-05-01,"12"
"56","Uttarakhand"," Nainital",2004,"May",2004-05-01,"70.8"
"57","Uttarakhand"," Pithoragarh",2004,"May",2004-05-01,"138.7"
"58","Uttarakhand"," Rudraprayag",2004,"May",2004-05-01,"0"
"59","Uttarakhand"," Udham Singh Nagar",2004,"May",2004-05-01,"111.8"
"60","Uttarakhand"," Uttarkashi",2004,"May",2004-05-01,"N.A."
"61","Uttarakhand","Almora",2004,"June",2004-06-01,"266.3"
"62","Uttarakhand"," Chamoli",2004,"June",2004-06-01,"93.1"
"63","Uttarakhand"," Champawat",2004,"June",2004-06-01,"120.8"
"64","Uttarakhand"," Dehradun",2004,"June",2004-06-01,"359.2"
"65","Uttarakhand"," Garhwal Pauri",2004,"June",2004-06-01,"155.6"
"66","Uttarakhand"," Garhwal Tehri",2004,"June",2004-06-01,"69.2"
"67","Uttarakhand"," Hardwar",2004,"June",2004-06-01,"15.1"
"68","Uttarakhand"," Nainital",2004,"June",2004-06-01,"146.4"
"69","Uttarakhand"," Pithoragarh",2004,"June",2004-06-01,"N.A."
"70","Uttarakhand"," Rudraprayag",2004,"June",2004-06-01,"0.2"
"71","Uttarakhand"," Udham Singh Nagar",2004,"June",2004-06-01,"75.2"
"72","Uttarakhand"," Uttarkashi",2004,"June",2004-06-01,"228.3"
"73","Uttarakhand","Almora",2004,"July",2004-07-01,"266.2"
"74","Uttarakhand"," Chamoli",2004,"July",2004-07-01,"407.2"
"75","Uttarakhand"," Champawat",2004,"July",2004-07-01,"808.2"
"76","Uttarakhand"," Dehradun",2004,"July",2004-07-01,"694.7"
"77","Uttarakhand"," Garhwal Pauri",2004,"July",2004-07-01,"680.6"
"78","Uttarakhand"," Garhwal Tehri",2004,"July",2004-07-01,"238.2"
"79","Uttarakhand"," Hardwar",2004,"July",2004-07-01,"201.7"
"80","Uttarakhand"," Nainital",2004,"July",2004-07-01,"260.4"
"81","Uttarakhand"," Pithoragarh",2004,"July",2004-07-01,"661"
"82","Uttarakhand"," Rudraprayag",2004,"July",2004-07-01,"320.7"
"83","Uttarakhand"," Udham Singh Nagar",2004,"July",2004-07-01,"560"
"84","Uttarakhand"," Uttarkashi",2004,"July",2004-07-01,"827.5"
"85","Uttarakhand","Almora",2004,"August",2004-08-01,"354.3"
"86","Uttarakhand"," Chamoli",2004,"August",2004-08-01,"383.3"
"87","Uttarakhand"," Champawat",2004,"August",2004-08-01,"357.8"
"88","Uttarakhand"," Dehradun",2004,"August",2004-08-01,"514.9"
"89","Uttarakhand"," Garhwal Pauri",2004,"August",2004-08-01,"632.2"
"90","Uttarakhand"," Garhwal Tehri",2004,"August",2004-08-01,"244.9"
"91","Uttarakhand"," Hardwar",2004,"August",2004-08-01,"215.9"
"92","Uttarakhand"," Nainital",2004,"August",2004-08-01,"384.5"
"93","Uttarakhand"," Pithoragarh",2004,"August",2004-08-01,"428.3"
"94","Uttarakhand"," Rudraprayag",2004,"August",2004-08-01,"400"
"95","Uttarakhand"," Udham Singh Nagar",2004,"August",2004-08-01,"586.5"
"96","Uttarakhand"," Uttarkashi",2004,"August",2004-08-01,"1115.9"
"97","Uttarakhand","Almora",2004,"September",2004-09-01,"150.4"
"98","Uttarakhand"," Chamoli",2004,"September",2004-09-01,"86.6"
"99","Uttarakhand"," Champawat",2004,"September",2004-09-01,"233.5"
"100","Uttarakhand"," Dehradun",2004,"September",2004-09-01,"159.4"
"101","Uttarakhand"," Garhwal Pauri",2004,"September",2004-09-01,"367.6"
"102","Uttarakhand"," Garhwal Tehri",2004,"September",2004-09-01,"111.1"
"103","Uttarakhand"," Hardwar",2004,"September",2004-09-01,"44.3"
"104","Uttarakhand"," Nainital",2004,"September",2004-09-01,"138.7"
"105","Uttarakhand"," Pithoragarh",2004,"September",2004-09-01,"48"
"106","Uttarakhand"," Rudraprayag",2004,"September",2004-09-01,"107.6"
"107","Uttarakhand"," Udham Singh Nagar",2004,"September",2004-09-01,"500"
"108","Uttarakhand"," Uttarkashi",2004,"September",2004-09-01,"158.3"
"109","Uttarakhand","Almora",2004,"October",2004-10-01,"77.4"
"110","Uttarakhand"," Chamoli",2004,"October",2004-10-01,"36.4"
"111","Uttarakhand"," Champawat",2004,"October",2004-10-01,"40.7"
"112","Uttarakhand"," Dehradun",2004,"October",2004-10-01,"62.8"
"113","Uttarakhand"," Garhwal Pauri",2004,"October",2004-10-01,"212.8"
"114","Uttarakhand"," Garhwal Tehri",2004,"October",2004-10-01,"44.8"
"115","Uttarakhand"," Hardwar",2004,"October",2004-10-01,"100.4"
"116","Uttarakhand"," Nainital",2004,"October",2004-10-01,"71.6"
"117","Uttarakhand"," Pithoragarh",2004,"October",2004-10-01,"N.A."
"118","Uttarakhand"," Rudraprayag",2004,"October",2004-10-01,"72.2"
"119","Uttarakhand"," Udham Singh Nagar",2004,"October",2004-10-01,"60"
"120","Uttarakhand"," Uttarkashi",2004,"October",2004-10-01,"68.4"
"121","Uttarakhand","Almora",2004,"November",2004-11-01,"1.6"
"122","Uttarakhand"," Chamoli",2004,"November",2004-11-01,"0"
"123","Uttarakhand"," Champawat",2004,"November",2004-11-01,"N.A."
"124","Uttarakhand"," Dehradun",2004,"November",2004-11-01,"0"
"125","Uttarakhand"," Garhwal Pauri",2004,"November",2004-11-01,"0"
"126","Uttarakhand"," Garhwal Tehri",2004,"November",2004-11-01,"0"
"127","Uttarakhand"," Hardwar",2004,"November",2004-11-01,"0"
"128","Uttarakhand"," Nainital",2004,"November",2004-11-01,"0"
"129","Uttarakhand"," Pithoragarh",2004,"November",2004-11-01,"0"
"130","Uttarakhand"," Rudraprayag",2004,"November",2004-11-01,"N.A."
"131","Uttarakhand"," Udham Singh Nagar",2004,"November",2004-11-01,"0"
"132","Uttarakhand"," Uttarkashi",2004,"November",2004-11-01,"N.A."
"133","Uttarakhand","Almora",2004,"December",2004-12-01,"1"
"134","Uttarakhand"," Chamoli",2004,"December",2004-12-01,"0"
"135","Uttarakhand"," Champawat",2004,"December",2004-12-01,"N.A."
"136","Uttarakhand"," Dehradun",2004,"December",2004-12-01,"1.5"
"137","Uttarakhand"," Garhwal Pauri",2004,"December",2004-12-01,"0"
"138","Uttarakhand"," Garhwal Tehri",2004,"December",2004-12-01,"2.8"
"139","Uttarakhand"," Hardwar",2004,"December",2004-12-01,"0"
"140","Uttarakhand"," Nainital",2004,"December",2004-12-01,"0"
"141","Uttarakhand"," Pithoragarh",2004,"December",2004-12-01,"N.A."
"142","Uttarakhand"," Rudraprayag",2004,"December",2004-12-01,"N.A."
"143","Uttarakhand"," Udham Singh Nagar",2004,"December",2004-12-01,"0"
"144","Uttarakhand"," Uttarkashi",2004,"December",2004-12-01,"N.A."
"145","Uttarakhand","Almora",2005,"January",2005-01-01,"72.8"
"146","Uttarakhand"," Chamoli",2005,"January",2005-01-01,"0"
"147","Uttarakhand"," Champawat",2005,"January",2005-01-01,"N.A."
"148","Uttarakhand"," Dehradun",2005,"January",2005-01-01,"33"
"149","Uttarakhand"," Garhwal Pauri",2005,"January",2005-01-01,"70.7"
"150","Uttarakhand"," Garhwal Tehri",2005,"January",2005-01-01,"45.2"
"151","Uttarakhand"," Hardwar",2005,"January",2005-01-01,"0"
"152","Uttarakhand"," Nainital",2005,"January",2005-01-01,"46.9"
"153","Uttarakhand"," Pithoragarh",2005,"January",2005-01-01,"15"
"154","Uttarakhand"," Rudraprayag",2005,"January",2005-01-01,"N.A."
"155","Uttarakhand"," Udham Singh Nagar",2005,"January",2005-01-01,"80"
"156","Uttarakhand"," Uttarkashi",2005,"January",2005-01-01,"N.A."
"157","Uttarakhand","Almora",2005,"February",2005-02-01,"38.7"
"158","Uttarakhand"," Chamoli",2005,"February",2005-02-01,"67.4"
"159","Uttarakhand"," Champawat",2005,"February",2005-02-01,"N.A."
"160","Uttarakhand"," Dehradun",2005,"February",2005-02-01,"75.4"
"161","Uttarakhand"," Garhwal Pauri",2005,"February",2005-02-01,"85.6"
"162","Uttarakhand"," Garhwal Tehri",2005,"February",2005-02-01,"125.4"
"163","Uttarakhand"," Hardwar",2005,"February",2005-02-01,"6"
"164","Uttarakhand"," Nainital",2005,"February",2005-02-01,"71.4"
"165","Uttarakhand"," Pithoragarh",2005,"February",2005-02-01,"130"
"166","Uttarakhand"," Rudraprayag",2005,"February",2005-02-01,"N.A."
"167","Uttarakhand"," Udham Singh Nagar",2005,"February",2005-02-01,"70.2"
"168","Uttarakhand"," Uttarkashi",2005,"February",2005-02-01,"N.A."
"169","Uttarakhand","Almora",2005,"March",2005-03-01,"17.9"
"170","Uttarakhand"," Chamoli",2005,"March",2005-03-01,"44.4"
"171","Uttarakhand"," Champawat",2005,"March",2005-03-01,"N.A."
"172","Uttarakhand"," Dehradun",2005,"March",2005-03-01,"61"
"173","Uttarakhand"," Garhwal Pauri",2005,"March",2005-03-01,"38.9"
"174","Uttarakhand"," Garhwal Tehri",2005,"March",2005-03-01,"55.7"
"175","Uttarakhand"," Hardwar",2005,"March",2005-03-01,"21"
"176","Uttarakhand"," Nainital",2005,"March",2005-03-01,"27.1"
"177","Uttarakhand"," Pithoragarh",2005,"March",2005-03-01,"0"
"178","Uttarakhand"," Rudraprayag",2005,"March",2005-03-01,"N.A."
"179","Uttarakhand"," Udham Singh Nagar",2005,"March",2005-03-01,"41"
"180","Uttarakhand"," Uttarkashi",2005,"March",2005-03-01,"N.A."
"181","Uttarakhand","Almora",2005,"April",2005-04-01,"1.1"
"182","Uttarakhand"," Chamoli",2005,"April",2005-04-01,"N.A."
"183","Uttarakhand"," Champawat",2005,"April",2005-04-01,"N.A."
"184","Uttarakhand"," Dehradun",2005,"April",2005-04-01,"0.3"
"185","Uttarakhand"," Garhwal Pauri",2005,"April",2005-04-01,"0"
"186","Uttarakhand"," Garhwal Tehri",2005,"April",2005-04-01,"0"
"187","Uttarakhand"," Hardwar",2005,"April",2005-04-01,"0"
"188","Uttarakhand"," Nainital",2005,"April",2005-04-01,"24.8"
"189","Uttarakhand"," Pithoragarh",2005,"April",2005-04-01,"0"
"190","Uttarakhand"," Rudraprayag",2005,"April",2005-04-01,"N.A."
"191","Uttarakhand"," Udham Singh Nagar",2005,"April",2005-04-01,"0"
"192","Uttarakhand"," Uttarkashi",2005,"April",2005-04-01,"N.A."
"193","Uttarakhand","Almora",2005,"May",2005-05-01,"24.1"
"194","Uttarakhand"," Chamoli",2005,"May",2005-05-01,"0"
"195","Uttarakhand"," Champawat",2005,"May",2005-05-01,"N.A."
"196","Uttarakhand"," Dehradun",2005,"May",2005-05-01,"21.9"
"197","Uttarakhand"," Garhwal Pauri",2005,"May",2005-05-01,"7.4"
"198","Uttarakhand"," Garhwal Tehri",2005,"May",2005-05-01,"36"
"199","Uttarakhand"," Hardwar",2005,"May",2005-05-01,"10"
"200","Uttarakhand"," Nainital",2005,"May",2005-05-01,"33.5"
"201","Uttarakhand"," Pithoragarh",2005,"May",2005-05-01,"N.A."
"202","Uttarakhand"," Rudraprayag",2005,"May",2005-05-01,"N.A."
"203","Uttarakhand"," Udham Singh Nagar",2005,"May",2005-05-01,"55"
"204","Uttarakhand"," Uttarkashi",2005,"May",2005-05-01,"N.A."
"205","Uttarakhand","Almora",2005,"June",2005-06-01,"54.1"
"206","Uttarakhand"," Chamoli",2005,"June",2005-06-01,"130.4"
"207","Uttarakhand"," Champawat",2005,"June",2005-06-01,"51.3"
"208","Uttarakhand"," Dehradun",2005,"June",2005-06-01,"95.4"
"209","Uttarakhand"," Garhwal Pauri",2005,"June",2005-06-01,"180.5"
"210","Uttarakhand"," Garhwal Tehri",2005,"June",2005-06-01,"101.4"
"211","Uttarakhand"," Hardwar",2005,"June",2005-06-01,"110.1"
"212","Uttarakhand"," Nainital",2005,"June",2005-06-01,"67.9"
"213","Uttarakhand"," Pithoragarh",2005,"June",2005-06-01,"0"
"214","Uttarakhand"," Rudraprayag",2005,"June",2005-06-01,"183.1"
"215","Uttarakhand"," Udham Singh Nagar",2005,"June",2005-06-01,"263"
"216","Uttarakhand"," Uttarkashi",2005,"June",2005-06-01,"49.9"
"217","Uttarakhand","Almora",2005,"July",2005-07-01,"488.8"
"218","Uttarakhand"," Chamoli",2005,"July",2005-07-01,"491.9"
"219","Uttarakhand"," Champawat",2005,"July",2005-07-01,"355.8"
"220","Uttarakhand"," Dehradun",2005,"July",2005-07-01,"757.8"
"221","Uttarakhand"," Garhwal Pauri",2005,"July",2005-07-01,"1131.5"
"222","Uttarakhand"," Garhwal Tehri",2005,"July",2005-07-01,"306"
"223","Uttarakhand"," Hardwar",2005,"July",2005-07-01,"428.8"
"224","Uttarakhand"," Nainital",2005,"July",2005-07-01,"467.3"
"225","Uttarakhand"," Pithoragarh",2005,"July",2005-07-01,"185.2"
"226","Uttarakhand"," Rudraprayag",2005,"July",2005-07-01,"512.3"
"227","Uttarakhand"," Udham Singh Nagar",2005,"July",2005-07-01,"659"
"228","Uttarakhand"," Uttarkashi",2005,"July",2005-07-01,"655.2"
"229","Uttarakhand","Almora",2005,"August",2005-08-01,"79.7"
"230","Uttarakhand"," Chamoli",2005,"August",2005-08-01,"242.6"
"231","Uttarakhand"," Champawat",2005,"August",2005-08-01,"310.4"
"232","Uttarakhand"," Dehradun",2005,"August",2005-08-01,"640.5"
"233","Uttarakhand"," Garhwal Pauri",2005,"August",2005-08-01,"457"
"234","Uttarakhand"," Garhwal Tehri",2005,"August",2005-08-01,"47.1"
"235","Uttarakhand"," Hardwar",2005,"August",2005-08-01,"343.3"
"236","Uttarakhand"," Nainital",2005,"August",2005-08-01,"292.2"
"237","Uttarakhand"," Pithoragarh",2005,"August",2005-08-01,"100"
"238","Uttarakhand"," Rudraprayag",2005,"August",2005-08-01,"56.2"
"239","Uttarakhand"," Udham Singh Nagar",2005,"August",2005-08-01,"547"
"240","Uttarakhand"," Uttarkashi",2005,"August",2005-08-01,"331.9"
"241","Uttarakhand","Almora",2005,"September",2005-09-01,"389"
"242","Uttarakhand"," Chamoli",2005,"September",2005-09-01,"339.8"
"243","Uttarakhand"," Champawat",2005,"September",2005-09-01,"443.9"
"244","Uttarakhand"," Dehradun",2005,"September",2005-09-01,"412.6"
"245","Uttarakhand"," Garhwal Pauri",2005,"September",2005-09-01,"712.1"
"246","Uttarakhand"," Garhwal Tehri",2005,"September",2005-09-01,"318.4"
"247","Uttarakhand"," Hardwar",2005,"September",2005-09-01,"439.8"
"248","Uttarakhand"," Nainital",2005,"September",2005-09-01,"404"
"249","Uttarakhand"," Pithoragarh",2005,"September",2005-09-01,"144.5"
"250","Uttarakhand"," Rudraprayag",2005,"September",2005-09-01,"217.2"
"251","Uttarakhand"," Udham Singh Nagar",2005,"September",2005-09-01,"743"
"252","Uttarakhand"," Uttarkashi",2005,"September",2005-09-01,"374.6"
"253","Uttarakhand","Almora",2005,"October",2005-10-01,"22.1"
"254","Uttarakhand"," Chamoli",2005,"October",2005-10-01,"54.5"
"255","Uttarakhand"," Champawat",2005,"October",2005-10-01,"2"
"256","Uttarakhand"," Dehradun",2005,"October",2005-10-01,"5.2"
"257","Uttarakhand"," Garhwal Pauri",2005,"October",2005-10-01,"28.9"
"258","Uttarakhand"," Garhwal Tehri",2005,"October",2005-10-01,"7.3"
"259","Uttarakhand"," Hardwar",2005,"October",2005-10-01,"9.9"
"260","Uttarakhand"," Nainital",2005,"October",2005-10-01,"14.5"
"261","Uttarakhand"," Pithoragarh",2005,"October",2005-10-01,"N.A."
"262","Uttarakhand"," Rudraprayag",2005,"October",2005-10-01,"6.9"
"263","Uttarakhand"," Udham Singh Nagar",2005,"October",2005-10-01,"0"
"264","Uttarakhand"," Uttarkashi",2005,"October",2005-10-01,"1.4"
"265","Uttarakhand","Almora",2005,"November",2005-11-01,"0"
"266","Uttarakhand"," Chamoli",2005,"November",2005-11-01,"0"
"267","Uttarakhand"," Champawat",2005,"November",2005-11-01,"N.A."
"268","Uttarakhand"," Dehradun",2005,"November",2005-11-01,"0"
"269","Uttarakhand"," Garhwal Pauri",2005,"November",2005-11-01,"0"
"270","Uttarakhand"," Garhwal Tehri",2005,"November",2005-11-01,"0.5"
"271","Uttarakhand"," Hardwar",2005,"November",2005-11-01,"0"
"272","Uttarakhand"," Nainital",2005,"November",2005-11-01,"0"
"273","Uttarakhand"," Pithoragarh",2005,"November",2005-11-01,"N.A."
"274","Uttarakhand"," Rudraprayag",2005,"November",2005-11-01,"N.A."
"275","Uttarakhand"," Udham Singh Nagar",2005,"November",2005-11-01,"0"
"276","Uttarakhand"," Uttarkashi",2005,"November",2005-11-01,"14.5"
"277","Uttarakhand","Almora",2005,"December",2005-12-01,"4"
"278","Uttarakhand"," Chamoli",2005,"December",2005-12-01,"0"
"279","Uttarakhand"," Champawat",2005,"December",2005-12-01,"N.A."
"280","Uttarakhand"," Dehradun",2005,"December",2005-12-01,"0.6"
"281","Uttarakhand"," Garhwal Pauri",2005,"December",2005-12-01,"0"
"282","Uttarakhand"," Garhwal Tehri",2005,"December",2005-12-01,"2.6"
"283","Uttarakhand"," Hardwar",2005,"December",2005-12-01,"N.A."
"284","Uttarakhand"," Nainital",2005,"December",2005-12-01,"7.9"
"285","Uttarakhand"," Pithoragarh",2005,"December",2005-12-01,"N.A."
"286","Uttarakhand"," Rudraprayag",2005,"December",2005-12-01,"N.A."
"287","Uttarakhand"," Udham Singh Nagar",2005,"December",2005-12-01,"0"
"288","Uttarakhand"," Uttarkashi",2005,"December",2005-12-01,"N.A."
"289","Uttarakhand","Almora",2006,"January",2006-01-01,"5.1"
"290","Uttarakhand"," Chamoli",2006,"January",2006-01-01,"9.5"
"291","Uttarakhand"," Champawat",2006,"January",2006-01-01,"N.A."
"292","Uttarakhand"," Dehradun",2006,"January",2006-01-01,"17.9"
"293","Uttarakhand"," Garhwal Pauri",2006,"January",2006-01-01,"12"
"294","Uttarakhand"," Garhwal Tehri",2006,"January",2006-01-01,"43.8"
"295","Uttarakhand"," Hardwar",2006,"January",2006-01-01,"N.A."
"296","Uttarakhand"," Nainital",2006,"January",2006-01-01,"4.4"
"297","Uttarakhand"," Pithoragarh",2006,"January",2006-01-01,"N.A."
"298","Uttarakhand"," Rudraprayag",2006,"January",2006-01-01,"N.A."
"299","Uttarakhand"," Udham Singh Nagar",2006,"January",2006-01-01,"0"
"300","Uttarakhand"," Uttarkashi",2006,"January",2006-01-01,"N.A."
"301","Uttarakhand","Almora",2006,"February",2006-02-01,"1.8"
"302","Uttarakhand"," Chamoli",2006,"February",2006-02-01,"0"
"303","Uttarakhand"," Champawat",2006,"February",2006-02-01,"N.A."
"304","Uttarakhand"," Dehradun",2006,"February",2006-02-01,"2.4"
"305","Uttarakhand"," Garhwal Pauri",2006,"February",2006-02-01,"0"
"306","Uttarakhand"," Garhwal Tehri",2006,"February",2006-02-01,"3"
"307","Uttarakhand"," Hardwar",2006,"February",2006-02-01,"N.A."
"308","Uttarakhand"," Nainital",2006,"February",2006-02-01,"0.3"
"309","Uttarakhand"," Pithoragarh",2006,"February",2006-02-01,"N.A."
"310","Uttarakhand"," Rudraprayag",2006,"February",2006-02-01,"N.A."
"311","Uttarakhand"," Udham Singh Nagar",2006,"February",2006-02-01,"0"
"312","Uttarakhand"," Uttarkashi",2006,"February",2006-02-01,"N.A."
"313","Uttarakhand","Almora",2006,"March",2006-03-01,"41.6"
"314","Uttarakhand"," Chamoli",2006,"March",2006-03-01,"N.A."
"315","Uttarakhand"," Champawat",2006,"March",2006-03-01,"N.A."
"316","Uttarakhand"," Dehradun",2006,"March",2006-03-01,"137.5"
"317","Uttarakhand"," Garhwal Pauri",2006,"March",2006-03-01,"11.1"
"318","Uttarakhand"," Garhwal Tehri",2006,"March",2006-03-01,"72.3"
"319","Uttarakhand"," Hardwar",2006,"March",2006-03-01,"N.A."
"320","Uttarakhand"," Nainital",2006,"March",2006-03-01,"62.3"
"321","Uttarakhand"," Pithoragarh",2006,"March",2006-03-01,"N.A."
"322","Uttarakhand"," Rudraprayag",2006,"March",2006-03-01,"N.A."
"323","Uttarakhand"," Udham Singh Nagar",2006,"March",2006-03-01,"N.A."
"324","Uttarakhand"," Uttarkashi",2006,"March",2006-03-01,"N.A."
"325","Uttarakhand","Almora",2006,"April",2006-04-01,"21.3"
"326","Uttarakhand"," Chamoli",2006,"April",2006-04-01,"N.A."
"327","Uttarakhand"," Champawat",2006,"April",2006-04-01,"N.A."
"328","Uttarakhand"," Dehradun",2006,"April",2006-04-01,"14.8"
"329","Uttarakhand"," Garhwal Pauri",2006,"April",2006-04-01,"16.5"
"330","Uttarakhand"," Garhwal Tehri",2006,"April",2006-04-01,"18.5"
"331","Uttarakhand"," Hardwar",2006,"April",2006-04-01,"N.A."
"332","Uttarakhand"," Nainital",2006,"April",2006-04-01,"10.8"
"333","Uttarakhand"," Pithoragarh",2006,"April",2006-04-01,"N.A."
"334","Uttarakhand"," Rudraprayag",2006,"April",2006-04-01,"N.A."
"335","Uttarakhand"," Udham Singh Nagar",2006,"April",2006-04-01,"N.A."
"336","Uttarakhand"," Uttarkashi",2006,"April",2006-04-01,"N.A."
"337","Uttarakhand","Almora",2006,"May",2006-05-01,"115.6"
"338","Uttarakhand"," Chamoli",2006,"May",2006-05-01,"N.A."
"339","Uttarakhand"," Champawat",2006,"May",2006-05-01,"N.A."
"340","Uttarakhand"," Dehradun",2006,"May",2006-05-01,"165"
"341","Uttarakhand"," Garhwal Pauri",2006,"May",2006-05-01,"267.5"
"342","Uttarakhand"," Garhwal Tehri",2006,"May",2006-05-01,"80.3"
"343","Uttarakhand"," Hardwar",2006,"May",2006-05-01,"N.A."
"344","Uttarakhand"," Nainital",2006,"May",2006-05-01,"102.3"
"345","Uttarakhand"," Pithoragarh",2006,"May",2006-05-01,"N.A."
"346","Uttarakhand"," Rudraprayag",2006,"May",2006-05-01,"N.A."
"347","Uttarakhand"," Udham Singh Nagar",2006,"May",2006-05-01,"304.5"
"348","Uttarakhand"," Uttarkashi",2006,"May",2006-05-01,"164.2"
"349","Uttarakhand","Almora",2006,"June",2006-06-01,"112.7"
"350","Uttarakhand"," Chamoli",2006,"June",2006-06-01,"90.2"
"351","Uttarakhand"," Champawat",2006,"June",2006-06-01,"166.6"
"352","Uttarakhand"," Dehradun",2006,"June",2006-06-01,"139.3"
"353","Uttarakhand"," Garhwal Pauri",2006,"June",2006-06-01,"212.4"
"354","Uttarakhand"," Garhwal Tehri",2006,"June",2006-06-01,"110.1"
"355","Uttarakhand"," Hardwar",2006,"June",2006-06-01,"48.1"
"356","Uttarakhand"," Nainital",2006,"June",2006-06-01,"108.4"
"357","Uttarakhand"," Pithoragarh",2006,"June",2006-06-01,"N.A."
"358","Uttarakhand"," Rudraprayag",2006,"June",2006-06-01,"89.2"
"359","Uttarakhand"," Udham Singh Nagar",2006,"June",2006-06-01,"191"
"360","Uttarakhand"," Uttarkashi",2006,"June",2006-06-01,"49.9"
"361","Uttarakhand","Almora",2006,"July",2006-07-01,"267.2"
"362","Uttarakhand"," Chamoli",2006,"July",2006-07-01,"359.3"
"363","Uttarakhand"," Champawat",2006,"July",2006-07-01,"415.4"
"364","Uttarakhand"," Dehradun",2006,"July",2006-07-01,"540.6"
"365","Uttarakhand"," Garhwal Pauri",2006,"July",2006-07-01,"572.6"
"366","Uttarakhand"," Garhwal Tehri",2006,"July",2006-07-01,"214.1"
"367","Uttarakhand"," Hardwar",2006,"July",2006-07-01,"287.3"
"368","Uttarakhand"," Nainital",2006,"July",2006-07-01,"295"
"369","Uttarakhand"," Pithoragarh",2006,"July",2006-07-01,"177.5"
"370","Uttarakhand"," Rudraprayag",2006,"July",2006-07-01,"341.2"
"371","Uttarakhand"," Udham Singh Nagar",2006,"July",2006-07-01,"327"
"372","Uttarakhand"," Uttarkashi",2006,"July",2006-07-01,"845.6"
"373","Uttarakhand","Almora",2006,"August",2006-08-01,"276.1"
"374","Uttarakhand"," Chamoli",2006,"August",2006-08-01,"344.4"
"375","Uttarakhand"," Champawat",2006,"August",2006-08-01,"215"
"376","Uttarakhand"," Dehradun",2006,"August",2006-08-01,"478.3"
"377","Uttarakhand"," Garhwal Pauri",2006,"August",2006-08-01,"632.6"
"378","Uttarakhand"," Garhwal Tehri",2006,"August",2006-08-01,"237.6"
"379","Uttarakhand"," Hardwar",2006,"August",2006-08-01,"127.9"
"380","Uttarakhand"," Nainital",2006,"August",2006-08-01,"317.4"
"381","Uttarakhand"," Pithoragarh",2006,"August",2006-08-01,"268.5"
"382","Uttarakhand"," Rudraprayag",2006,"August",2006-08-01,"167.6"
"383","Uttarakhand"," Udham Singh Nagar",2006,"August",2006-08-01,"540"
"384","Uttarakhand"," Uttarkashi",2006,"August",2006-08-01,"385.3"
"385","Uttarakhand","Almora",2006,"September",2006-09-01,"55.5"
"386","Uttarakhand"," Chamoli",2006,"September",2006-09-01,"78.2"
"387","Uttarakhand"," Champawat",2006,"September",2006-09-01,"162.8"
"388","Uttarakhand"," Dehradun",2006,"September",2006-09-01,"195.7"
"389","Uttarakhand"," Garhwal Pauri",2006,"September",2006-09-01,"121.1"
"390","Uttarakhand"," Garhwal Tehri",2006,"September",2006-09-01,"19.1"
"391","Uttarakhand"," Hardwar",2006,"September",2006-09-01,"45.4"
"392","Uttarakhand"," Nainital",2006,"September",2006-09-01,"88.4"
"393","Uttarakhand"," Pithoragarh",2006,"September",2006-09-01,"125.6"
"394","Uttarakhand"," Rudraprayag",2006,"September",2006-09-01,"53.3"
"395","Uttarakhand"," Udham Singh Nagar",2006,"September",2006-09-01,"279"
"396","Uttarakhand"," Uttarkashi",2006,"September",2006-09-01,"75.7"
"397","Uttarakhand","Almora",2006,"October",2006-10-01,"3.2"
"398","Uttarakhand"," Chamoli",2006,"October",2006-10-01,"2.6"
"399","Uttarakhand"," Champawat",2006,"October",2006-10-01,"0"
"400","Uttarakhand"," Dehradun",2006,"October",2006-10-01,"16.6"
"401","Uttarakhand"," Garhwal Pauri",2006,"October",2006-10-01,"0"
"402","Uttarakhand"," Garhwal Tehri",2006,"October",2006-10-01,"52"
"403","Uttarakhand"," Hardwar",2006,"October",2006-10-01,"0"
"404","Uttarakhand"," Nainital",2006,"October",2006-10-01,"15.9"
"405","Uttarakhand"," Pithoragarh",2006,"October",2006-10-01,"0"
"406","Uttarakhand"," Rudraprayag",2006,"October",2006-10-01,"0"
"407","Uttarakhand"," Udham Singh Nagar",2006,"October",2006-10-01,"21"
"408","Uttarakhand"," Uttarkashi",2006,"October",2006-10-01,"0"
"409","Uttarakhand","Almora",2006,"November",2006-11-01,"0.3"
"410","Uttarakhand"," Chamoli",2006,"November",2006-11-01,"0"
"411","Uttarakhand"," Champawat",2006,"November",2006-11-01,"N.A."
"412","Uttarakhand"," Dehradun",2006,"November",2006-11-01,"1.7"
"413","Uttarakhand"," Garhwal Pauri",2006,"November",2006-11-01,"0"
"414","Uttarakhand"," Garhwal Tehri",2006,"November",2006-11-01,"0"
"415","Uttarakhand"," Hardwar",2006,"November",2006-11-01,"N.A."
"416","Uttarakhand"," Nainital",2006,"November",2006-11-01,"4.3"
"417","Uttarakhand"," Pithoragarh",2006,"November",2006-11-01,"N.A."
"418","Uttarakhand"," Rudraprayag",2006,"November",2006-11-01,"N.A."
"419","Uttarakhand"," Udham Singh Nagar",2006,"November",2006-11-01,"0"
"420","Uttarakhand"," Uttarkashi",2006,"November",2006-11-01,"N.A."
"421","Uttarakhand","Almora",2006,"December",2006-12-01,"5.3"
"422","Uttarakhand"," Chamoli",2006,"December",2006-12-01,"N.A."
"423","Uttarakhand"," Champawat",2006,"December",2006-12-01,"N.A."
"424","Uttarakhand"," Dehradun",2006,"December",2006-12-01,"25.2"
"425","Uttarakhand"," Garhwal Pauri",2006,"December",2006-12-01,"11.3"
"426","Uttarakhand"," Garhwal Tehri",2006,"December",2006-12-01,"40.4"
"427","Uttarakhand"," Hardwar",2006,"December",2006-12-01,"N.A."
"428","Uttarakhand"," Nainital",2006,"December",2006-12-01,"13.4"
"429","Uttarakhand"," Pithoragarh",2006,"December",2006-12-01,"N.A."
"430","Uttarakhand"," Rudraprayag",2006,"December",2006-12-01,"N.A."
"431","Uttarakhand"," Udham Singh Nagar",2006,"December",2006-12-01,"58"
"432","Uttarakhand"," Uttarkashi",2006,"December",2006-12-01,"N.A."
"433","Uttarakhand","Almora",2007,"January",2007-01-01,"4.2"
"434","Uttarakhand"," Chamoli",2007,"January",2007-01-01,"N.A."
"435","Uttarakhand"," Champawat",2007,"January",2007-01-01,"N.A."
"436","Uttarakhand"," Dehradun",2007,"January",2007-01-01,"0.4"
"437","Uttarakhand"," Garhwal Pauri",2007,"January",2007-01-01,"0"
"438","Uttarakhand"," Garhwal Tehri",2007,"January",2007-01-01,"0.3"
"439","Uttarakhand"," Hardwar",2007,"January",2007-01-01,"N.A."
"440","Uttarakhand"," Nainital",2007,"January",2007-01-01,"N.A."
"441","Uttarakhand"," Pithoragarh",2007,"January",2007-01-01,"11.9"
"442","Uttarakhand"," Rudraprayag",2007,"January",2007-01-01,"N.A."
"443","Uttarakhand"," Udham Singh Nagar",2007,"January",2007-01-01,"9"
"444","Uttarakhand"," Uttarkashi",2007,"January",2007-01-01,"N.A."
"445","Uttarakhand","Almora",2007,"February",2007-02-01,"135.8"
"446","Uttarakhand"," Chamoli",2007,"February",2007-02-01,"31.3"
"447","Uttarakhand"," Champawat",2007,"February",2007-02-01,"N.A."
"448","Uttarakhand"," Dehradun",2007,"February",2007-02-01,"111.4"
"449","Uttarakhand"," Garhwal Pauri",2007,"February",2007-02-01,"231.2"
"450","Uttarakhand"," Garhwal Tehri",2007,"February",2007-02-01,"151.3"
"451","Uttarakhand"," Hardwar",2007,"February",2007-02-01,"N.A."
"452","Uttarakhand"," Nainital",2007,"February",2007-02-01,"152.7"
"453","Uttarakhand"," Pithoragarh",2007,"February",2007-02-01,"N.A."
"454","Uttarakhand"," Rudraprayag",2007,"February",2007-02-01,"N.A."
"455","Uttarakhand"," Udham Singh Nagar",2007,"February",2007-02-01,"180.5"
"456","Uttarakhand"," Uttarkashi",2007,"February",2007-02-01,"N.A."
"457","Uttarakhand","Almora",2007,"March",2007-03-01,"117.9"
"458","Uttarakhand"," Chamoli",2007,"March",2007-03-01,"N.A."
"459","Uttarakhand"," Champawat",2007,"March",2007-03-01,"N.A."
"460","Uttarakhand"," Dehradun",2007,"March",2007-03-01,"96.1"
"461","Uttarakhand"," Garhwal Pauri",2007,"March",2007-03-01,"87.4"
"462","Uttarakhand"," Garhwal Tehri",2007,"March",2007-03-01,"111.7"
"463","Uttarakhand"," Hardwar",2007,"March",2007-03-01,"N.A."
"464","Uttarakhand"," Nainital",2007,"March",2007-03-01,"121.6"
"465","Uttarakhand"," Pithoragarh",2007,"March",2007-03-01,"N.A."
"466","Uttarakhand"," Rudraprayag",2007,"March",2007-03-01,"N.A."
"467","Uttarakhand"," Udham Singh Nagar",2007,"March",2007-03-01,"132.5"
"468","Uttarakhand"," Uttarkashi",2007,"March",2007-03-01,"93.4"
"469","Uttarakhand","Almora",2007,"April",2007-04-01,"30.5"
"470","Uttarakhand"," Chamoli",2007,"April",2007-04-01,"16"
"471","Uttarakhand"," Champawat",2007,"April",2007-04-01,"N.A."
"472","Uttarakhand"," Dehradun",2007,"April",2007-04-01,"15.6"
"473","Uttarakhand"," Garhwal Pauri",2007,"April",2007-04-01,"6.5"
"474","Uttarakhand"," Garhwal Tehri",2007,"April",2007-04-01,"21.9"
"475","Uttarakhand"," Hardwar",2007,"April",2007-04-01,"N.A."
"476","Uttarakhand"," Nainital",2007,"April",2007-04-01,"33.7"
"477","Uttarakhand"," Pithoragarh",2007,"April",2007-04-01,"N.A."
"478","Uttarakhand"," Rudraprayag",2007,"April",2007-04-01,"N.A."
"479","Uttarakhand"," Udham Singh Nagar",2007,"April",2007-04-01,"0"
"480","Uttarakhand"," Uttarkashi",2007,"April",2007-04-01,"N.A."
"481","Uttarakhand","Almora",2007,"May",2007-05-01,"90.2"
"482","Uttarakhand"," Chamoli",2007,"May",2007-05-01,"62.4"
"483","Uttarakhand"," Champawat",2007,"May",2007-05-01,"N.A."
"484","Uttarakhand"," Dehradun",2007,"May",2007-05-01,"16.8"
"485","Uttarakhand"," Garhwal Pauri",2007,"May",2007-05-01,"24"
"486","Uttarakhand"," Garhwal Tehri",2007,"May",2007-05-01,"45.2"
"487","Uttarakhand"," Hardwar",2007,"May",2007-05-01,"22.3"
"488","Uttarakhand"," Nainital",2007,"May",2007-05-01,"71.7"
"489","Uttarakhand"," Pithoragarh",2007,"May",2007-05-01,"N.A."
"490","Uttarakhand"," Rudraprayag",2007,"May",2007-05-01,"N.A."
"491","Uttarakhand"," Udham Singh Nagar",2007,"May",2007-05-01,"71"
"492","Uttarakhand"," Uttarkashi",2007,"May",2007-05-01,"N.A."
"493","Uttarakhand","Almora",2007,"June",2007-06-01,"192.4"
"494","Uttarakhand"," Chamoli",2007,"June",2007-06-01,"214.4"
"495","Uttarakhand"," Champawat",2007,"June",2007-06-01,"197"
"496","Uttarakhand"," Dehradun",2007,"June",2007-06-01,"79.2"
"497","Uttarakhand"," Garhwal Pauri",2007,"June",2007-06-01,"387"
"498","Uttarakhand"," Garhwal Tehri",2007,"June",2007-06-01,"32.8"
"499","Uttarakhand"," Hardwar",2007,"June",2007-06-01,"142.4"
"500","Uttarakhand"," Nainital",2007,"June",2007-06-01,"198.4"
"501","Uttarakhand"," Pithoragarh",2007,"June",2007-06-01,"N.A."
"502","Uttarakhand"," Rudraprayag",2007,"June",2007-06-01,"110.7"
"503","Uttarakhand"," Udham Singh Nagar",2007,"June",2007-06-01,"245"
"504","Uttarakhand"," Uttarkashi",2007,"June",2007-06-01,"310.8"
"505","Uttarakhand","Almora",2007,"July",2007-07-01,"171.2"
"506","Uttarakhand"," Chamoli",2007,"July",2007-07-01,"415.3"
"507","Uttarakhand"," Champawat",2007,"July",2007-07-01,"503"
"508","Uttarakhand"," Dehradun",2007,"July",2007-07-01,"860"
"509","Uttarakhand"," Garhwal Pauri",2007,"July",2007-07-01,"601.7"
"510","Uttarakhand"," Garhwal Tehri",2007,"July",2007-07-01,"209.7"
"511","Uttarakhand"," Hardwar",2007,"July",2007-07-01,"360.8"
"512","Uttarakhand"," Nainital",2007,"July",2007-07-01,"262.8"
"513","Uttarakhand"," Pithoragarh",2007,"July",2007-07-01,"N.A."
"514","Uttarakhand"," Rudraprayag",2007,"July",2007-07-01,"154.3"
"515","Uttarakhand"," Udham Singh Nagar",2007,"July",2007-07-01,"522.7"
"516","Uttarakhand"," Uttarkashi",2007,"July",2007-07-01,"919.2"
"517","Uttarakhand","Almora",2007,"August",2007-08-01,"280.9"
"518","Uttarakhand"," Chamoli",2007,"August",2007-08-01,"154.9"
"519","Uttarakhand"," Champawat",2007,"August",2007-08-01,"745.4"
"520","Uttarakhand"," Dehradun",2007,"August",2007-08-01,"943.5"
"521","Uttarakhand"," Garhwal Pauri",2007,"August",2007-08-01,"1115.5"
"522","Uttarakhand"," Garhwal Tehri",2007,"August",2007-08-01,"246.2"
"523","Uttarakhand"," Hardwar",2007,"August",2007-08-01,"720.3"
"524","Uttarakhand"," Nainital",2007,"August",2007-08-01,"420.5"
"525","Uttarakhand"," Pithoragarh",2007,"August",2007-08-01,"N.A."
"526","Uttarakhand"," Rudraprayag",2007,"August",2007-08-01,"254"
"527","Uttarakhand"," Udham Singh Nagar",2007,"August",2007-08-01,"793"
"528","Uttarakhand"," Uttarkashi",2007,"August",2007-08-01,"791.9"
"529","Uttarakhand","Almora",2007,"September",2007-09-01,"245.4"
"530","Uttarakhand"," Chamoli",2007,"September",2007-09-01,"235"
"531","Uttarakhand"," Champawat",2007,"September",2007-09-01,"306.9"
"532","Uttarakhand"," Dehradun",2007,"September",2007-09-01,"801"
"533","Uttarakhand"," Garhwal Pauri",2007,"September",2007-09-01,"245.6"
"534","Uttarakhand"," Garhwal Tehri",2007,"September",2007-09-01,"93.5"
"535","Uttarakhand"," Hardwar",2007,"September",2007-09-01,"170.9"
"536","Uttarakhand"," Nainital",2007,"September",2007-09-01,"259.1"
"537","Uttarakhand"," Pithoragarh",2007,"September",2007-09-01,"N.A."
"538","Uttarakhand"," Rudraprayag",2007,"September",2007-09-01,"157"
"539","Uttarakhand"," Udham Singh Nagar",2007,"September",2007-09-01,"N.A."
"540","Uttarakhand"," Uttarkashi",2007,"September",2007-09-01,"N.A."
"541","Uttarakhand","Almora",2007,"October",2007-10-01,"4"
"542","Uttarakhand"," Chamoli",2007,"October",2007-10-01,"15.6"
"543","Uttarakhand"," Champawat",2007,"October",2007-10-01,"0"
"544","Uttarakhand"," Dehradun",2007,"October",2007-10-01,"10.6"
"545","Uttarakhand"," Garhwal Pauri",2007,"October",2007-10-01,"22"
"546","Uttarakhand"," Garhwal Tehri",2007,"October",2007-10-01,"6.8"
"547","Uttarakhand"," Hardwar",2007,"October",2007-10-01,"0"
"548","Uttarakhand"," Nainital",2007,"October",2007-10-01,"11.7"
"549","Uttarakhand"," Pithoragarh",2007,"October",2007-10-01,"N.A."
"550","Uttarakhand"," Rudraprayag",2007,"October",2007-10-01,"1.8"
"551","Uttarakhand"," Udham Singh Nagar",2007,"October",2007-10-01,"16"
"552","Uttarakhand"," Uttarkashi",2007,"October",2007-10-01,"9.8"
"553","Uttarakhand","Almora",2007,"November",2007-11-01,"N.A."
"554","Uttarakhand"," Chamoli",2007,"November",2007-11-01,"N.A."
"555","Uttarakhand"," Champawat",2007,"November",2007-11-01,"N.A."
"556","Uttarakhand"," Dehradun",2007,"November",2007-11-01,"0"
"557","Uttarakhand"," Garhwal Pauri",2007,"November",2007-11-01,"N.A."
"558","Uttarakhand"," Garhwal Tehri",2007,"November",2007-11-01,"0"
"559","Uttarakhand"," Hardwar",2007,"November",2007-11-01,"N.A."
"560","Uttarakhand"," Nainital",2007,"November",2007-11-01,"0"
"561","Uttarakhand"," Pithoragarh",2007,"November",2007-11-01,"N.A."
"562","Uttarakhand"," Rudraprayag",2007,"November",2007-11-01,"N.A."
"563","Uttarakhand"," Udham Singh Nagar",2007,"November",2007-11-01,"N.A."
"564","Uttarakhand"," Uttarkashi",2007,"November",2007-11-01,"N.A."
"565","Uttarakhand","Almora",2007,"December",2007-12-01,"N.A."
"566","Uttarakhand"," Chamoli",2007,"December",2007-12-01,"N.A."
"567","Uttarakhand"," Champawat",2007,"December",2007-12-01,"N.A."
"568","Uttarakhand"," Dehradun",2007,"December",2007-12-01,"5.9"
"569","Uttarakhand"," Garhwal Pauri",2007,"December",2007-12-01,"N.A."
"570","Uttarakhand"," Garhwal Tehri",2007,"December",2007-12-01,"19"
"571","Uttarakhand"," Hardwar",2007,"December",2007-12-01,"N.A."
"572","Uttarakhand"," Nainital",2007,"December",2007-12-01,"2.2"
"573","Uttarakhand"," Pithoragarh",2007,"December",2007-12-01,"N.A."
"574","Uttarakhand"," Rudraprayag",2007,"December",2007-12-01,"N.A."
"575","Uttarakhand"," Udham Singh Nagar",2007,"December",2007-12-01,"N.A."
"576","Uttarakhand"," Uttarkashi",2007,"December",2007-12-01,"N.A."
"577","Uttarakhand","Almora",2008,"January",2008-01-01,"N.A."
"578","Uttarakhand"," Chamoli",2008,"January",2008-01-01,"N.A."
"579","Uttarakhand"," Champawat",2008,"January",2008-01-01,"N.A."
"580","Uttarakhand"," Dehradun",2008,"January",2008-01-01,"13.1"
"581","Uttarakhand"," Garhwal Pauri",2008,"January",2008-01-01,"N.A."
"582","Uttarakhand"," Garhwal Tehri",2008,"January",2008-01-01,"23.7"
"583","Uttarakhand"," Hardwar",2008,"January",2008-01-01,"N.A."
"584","Uttarakhand"," Nainital",2008,"January",2008-01-01,"10.2"
"585","Uttarakhand"," Pithoragarh",2008,"January",2008-01-01,"N.A."
"586","Uttarakhand"," Rudraprayag",2008,"January",2008-01-01,"N.A."
"587","Uttarakhand"," Udham Singh Nagar",2008,"January",2008-01-01,"N.A."
"588","Uttarakhand"," Uttarkashi",2008,"January",2008-01-01,"N.A."
"589","Uttarakhand","Almora",2008,"February",2008-02-01,"N.A."
"590","Uttarakhand"," Chamoli",2008,"February",2008-02-01,"N.A."
"591","Uttarakhand"," Champawat",2008,"February",2008-02-01,"N.A."
"592","Uttarakhand"," Dehradun",2008,"February",2008-02-01,"21.8"
"593","Uttarakhand"," Garhwal Pauri",2008,"February",2008-02-01,"N.A."
"594","Uttarakhand"," Garhwal Tehri",2008,"February",2008-02-01,"8"
"595","Uttarakhand"," Hardwar",2008,"February",2008-02-01,"N.A."
"596","Uttarakhand"," Nainital",2008,"February",2008-02-01,"4.5"
"597","Uttarakhand"," Pithoragarh",2008,"February",2008-02-01,"N.A."
"598","Uttarakhand"," Rudraprayag",2008,"February",2008-02-01,"N.A."
"599","Uttarakhand"," Udham Singh Nagar",2008,"February",2008-02-01,"N.A."
"600","Uttarakhand"," Uttarkashi",2008,"February",2008-02-01,"N.A."
"601","Uttarakhand","Almora",2008,"March",2008-03-01,"N.A."
"602","Uttarakhand"," Chamoli",2008,"March",2008-03-01,"N.A."
"603","Uttarakhand"," Champawat",2008,"March",2008-03-01,"N.A."
"604","Uttarakhand"," Dehradun",2008,"March",2008-03-01,"2.6"
"605","Uttarakhand"," Garhwal Pauri",2008,"March",2008-03-01,"N.A."
"606","Uttarakhand"," Garhwal Tehri",2008,"March",2008-03-01,"13.6"
"607","Uttarakhand"," Hardwar",2008,"March",2008-03-01,"N.A."
"608","Uttarakhand"," Nainital",2008,"March",2008-03-01,"0.9"
"609","Uttarakhand"," Pithoragarh",2008,"March",2008-03-01,"N.A."
"610","Uttarakhand"," Rudraprayag",2008,"March",2008-03-01,"N.A."
"611","Uttarakhand"," Udham Singh Nagar",2008,"March",2008-03-01,"N.A."
"612","Uttarakhand"," Uttarkashi",2008,"March",2008-03-01,"N.A."
"613","Uttarakhand","Almora",2008,"April",2008-04-01,"N.A."
"614","Uttarakhand"," Chamoli",2008,"April",2008-04-01,"4.8"
"615","Uttarakhand"," Champawat",2008,"April",2008-04-01,"N.A."
"616","Uttarakhand"," Dehradun",2008,"April",2008-04-01,"76.1"
"617","Uttarakhand"," Garhwal Pauri",2008,"April",2008-04-01,"N.A."
"618","Uttarakhand"," Garhwal Tehri",2008,"April",2008-04-01,"68.1"
"619","Uttarakhand"," Hardwar",2008,"April",2008-04-01,"20.3"
"620","Uttarakhand"," Nainital",2008,"April",2008-04-01,"22.3"
"621","Uttarakhand"," Pithoragarh",2008,"April",2008-04-01,"N.A."
"622","Uttarakhand"," Rudraprayag",2008,"April",2008-04-01,"N.A."
"623","Uttarakhand"," Udham Singh Nagar",2008,"April",2008-04-01,"N.A."
"624","Uttarakhand"," Uttarkashi",2008,"April",2008-04-01,"N.A."
"625","Uttarakhand","Almora",2008,"May",2008-05-01,"N.A."
"626","Uttarakhand"," Chamoli",2008,"May",2008-05-01,"N.A."
"627","Uttarakhand"," Champawat",2008,"May",2008-05-01,"N.A."
"628","Uttarakhand"," Dehradun",2008,"May",2008-05-01,"51.8"
"629","Uttarakhand"," Garhwal Pauri",2008,"May",2008-05-01,"N.A."
"630","Uttarakhand"," Garhwal Tehri",2008,"May",2008-05-01,"62.6"
"631","Uttarakhand"," Hardwar",2008,"May",2008-05-01,"19.6"
"632","Uttarakhand"," Nainital",2008,"May",2008-05-01,"38.5"
"633","Uttarakhand"," Pithoragarh",2008,"May",2008-05-01,"N.A."
"634","Uttarakhand"," Rudraprayag",2008,"May",2008-05-01,"N.A."
"635","Uttarakhand"," Udham Singh Nagar",2008,"May",2008-05-01,"N.A."
"636","Uttarakhand"," Uttarkashi",2008,"May",2008-05-01,"N.A."
"637","Uttarakhand","Almora",2008,"June",2008-06-01,"10.2"
"638","Uttarakhand"," Chamoli",2008,"June",2008-06-01,"163.8"
"639","Uttarakhand"," Champawat",2008,"June",2008-06-01,"222.2"
"640","Uttarakhand"," Dehradun",2008,"June",2008-06-01,"588.9"
"641","Uttarakhand"," Garhwal Pauri",2008,"June",2008-06-01,"N.A."
"642","Uttarakhand"," Garhwal Tehri",2008,"June",2008-06-01,"175.5"
"643","Uttarakhand"," Hardwar",2008,"June",2008-06-01,"440.1"
"644","Uttarakhand"," Nainital",2008,"June",2008-06-01,"333.6"
"645","Uttarakhand"," Pithoragarh",2008,"June",2008-06-01,"26"
"646","Uttarakhand"," Rudraprayag",2008,"June",2008-06-01,"148.9"
"647","Uttarakhand"," Udham Singh Nagar",2008,"June",2008-06-01,"N.A."
"648","Uttarakhand"," Uttarkashi",2008,"June",2008-06-01,"298.3"
"649","Uttarakhand","Almora",2008,"July",2008-07-01,"251"
"650","Uttarakhand"," Chamoli",2008,"July",2008-07-01,"354"
"651","Uttarakhand"," Champawat",2008,"July",2008-07-01,"563.1"
"652","Uttarakhand"," Dehradun",2008,"July",2008-07-01,"689"
"653","Uttarakhand"," Garhwal Pauri",2008,"July",2008-07-01,"324.6"
"654","Uttarakhand"," Garhwal Tehri",2008,"July",2008-07-01,"278.2"
"655","Uttarakhand"," Hardwar",2008,"July",2008-07-01,"453.3"
"656","Uttarakhand"," Nainital",2008,"July",2008-07-01,"495.9"
"657","Uttarakhand"," Pithoragarh",2008,"July",2008-07-01,"377.4"
"658","Uttarakhand"," Rudraprayag",2008,"July",2008-07-01,"295.5"
"659","Uttarakhand"," Udham Singh Nagar",2008,"July",2008-07-01,"562"
"660","Uttarakhand"," Uttarkashi",2008,"July",2008-07-01,"455"
"661","Uttarakhand","Almora",2008,"August",2008-08-01,"247.7"
"662","Uttarakhand"," Chamoli",2008,"August",2008-08-01,"273.2"
"663","Uttarakhand"," Champawat",2008,"August",2008-08-01,"532"
"664","Uttarakhand"," Dehradun",2008,"August",2008-08-01,"736.4"
"665","Uttarakhand"," Garhwal Pauri",2008,"August",2008-08-01,"276.6"
"666","Uttarakhand"," Garhwal Tehri",2008,"August",2008-08-01,"279.1"
"667","Uttarakhand"," Hardwar",2008,"August",2008-08-01,"479.2"
"668","Uttarakhand"," Nainital",2008,"August",2008-08-01,"527"
"669","Uttarakhand"," Pithoragarh",2008,"August",2008-08-01,"242.9"
"670","Uttarakhand"," Rudraprayag",2008,"August",2008-08-01,"351.2"
"671","Uttarakhand"," Udham Singh Nagar",2008,"August",2008-08-01,"N.A."
"672","Uttarakhand"," Uttarkashi",2008,"August",2008-08-01,"398.2"
"673","Uttarakhand","Almora",2008,"September",2008-09-01,"144.6"
"674","Uttarakhand"," Chamoli",2008,"September",2008-09-01,"87.2"
"675","Uttarakhand"," Champawat",2008,"September",2008-09-01,"431"
"676","Uttarakhand"," Dehradun",2008,"September",2008-09-01,"159.9"
"677","Uttarakhand"," Garhwal Pauri",2008,"September",2008-09-01,"47"
"678","Uttarakhand"," Garhwal Tehri",2008,"September",2008-09-01,"80.4"
"679","Uttarakhand"," Hardwar",2008,"September",2008-09-01,"191.4"
"680","Uttarakhand"," Nainital",2008,"September",2008-09-01,"353.1"
"681","Uttarakhand"," Pithoragarh",2008,"September",2008-09-01,"136.9"
"682","Uttarakhand"," Rudraprayag",2008,"September",2008-09-01,"205"
"683","Uttarakhand"," Udham Singh Nagar",2008,"September",2008-09-01,"N.A."
"684","Uttarakhand"," Uttarkashi",2008,"September",2008-09-01,"164.4"
"685","Uttarakhand","Almora",2008,"October",2008-10-01,"0"
"686","Uttarakhand"," Chamoli",2008,"October",2008-10-01,"31.3"
"687","Uttarakhand"," Champawat",2008,"October",2008-10-01,"118.2"
"688","Uttarakhand"," Dehradun",2008,"October",2008-10-01,"32.9"
"689","Uttarakhand"," Garhwal Pauri",2008,"October",2008-10-01,"79"
"690","Uttarakhand"," Garhwal Tehri",2008,"October",2008-10-01,"10.9"
"691","Uttarakhand"," Hardwar",2008,"October",2008-10-01,"28.8"
"692","Uttarakhand"," Nainital",2008,"October",2008-10-01,"11.5"
"693","Uttarakhand"," Pithoragarh",2008,"October",2008-10-01,"6.8"
"694","Uttarakhand"," Rudraprayag",2008,"October",2008-10-01,"4"
"695","Uttarakhand"," Udham Singh Nagar",2008,"October",2008-10-01,"70"
"696","Uttarakhand"," Uttarkashi",2008,"October",2008-10-01,"17.8"
"697","Uttarakhand","Almora",2008,"November",2008-11-01,"10"
"698","Uttarakhand"," Chamoli",2008,"November",2008-11-01,"15.3"
"699","Uttarakhand"," Champawat",2008,"November",2008-11-01,"N.A."
"700","Uttarakhand"," Dehradun",2008,"November",2008-11-01,"10.5"
"701","Uttarakhand"," Garhwal Pauri",2008,"November",2008-11-01,"0.4"
"702","Uttarakhand"," Garhwal Tehri",2008,"November",2008-11-01,"12"
"703","Uttarakhand"," Hardwar",2008,"November",2008-11-01,"N.A."
"704","Uttarakhand"," Nainital",2008,"November",2008-11-01,"4.7"
"705","Uttarakhand"," Pithoragarh",2008,"November",2008-11-01,"5.2"
"706","Uttarakhand"," Rudraprayag",2008,"November",2008-11-01,"6"
"707","Uttarakhand"," Udham Singh Nagar",2008,"November",2008-11-01,"N.A."
"708","Uttarakhand"," Uttarkashi",2008,"November",2008-11-01,"N.A."
"709","Uttarakhand","Almora",2008,"December",2008-12-01,"7"
"710","Uttarakhand"," Chamoli",2008,"December",2008-12-01,"13"
"711","Uttarakhand"," Champawat",2008,"December",2008-12-01,"N.A."
"712","Uttarakhand"," Dehradun",2008,"December",2008-12-01,"0"
"713","Uttarakhand"," Garhwal Pauri",2008,"December",2008-12-01,"0"
"714","Uttarakhand"," Garhwal Tehri",2008,"December",2008-12-01,"0.7"
"715","Uttarakhand"," Hardwar",2008,"December",2008-12-01,"N.A."
"716","Uttarakhand"," Nainital",2008,"December",2008-12-01,"0"
"717","Uttarakhand"," Pithoragarh",2008,"December",2008-12-01,"0"
"718","Uttarakhand"," Rudraprayag",2008,"December",2008-12-01,"0.6"
"719","Uttarakhand"," Udham Singh Nagar",2008,"December",2008-12-01,"N.A."
"720","Uttarakhand"," Uttarkashi",2008,"December",2008-12-01,"N.A."
"721","Uttarakhand","Almora",2009,"January",2009-01-01,"3"
"722","Uttarakhand"," Chamoli",2009,"January",2009-01-01,"N.A."
"723","Uttarakhand"," Champawat",2009,"January",2009-01-01,"N.A."
"724","Uttarakhand"," Dehradun",2009,"January",2009-01-01,"5"
"725","Uttarakhand"," Garhwal Pauri",2009,"January",2009-01-01,"N.A."
"726","Uttarakhand"," Garhwal Tehri",2009,"January",2009-01-01,"8.2"
"727","Uttarakhand"," Hardwar",2009,"January",2009-01-01,"N.A."
"728","Uttarakhand"," Nainital",2009,"January",2009-01-01,"0.6"
"729","Uttarakhand"," Pithoragarh",2009,"January",2009-01-01,"2.5"
"730","Uttarakhand"," Rudraprayag",2009,"January",2009-01-01,"N.A."
"731","Uttarakhand"," Udham Singh Nagar",2009,"January",2009-01-01,"N.A."
"732","Uttarakhand"," Uttarkashi",2009,"January",2009-01-01,"N.A."
"733","Uttarakhand","Almora",2009,"February",2009-02-01,"0"
"734","Uttarakhand"," Chamoli",2009,"February",2009-02-01,"N.A."
"735","Uttarakhand"," Champawat",2009,"February",2009-02-01,"N.A."
"736","Uttarakhand"," Dehradun",2009,"February",2009-02-01,"39.5"
"737","Uttarakhand"," Garhwal Pauri",2009,"February",2009-02-01,"N.A."
"738","Uttarakhand"," Garhwal Tehri",2009,"February",2009-02-01,"39.6"
"739","Uttarakhand"," Hardwar",2009,"February",2009-02-01,"N.A."
"740","Uttarakhand"," Nainital",2009,"February",2009-02-01,"14.3"
"741","Uttarakhand"," Pithoragarh",2009,"February",2009-02-01,"N.A."
"742","Uttarakhand"," Rudraprayag",2009,"February",2009-02-01,"N.A."
"743","Uttarakhand"," Udham Singh Nagar",2009,"February",2009-02-01,"N.A."
"744","Uttarakhand"," Uttarkashi",2009,"February",2009-02-01,"N.A."
"745","Uttarakhand","Almora",2009,"March",2009-03-01,"N.A."
"746","Uttarakhand"," Chamoli",2009,"March",2009-03-01,"N.A."
"747","Uttarakhand"," Champawat",2009,"March",2009-03-01,"N.A."
"748","Uttarakhand"," Dehradun",2009,"March",2009-03-01,"2.6"
"749","Uttarakhand"," Garhwal Pauri",2009,"March",2009-03-01,"N.A."
"750","Uttarakhand"," Garhwal Tehri",2009,"March",2009-03-01,"2"
"751","Uttarakhand"," Hardwar",2009,"March",2009-03-01,"0.3"
"752","Uttarakhand"," Nainital",2009,"March",2009-03-01,"3.2"
"753","Uttarakhand"," Pithoragarh",2009,"March",2009-03-01,"N.A."
"754","Uttarakhand"," Rudraprayag",2009,"March",2009-03-01,"N.A."
"755","Uttarakhand"," Udham Singh Nagar",2009,"March",2009-03-01,"N.A."
"756","Uttarakhand"," Uttarkashi",2009,"March",2009-03-01,"N.A."
"757","Uttarakhand","Almora",2009,"April",2009-04-01,"40"
"758","Uttarakhand"," Chamoli",2009,"April",2009-04-01,"N.A."
"759","Uttarakhand"," Champawat",2009,"April",2009-04-01,"N.A."
"760","Uttarakhand"," Dehradun",2009,"April",2009-04-01,"18.8"
"761","Uttarakhand"," Garhwal Pauri",2009,"April",2009-04-01,"N.A."
"762","Uttarakhand"," Garhwal Tehri",2009,"April",2009-04-01,"21.6"
"763","Uttarakhand"," Hardwar",2009,"April",2009-04-01,"0"
"764","Uttarakhand"," Nainital",2009,"April",2009-04-01,"22.2"
"765","Uttarakhand"," Pithoragarh",2009,"April",2009-04-01,"N.A."
"766","Uttarakhand"," Rudraprayag",2009,"April",2009-04-01,"N.A."
"767","Uttarakhand"," Udham Singh Nagar",2009,"April",2009-04-01,"N.A."
"768","Uttarakhand"," Uttarkashi",2009,"April",2009-04-01,"N.A."
"769","Uttarakhand","Almora",2009,"May",2009-05-01,"52"
"770","Uttarakhand"," Chamoli",2009,"May",2009-05-01,"N.A."
"771","Uttarakhand"," Champawat",2009,"May",2009-05-01,"N.A."
"772","Uttarakhand"," Dehradun",2009,"May",2009-05-01,"43.6"
"773","Uttarakhand"," Garhwal Pauri",2009,"May",2009-05-01,"N.A."
"774","Uttarakhand"," Garhwal Tehri",2009,"May",2009-05-01,"36.1"
"775","Uttarakhand"," Hardwar",2009,"May",2009-05-01,"17.2"
"776","Uttarakhand"," Nainital",2009,"May",2009-05-01,"51.4"
"777","Uttarakhand"," Pithoragarh",2009,"May",2009-05-01,"2.5"
"778","Uttarakhand"," Rudraprayag",2009,"May",2009-05-01,"N.A."
"779","Uttarakhand"," Udham Singh Nagar",2009,"May",2009-05-01,"N.A."
"780","Uttarakhand"," Uttarkashi",2009,"May",2009-05-01,"N.A."
"781","Uttarakhand","Almora",2009,"June",2009-06-01,"13.3"
"782","Uttarakhand"," Chamoli",2009,"June",2009-06-01,"32.2"
"783","Uttarakhand"," Champawat",2009,"June",2009-06-01,"205.4"
"784","Uttarakhand"," Dehradun",2009,"June",2009-06-01,"74.5"
"785","Uttarakhand"," Garhwal Pauri",2009,"June",2009-06-01,"44.2"
"786","Uttarakhand"," Garhwal Tehri",2009,"June",2009-06-01,"21.8"
"787","Uttarakhand"," Hardwar",2009,"June",2009-06-01,"67.3"
"788","Uttarakhand"," Nainital",2009,"June",2009-06-01,"62.6"
"789","Uttarakhand"," Pithoragarh",2009,"June",2009-06-01,"34.3"
"790","Uttarakhand"," Rudraprayag",2009,"June",2009-06-01,"17.8"
"791","Uttarakhand"," Udham Singh Nagar",2009,"June",2009-06-01,"0"
"792","Uttarakhand"," Uttarkashi",2009,"June",2009-06-01,"197.3"
"793","Uttarakhand","Almora",2009,"July",2009-07-01,"142.2"
"794","Uttarakhand"," Chamoli",2009,"July",2009-07-01,"232.2"
"795","Uttarakhand"," Champawat",2009,"July",2009-07-01,"462.1"
"796","Uttarakhand"," Dehradun",2009,"July",2009-07-01,"437.4"
"797","Uttarakhand"," Garhwal Pauri",2009,"July",2009-07-01,"300.7"
"798","Uttarakhand"," Garhwal Tehri",2009,"July",2009-07-01,"108.7"
"799","Uttarakhand"," Hardwar",2009,"July",2009-07-01,"315"
"800","Uttarakhand"," Nainital",2009,"July",2009-07-01,"226.2"
"801","Uttarakhand"," Pithoragarh",2009,"July",2009-07-01,"445.1"
"802","Uttarakhand"," Rudraprayag",2009,"July",2009-07-01,"204.1"
"803","Uttarakhand"," Udham Singh Nagar",2009,"July",2009-07-01,"119.1"
"804","Uttarakhand"," Uttarkashi",2009,"July",2009-07-01,"541.2"
"805","Uttarakhand","Almora",2009,"August",2009-08-01,"149.7"
"806","Uttarakhand"," Chamoli",2009,"August",2009-08-01,"124.5"
"807","Uttarakhand"," Champawat",2009,"August",2009-08-01,"790.4"
"808","Uttarakhand"," Dehradun",2009,"August",2009-08-01,"453.9"
"809","Uttarakhand"," Garhwal Pauri",2009,"August",2009-08-01,"245"
"810","Uttarakhand"," Garhwal Tehri",2009,"August",2009-08-01,"40.9"
"811","Uttarakhand"," Hardwar",2009,"August",2009-08-01,"257.2"
"812","Uttarakhand"," Nainital",2009,"August",2009-08-01,"493.7"
"813","Uttarakhand"," Pithoragarh",2009,"August",2009-08-01,"555.7"
"814","Uttarakhand"," Rudraprayag",2009,"August",2009-08-01,"171.7"
"815","Uttarakhand"," Udham Singh Nagar",2009,"August",2009-08-01,"201.3"
"816","Uttarakhand"," Uttarkashi",2009,"August",2009-08-01,"339.3"
"817","Uttarakhand","Almora",2009,"September",2009-09-01,"166.9"
"818","Uttarakhand"," Chamoli",2009,"September",2009-09-01,"131.6"
"819","Uttarakhand"," Champawat",2009,"September",2009-09-01,"186.8"
"820","Uttarakhand"," Dehradun",2009,"September",2009-09-01,"273.2"
"821","Uttarakhand"," Garhwal Pauri",2009,"September",2009-09-01,"101"
"822","Uttarakhand"," Garhwal Tehri",2009,"September",2009-09-01,"133.7"
"823","Uttarakhand"," Hardwar",2009,"September",2009-09-01,"222.7"
"824","Uttarakhand"," Nainital",2009,"September",2009-09-01,"301"
"825","Uttarakhand"," Pithoragarh",2009,"September",2009-09-01,"282.6"
"826","Uttarakhand"," Rudraprayag",2009,"September",2009-09-01,"109.1"
"827","Uttarakhand"," Udham Singh Nagar",2009,"September",2009-09-01,"112.6"
"828","Uttarakhand"," Uttarkashi",2009,"September",2009-09-01,"230.8"
"829","Uttarakhand","Almora",2009,"October",2009-10-01,"16"
"830","Uttarakhand"," Chamoli",2009,"October",2009-10-01,"35.6"
"831","Uttarakhand"," Champawat",2009,"October",2009-10-01,"501"
"832","Uttarakhand"," Dehradun",2009,"October",2009-10-01,"168.7"
"833","Uttarakhand"," Garhwal Pauri",2009,"October",2009-10-01,"15.1"
"834","Uttarakhand"," Garhwal Tehri",2009,"October",2009-10-01,"70.7"
"835","Uttarakhand"," Hardwar",2009,"October",2009-10-01,"13.1"
"836","Uttarakhand"," Nainital",2009,"October",2009-10-01,"194.1"
"837","Uttarakhand"," Pithoragarh",2009,"October",2009-10-01,"144"
"838","Uttarakhand"," Rudraprayag",2009,"October",2009-10-01,"36.6"
"839","Uttarakhand"," Udham Singh Nagar",2009,"October",2009-10-01,"67"
"840","Uttarakhand"," Uttarkashi",2009,"October",2009-10-01,"30.6"
"841","Uttarakhand","Almora",2009,"November",2009-11-01,"10.9"
"842","Uttarakhand"," Chamoli",2009,"November",2009-11-01,"6.6"
"843","Uttarakhand"," Champawat",2009,"November",2009-11-01,"0"
"844","Uttarakhand"," Dehradun",2009,"November",2009-11-01,"2"
"845","Uttarakhand"," Garhwal Pauri",2009,"November",2009-11-01,"0.1"
"846","Uttarakhand"," Garhwal Tehri",2009,"November",2009-11-01,"0.2"
"847","Uttarakhand"," Hardwar",2009,"November",2009-11-01,"0"
"848","Uttarakhand"," Nainital",2009,"November",2009-11-01,"24.7"
"849","Uttarakhand"," Pithoragarh",2009,"November",2009-11-01,"13.8"
"850","Uttarakhand"," Rudraprayag",2009,"November",2009-11-01,"11.8"
"851","Uttarakhand"," Udham Singh Nagar",2009,"November",2009-11-01,"3.4"
"852","Uttarakhand"," Uttarkashi",2009,"November",2009-11-01,"6.8"
"853","Uttarakhand","Almora",2009,"December",2009-12-01,"0"
"854","Uttarakhand"," Chamoli",2009,"December",2009-12-01,"0"
"855","Uttarakhand"," Champawat",2009,"December",2009-12-01,"0"
"856","Uttarakhand"," Dehradun",2009,"December",2009-12-01,"0"
"857","Uttarakhand"," Garhwal Pauri",2009,"December",2009-12-01,"12.6"
"858","Uttarakhand"," Garhwal Tehri",2009,"December",2009-12-01,"0"
"859","Uttarakhand"," Hardwar",2009,"December",2009-12-01,"0"
"860","Uttarakhand"," Nainital",2009,"December",2009-12-01,"2.8"
"861","Uttarakhand"," Pithoragarh",2009,"December",2009-12-01,"1.7"
"862","Uttarakhand"," Rudraprayag",2009,"December",2009-12-01,"0"
"863","Uttarakhand"," Udham Singh Nagar",2009,"December",2009-12-01,"1.6"
"864","Uttarakhand"," Uttarkashi",2009,"December",2009-12-01,"1.8"
"865","Uttarakhand","Almora",2010,"January",2010-01-01,"12"
"866","Uttarakhand"," Chamoli",2010,"January",2010-01-01,"0"
"867","Uttarakhand"," Champawat",2010,"January",2010-01-01,"N.A."
"868","Uttarakhand"," Dehradun",2010,"January",2010-01-01,"14.5"
"869","Uttarakhand"," Garhwal Pauri",2010,"January",2010-01-01,"1.2"
"870","Uttarakhand"," Garhwal Tehri",2010,"January",2010-01-01,"13.9"
"871","Uttarakhand"," Hardwar",2010,"January",2010-01-01,"1.1"
"872","Uttarakhand"," Nainital",2010,"January",2010-01-01,"7.2"
"873","Uttarakhand"," Pithoragarh",2010,"January",2010-01-01,"5.9"
"874","Uttarakhand"," Rudraprayag",2010,"January",2010-01-01,"20"
"875","Uttarakhand"," Udham Singh Nagar",2010,"January",2010-01-01,"0.5"
"876","Uttarakhand"," Uttarkashi",2010,"January",2010-01-01,"20.6"
"877","Uttarakhand","Almora",2010,"February",2010-02-01,"68.2"
"878","Uttarakhand"," Chamoli",2010,"February",2010-02-01,"33.5"
"879","Uttarakhand"," Champawat",2010,"February",2010-02-01,"11"
"880","Uttarakhand"," Dehradun",2010,"February",2010-02-01,"54.5"
"881","Uttarakhand"," Garhwal Pauri",2010,"February",2010-02-01,"35.1"
"882","Uttarakhand"," Garhwal Tehri",2010,"February",2010-02-01,"80.5"
"883","Uttarakhand"," Hardwar",2010,"February",2010-02-01,"43.8"
"884","Uttarakhand"," Nainital",2010,"February",2010-02-01,"49.8"
"885","Uttarakhand"," Pithoragarh",2010,"February",2010-02-01,"64.9"
"886","Uttarakhand"," Rudraprayag",2010,"February",2010-02-01,"26.5"
"887","Uttarakhand"," Udham Singh Nagar",2010,"February",2010-02-01,"42.4"
"888","Uttarakhand"," Uttarkashi",2010,"February",2010-02-01,"77.6"
"889","Uttarakhand","Almora",2010,"March",2010-03-01,"0"
"890","Uttarakhand"," Chamoli",2010,"March",2010-03-01,"17.8"
"891","Uttarakhand"," Champawat",2010,"March",2010-03-01,"0"
"892","Uttarakhand"," Dehradun",2010,"March",2010-03-01,"2"
"893","Uttarakhand"," Garhwal Pauri",2010,"March",2010-03-01,"0"
"894","Uttarakhand"," Garhwal Tehri",2010,"March",2010-03-01,"2"
"895","Uttarakhand"," Hardwar",2010,"March",2010-03-01,"0"
"896","Uttarakhand"," Nainital",2010,"March",2010-03-01,"0.2"
"897","Uttarakhand"," Pithoragarh",2010,"March",2010-03-01,"3.4"
"898","Uttarakhand"," Rudraprayag",2010,"March",2010-03-01,"3.2"
"899","Uttarakhand"," Udham Singh Nagar",2010,"March",2010-03-01,"0"
"900","Uttarakhand"," Uttarkashi",2010,"March",2010-03-01,"4.4"
"901","Uttarakhand","Almora",2010,"April",2010-04-01,"7.3"
"902","Uttarakhand"," Chamoli",2010,"April",2010-04-01,"27.7"
"903","Uttarakhand"," Champawat",2010,"April",2010-04-01,"4"
"904","Uttarakhand"," Dehradun",2010,"April",2010-04-01,"5"
"905","Uttarakhand"," Garhwal Pauri",2010,"April",2010-04-01,"2.2"
"906","Uttarakhand"," Garhwal Tehri",2010,"April",2010-04-01,"14.5"
"907","Uttarakhand"," Hardwar",2010,"April",2010-04-01,"0"
"908","Uttarakhand"," Nainital",2010,"April",2010-04-01,"5.5"
"909","Uttarakhand"," Pithoragarh",2010,"April",2010-04-01,"16.5"
"910","Uttarakhand"," Rudraprayag",2010,"April",2010-04-01,"7.2"
"911","Uttarakhand"," Udham Singh Nagar",2010,"April",2010-04-01,"0"
"912","Uttarakhand"," Uttarkashi",2010,"April",2010-04-01,"25"
"913","Uttarakhand","Almora",2010,"May",2010-05-01,"44.3"
"914","Uttarakhand"," Chamoli",2010,"May",2010-05-01,"63.9"
"915","Uttarakhand"," Champawat",2010,"May",2010-05-01,"72"
"916","Uttarakhand"," Dehradun",2010,"May",2010-05-01,"49.1"
"917","Uttarakhand"," Garhwal Pauri",2010,"May",2010-05-01,"41.4"
"918","Uttarakhand"," Garhwal Tehri",2010,"May",2010-05-01,"78.4"
"919","Uttarakhand"," Hardwar",2010,"May",2010-05-01,"35.3"
"920","Uttarakhand"," Nainital",2010,"May",2010-05-01,"57.7"
"921","Uttarakhand"," Pithoragarh",2010,"May",2010-05-01,"70.6"
"922","Uttarakhand"," Rudraprayag",2010,"May",2010-05-01,"47.5"
"923","Uttarakhand"," Udham Singh Nagar",2010,"May",2010-05-01,"90"
"924","Uttarakhand"," Uttarkashi",2010,"May",2010-05-01,"61.7"
"925","Uttarakhand","Almora",2010,"June",2010-06-01,"72.6"
"926","Uttarakhand"," Chamoli",2010,"June",2010-06-01,"121.8"
"927","Uttarakhand"," Champawat",2010,"June",2010-06-01,"83.8"
"928","Uttarakhand"," Dehradun",2010,"June",2010-06-01,"129.4"
"929","Uttarakhand"," Garhwal Pauri",2010,"June",2010-06-01,"92"
"930","Uttarakhand"," Garhwal Tehri",2010,"June",2010-06-01,"96"
"931","Uttarakhand"," Hardwar",2010,"June",2010-06-01,"39.9"
"932","Uttarakhand"," Nainital",2010,"June",2010-06-01,"120.3"
"933","Uttarakhand"," Pithoragarh",2010,"June",2010-06-01,"72.1"
"934","Uttarakhand"," Rudraprayag",2010,"June",2010-06-01,"166.6"
"935","Uttarakhand"," Udham Singh Nagar",2010,"June",2010-06-01,"7"
"936","Uttarakhand"," Uttarkashi",2010,"June",2010-06-01,"189.9"
"937","Uttarakhand","Almora",2010,"July",2010-07-01,"368.7"
"938","Uttarakhand"," Chamoli",2010,"July",2010-07-01,"438.9"
"939","Uttarakhand"," Champawat",2010,"July",2010-07-01,"810.1"
"940","Uttarakhand"," Dehradun",2010,"July",2010-07-01,"777.4"
"941","Uttarakhand"," Garhwal Pauri",2010,"July",2010-07-01,"496.3"
"942","Uttarakhand"," Garhwal Tehri",2010,"July",2010-07-01,"400.2"
"943","Uttarakhand"," Hardwar",2010,"July",2010-07-01,"551.2"
"944","Uttarakhand"," Nainital",2010,"July",2010-07-01,"819"
"945","Uttarakhand"," Pithoragarh",2010,"July",2010-07-01,"514"
"946","Uttarakhand"," Rudraprayag",2010,"July",2010-07-01,"577.2"
"947","Uttarakhand"," Udham Singh Nagar",2010,"July",2010-07-01,"748.5"
"948","Uttarakhand"," Uttarkashi",2010,"July",2010-07-01,"437.6"
"949","Uttarakhand","Almora",2010,"August",2010-08-01,"348.2"
"950","Uttarakhand"," Chamoli",2010,"August",2010-08-01,"472.1"
"951","Uttarakhand"," Champawat",2010,"August",2010-08-01,"791"
"952","Uttarakhand"," Dehradun",2010,"August",2010-08-01,"894"
"953","Uttarakhand"," Garhwal Pauri",2010,"August",2010-08-01,"484"
"954","Uttarakhand"," Garhwal Tehri",2010,"August",2010-08-01,"290.2"
"955","Uttarakhand"," Hardwar",2010,"August",2010-08-01,"283.3"
"956","Uttarakhand"," Nainital",2010,"August",2010-08-01,"703.4"
"957","Uttarakhand"," Pithoragarh",2010,"August",2010-08-01,"416"
"958","Uttarakhand"," Rudraprayag",2010,"August",2010-08-01,"488.3"
"959","Uttarakhand"," Udham Singh Nagar",2010,"August",2010-08-01,"497.9"
"960","Uttarakhand"," Uttarkashi",2010,"August",2010-08-01,"629.1"
"961","Uttarakhand","Almora",2010,"September",2010-09-01,"480.8"
"962","Uttarakhand"," Chamoli",2010,"September",2010-09-01,"437.7"
"963","Uttarakhand"," Champawat",2010,"September",2010-09-01,"490.5"
"964","Uttarakhand"," Dehradun",2010,"September",2010-09-01,"799.5"
"965","Uttarakhand"," Garhwal Pauri",2010,"September",2010-09-01,"382.9"
"966","Uttarakhand"," Garhwal Tehri",2010,"September",2010-09-01,"444.6"
"967","Uttarakhand"," Hardwar",2010,"September",2010-09-01,"456.1"
"968","Uttarakhand"," Nainital",2010,"September",2010-09-01,"702.5"
"969","Uttarakhand"," Pithoragarh",2010,"September",2010-09-01,"485"
"970","Uttarakhand"," Rudraprayag",2010,"September",2010-09-01,"448.8"
"971","Uttarakhand"," Udham Singh Nagar",2010,"September",2010-09-01,"604.6"
"972","Uttarakhand"," Uttarkashi",2010,"September",2010-09-01,"604.2"
"973","Uttarakhand","Almora",2010,"October",2010-10-01,"12.3"
"974","Uttarakhand"," Chamoli",2010,"October",2010-10-01,"5.2"
"975","Uttarakhand"," Champawat",2010,"October",2010-10-01,"1.5"
"976","Uttarakhand"," Dehradun",2010,"October",2010-10-01,"11.7"
"977","Uttarakhand"," Garhwal Pauri",2010,"October",2010-10-01,"11.5"
"978","Uttarakhand"," Garhwal Tehri",2010,"October",2010-10-01,"16.1"
"979","Uttarakhand"," Hardwar",2010,"October",2010-10-01,"16"
"980","Uttarakhand"," Nainital",2010,"October",2010-10-01,"3.1"
"981","Uttarakhand"," Pithoragarh",2010,"October",2010-10-01,"12.3"
"982","Uttarakhand"," Rudraprayag",2010,"October",2010-10-01,"12.1"
"983","Uttarakhand"," Udham Singh Nagar",2010,"October",2010-10-01,"1.6"
"984","Uttarakhand"," Uttarkashi",2010,"October",2010-10-01,"21.5"
"985","Uttarakhand","Almora",2010,"November",2010-11-01,"0"
"986","Uttarakhand"," Chamoli",2010,"November",2010-11-01,"1.5"
"987","Uttarakhand"," Champawat",2010,"November",2010-11-01,"1"
"988","Uttarakhand"," Dehradun",2010,"November",2010-11-01,"17.8"
"989","Uttarakhand"," Garhwal Pauri",2010,"November",2010-11-01,"0"
"990","Uttarakhand"," Garhwal Tehri",2010,"November",2010-11-01,"20.5"
"991","Uttarakhand"," Hardwar",2010,"November",2010-11-01,"0"
"992","Uttarakhand"," Nainital",2010,"November",2010-11-01,"8.9"
"993","Uttarakhand"," Pithoragarh",2010,"November",2010-11-01,"1.8"
"994","Uttarakhand"," Rudraprayag",2010,"November",2010-11-01,"1.2"
"995","Uttarakhand"," Udham Singh Nagar",2010,"November",2010-11-01,"0.1"
"996","Uttarakhand"," Uttarkashi",2010,"November",2010-11-01,"9"
"997","Uttarakhand","Almora",2010,"December",2010-12-01,"14.5"
"998","Uttarakhand"," Chamoli",2010,"December",2010-12-01,"8.7"
"999","Uttarakhand"," Champawat",2010,"December",2010-12-01,"11"
"1000","Uttarakhand"," Dehradun",2010,"December",2010-12-01,"26.2"
"1001","Uttarakhand"," Garhwal Pauri",2010,"December",2010-12-01,"24"
"1002","Uttarakhand"," Garhwal Tehri",2010,"December",2010-12-01,"38"
"1003","Uttarakhand"," Hardwar",2010,"December",2010-12-01,"14.5"
"1004","Uttarakhand"," Nainital",2010,"December",2010-12-01,"19.7"
"1005","Uttarakhand"," Pithoragarh",2010,"December",2010-12-01,"16"
"1006","Uttarakhand"," Rudraprayag",2010,"December",2010-12-01,"25"
"1007","Uttarakhand"," Udham Singh Nagar",2010,"December",2010-12-01,"0"
"1008","Uttarakhand"," Uttarkashi",2010,"December",2010-12-01,"45.1"
