"Sr.No","State","District","Year","Month","Date","Value"
"1","West Bengal","BANKURA",2004,"January",2004-01-01,"0.3"
"2","West Bengal","BIRBHUM",2004,"January",2004-01-01,"7"
"3","West Bengal","BURDWAN",2004,"January",2004-01-01,"7.5"
"4","West Bengal","COOCH BEHAR",2004,"January",2004-01-01,"6.8"
"5","West Bengal","DARJEELING",2004,"January",2004-01-01,"17.2"
"6","West Bengal","HOOGHLY",2004,"January",2004-01-01,"2"
"7","West Bengal","HOWRAH",2004,"January",2004-01-01,"0"
"8","West Bengal","JALPAIGURI",2004,"January",2004-01-01,"20.7"
"9","West Bengal","MALDA",2004,"January",2004-01-01,"28.5"
"10","West Bengal","MIDNAPORE",2004,"January",2004-01-01,"0"
"11","West Bengal","MURSHIDABAD",2004,"January",2004-01-01,"3.3"
"12","West Bengal","NADIA",2004,"January",2004-01-01,"0"
"13","West Bengal","NORTH 24 PARGANAS",2004,"January",2004-01-01,"0.6"
"14","West Bengal","NORTH DINAJPUR",2004,"January",2004-01-01,"N.A."
"15","West Bengal","PURULIA",2004,"January",2004-01-01,"N.A."
"16","West Bengal","SOUTH 24 PARGANAS",2004,"January",2004-01-01,"1.5"
"17","West Bengal","SOUTH DINAJPUR",2004,"January",2004-01-01,"45.9"
"18","West Bengal","BANKURA",2004,"February",2004-02-01,"0"
"19","West Bengal","BIRBHUM",2004,"February",2004-02-01,"1.8"
"20","West Bengal","BURDWAN",2004,"February",2004-02-01,"0"
"21","West Bengal","COOCH BEHAR",2004,"February",2004-02-01,"1"
"22","West Bengal","DARJEELING",2004,"February",2004-02-01,"17.1"
"23","West Bengal","HOOGHLY",2004,"February",2004-02-01,"0"
"24","West Bengal","HOWRAH",2004,"February",2004-02-01,"1"
"25","West Bengal","JALPAIGURI",2004,"February",2004-02-01,"13.7"
"26","West Bengal","MALDA",2004,"February",2004-02-01,"0"
"27","West Bengal","MIDNAPORE",2004,"February",2004-02-01,"2.1"
"28","West Bengal","MURSHIDABAD",2004,"February",2004-02-01,"0"
"29","West Bengal","NADIA",2004,"February",2004-02-01,"0"
"30","West Bengal","NORTH 24 PARGANAS",2004,"February",2004-02-01,"0.1"
"31","West Bengal","NORTH DINAJPUR",2004,"February",2004-02-01,"N.A."
"32","West Bengal","PURULIA",2004,"February",2004-02-01,"N.A."
"33","West Bengal","SOUTH 24 PARGANAS",2004,"February",2004-02-01,"3.6"
"34","West Bengal","SOUTH DINAJPUR",2004,"February",2004-02-01,"0"
"35","West Bengal","BANKURA",2004,"March",2004-03-01,"14"
"36","West Bengal","BIRBHUM",2004,"March",2004-03-01,"51.9"
"37","West Bengal","BURDWAN",2004,"March",2004-03-01,"24.3"
"38","West Bengal","COOCH BEHAR",2004,"March",2004-03-01,"5.1"
"39","West Bengal","DARJEELING",2004,"March",2004-03-01,"45.8"
"40","West Bengal","HOOGHLY",2004,"March",2004-03-01,"13.3"
"41","West Bengal","HOWRAH",2004,"March",2004-03-01,"2"
"42","West Bengal","JALPAIGURI",2004,"March",2004-03-01,"40.2"
"43","West Bengal","MALDA",2004,"March",2004-03-01,"4.1"
"44","West Bengal","MIDNAPORE",2004,"March",2004-03-01,"9.7"
"45","West Bengal","MURSHIDABAD",2004,"March",2004-03-01,"24"
"46","West Bengal","NADIA",2004,"March",2004-03-01,"1"
"47","West Bengal","NORTH 24 PARGANAS",2004,"March",2004-03-01,"6.9"
"48","West Bengal","NORTH DINAJPUR",2004,"March",2004-03-01,"N.A."
"49","West Bengal","PURULIA",2004,"March",2004-03-01,"N.A."
"50","West Bengal","SOUTH 24 PARGANAS",2004,"March",2004-03-01,"16.5"
"51","West Bengal","SOUTH DINAJPUR",2004,"March",2004-03-01,"0"
"52","West Bengal","BANKURA",2004,"April",2004-04-01,"46.2"
"53","West Bengal","BIRBHUM",2004,"April",2004-04-01,"58.5"
"54","West Bengal","BURDWAN",2004,"April",2004-04-01,"53.1"
"55","West Bengal","COOCH BEHAR",2004,"April",2004-04-01,"195"
"56","West Bengal","DARJEELING",2004,"April",2004-04-01,"151.4"
"57","West Bengal","HOOGHLY",2004,"April",2004-04-01,"41.5"
"58","West Bengal","HOWRAH",2004,"April",2004-04-01,"9"
"59","West Bengal","JALPAIGURI",2004,"April",2004-04-01,"149.6"
"60","West Bengal","MALDA",2004,"April",2004-04-01,"27.2"
"61","West Bengal","MIDNAPORE",2004,"April",2004-04-01,"64.9"
"62","West Bengal","MURSHIDABAD",2004,"April",2004-04-01,"26.2"
"63","West Bengal","NADIA",2004,"April",2004-04-01,"38.3"
"64","West Bengal","NORTH 24 PARGANAS",2004,"April",2004-04-01,"70"
"65","West Bengal","NORTH DINAJPUR",2004,"April",2004-04-01,"N.A."
"66","West Bengal","PURULIA",2004,"April",2004-04-01,"N.A."
"67","West Bengal","SOUTH 24 PARGANAS",2004,"April",2004-04-01,"85.1"
"68","West Bengal","SOUTH DINAJPUR",2004,"April",2004-04-01,"0"
"69","West Bengal","BANKURA",2004,"May",2004-05-01,"83.2"
"70","West Bengal","BIRBHUM",2004,"May",2004-05-01,"110.5"
"71","West Bengal","BURDWAN",2004,"May",2004-05-01,"92.8"
"72","West Bengal","COOCH BEHAR",2004,"May",2004-05-01,"338.4"
"73","West Bengal","DARJEELING",2004,"May",2004-05-01,"233.1"
"74","West Bengal","HOOGHLY",2004,"May",2004-05-01,"87.2"
"75","West Bengal","HOWRAH",2004,"May",2004-05-01,"86"
"76","West Bengal","JALPAIGURI",2004,"May",2004-05-01,"461.6"
"77","West Bengal","MALDA",2004,"May",2004-05-01,"83.3"
"78","West Bengal","MIDNAPORE",2004,"May",2004-05-01,"65.2"
"79","West Bengal","MURSHIDABAD",2004,"May",2004-05-01,"51"
"80","West Bengal","NADIA",2004,"May",2004-05-01,"87.4"
"81","West Bengal","NORTH 24 PARGANAS",2004,"May",2004-05-01,"61.3"
"82","West Bengal","NORTH DINAJPUR",2004,"May",2004-05-01,"N.A."
"83","West Bengal","PURULIA",2004,"May",2004-05-01,"N.A."
"84","West Bengal","SOUTH 24 PARGANAS",2004,"May",2004-05-01,"42.7"
"85","West Bengal","SOUTH DINAJPUR",2004,"May",2004-05-01,"4"
"86","West Bengal","BANKURA",2004,"June",2004-06-01,"227.6"
"87","West Bengal","BIRBHUM",2004,"June",2004-06-01,"225.2"
"88","West Bengal","BURDWAN",2004,"June",2004-06-01,"227.4"
"89","West Bengal","COOCH BEHAR",2004,"June",2004-06-01,"548.6"
"90","West Bengal","DARJEELING",2004,"June",2004-06-01,"592.5"
"91","West Bengal","HOOGHLY",2004,"June",2004-06-01,"251.6"
"92","West Bengal","HOWRAH",2004,"June",2004-06-01,"223.9"
"93","West Bengal","JALPAIGURI",2004,"June",2004-06-01,"688.7"
"94","West Bengal","MALDA",2004,"June",2004-06-01,"318.2"
"95","West Bengal","MIDNAPORE",2004,"June",2004-06-01,"315.2"
"96","West Bengal","MURSHIDABAD",2004,"June",2004-06-01,"223.4"
"97","West Bengal","NADIA",2004,"June",2004-06-01,"208.7"
"98","West Bengal","NORTH 24 PARGANAS",2004,"June",2004-06-01,"285.9"
"99","West Bengal","NORTH DINAJPUR",2004,"June",2004-06-01,"44.5"
"100","West Bengal","PURULIA",2004,"June",2004-06-01,"92.2"
"101","West Bengal","SOUTH 24 PARGANAS",2004,"June",2004-06-01,"303.5"
"102","West Bengal","SOUTH DINAJPUR",2004,"June",2004-06-01,"168.6"
"103","West Bengal","BANKURA",2004,"July",2004-07-01,"270.6"
"104","West Bengal","BIRBHUM",2004,"July",2004-07-01,"207.8"
"105","West Bengal","BURDWAN",2004,"July",2004-07-01,"181.6"
"106","West Bengal","COOCH BEHAR",2004,"July",2004-07-01,"1099.8"
"107","West Bengal","DARJEELING",2004,"July",2004-07-01,"799.7"
"108","West Bengal","HOOGHLY",2004,"July",2004-07-01,"194.7"
"109","West Bengal","HOWRAH",2004,"July",2004-07-01,"185.1"
"110","West Bengal","JALPAIGURI",2004,"July",2004-07-01,"1251"
"111","West Bengal","MALDA",2004,"July",2004-07-01,"429.6"
"112","West Bengal","MIDNAPORE",2004,"July",2004-07-01,"264.4"
"113","West Bengal","MURSHIDABAD",2004,"July",2004-07-01,"165.5"
"114","West Bengal","NADIA",2004,"July",2004-07-01,"146.5"
"115","West Bengal","NORTH 24 PARGANAS",2004,"July",2004-07-01,"245.2"
"116","West Bengal","NORTH DINAJPUR",2004,"July",2004-07-01,"634.1"
"117","West Bengal","PURULIA",2004,"July",2004-07-01,"295"
"118","West Bengal","SOUTH 24 PARGANAS",2004,"July",2004-07-01,"356.5"
"119","West Bengal","SOUTH DINAJPUR",2004,"July",2004-07-01,"432.7"
"120","West Bengal","BANKURA",2004,"August",2004-08-01,"529.3"
"121","West Bengal","BIRBHUM",2004,"August",2004-08-01,"364.6"
"122","West Bengal","BURDWAN",2004,"August",2004-08-01,"309.7"
"123","West Bengal","COOCH BEHAR",2004,"August",2004-08-01,"263.5"
"124","West Bengal","DARJEELING",2004,"August",2004-08-01,"352"
"125","West Bengal","HOOGHLY",2004,"August",2004-08-01,"289.1"
"126","West Bengal","HOWRAH",2004,"August",2004-08-01,"277.1"
"127","West Bengal","JALPAIGURI",2004,"August",2004-08-01,"473.7"
"128","West Bengal","MALDA",2004,"August",2004-08-01,"240"
"129","West Bengal","MIDNAPORE",2004,"August",2004-08-01,"378.2"
"130","West Bengal","MURSHIDABAD",2004,"August",2004-08-01,"135.6"
"131","West Bengal","NADIA",2004,"August",2004-08-01,"215.6"
"132","West Bengal","NORTH 24 PARGANAS",2004,"August",2004-08-01,"334"
"133","West Bengal","NORTH DINAJPUR",2004,"August",2004-08-01,"249.3"
"134","West Bengal","PURULIA",2004,"August",2004-08-01,"475.5"
"135","West Bengal","SOUTH 24 PARGANAS",2004,"August",2004-08-01,"510.8"
"136","West Bengal","SOUTH DINAJPUR",2004,"August",2004-08-01,"112.3"
"137","West Bengal","BANKURA",2004,"September",2004-09-01,"239.1"
"138","West Bengal","BIRBHUM",2004,"September",2004-09-01,"387.7"
"139","West Bengal","BURDWAN",2004,"September",2004-09-01,"240.2"
"140","West Bengal","COOCH BEHAR",2004,"September",2004-09-01,"518.6"
"141","West Bengal","DARJEELING",2004,"September",2004-09-01,"479.8"
"142","West Bengal","HOOGHLY",2004,"September",2004-09-01,"286.6"
"143","West Bengal","HOWRAH",2004,"September",2004-09-01,"274.2"
"144","West Bengal","JALPAIGURI",2004,"September",2004-09-01,"658.5"
"145","West Bengal","MALDA",2004,"September",2004-09-01,"125.6"
"146","West Bengal","MIDNAPORE",2004,"September",2004-09-01,"186.7"
"147","West Bengal","MURSHIDABAD",2004,"September",2004-09-01,"264.2"
"148","West Bengal","NADIA",2004,"September",2004-09-01,"414.5"
"149","West Bengal","NORTH 24 PARGANAS",2004,"September",2004-09-01,"351.6"
"150","West Bengal","NORTH DINAJPUR",2004,"September",2004-09-01,"258.3"
"151","West Bengal","PURULIA",2004,"September",2004-09-01,"174.1"
"152","West Bengal","SOUTH 24 PARGANAS",2004,"September",2004-09-01,"236.2"
"153","West Bengal","SOUTH DINAJPUR",2004,"September",2004-09-01,"1.2"
"154","West Bengal","BANKURA",2004,"October",2004-10-01,"149.3"
"155","West Bengal","BIRBHUM",2004,"October",2004-10-01,"246.7"
"156","West Bengal","BURDWAN",2004,"October",2004-10-01,"142.3"
"157","West Bengal","COOCH BEHAR",2004,"October",2004-10-01,"179.1"
"158","West Bengal","DARJEELING",2004,"October",2004-10-01,"121.1"
"159","West Bengal","HOOGHLY",2004,"October",2004-10-01,"197.2"
"160","West Bengal","HOWRAH",2004,"October",2004-10-01,"260.9"
"161","West Bengal","JALPAIGURI",2004,"October",2004-10-01,"173"
"162","West Bengal","MALDA",2004,"October",2004-10-01,"510"
"163","West Bengal","MIDNAPORE",2004,"October",2004-10-01,"200.9"
"164","West Bengal","MURSHIDABAD",2004,"October",2004-10-01,"219.4"
"165","West Bengal","NADIA",2004,"October",2004-10-01,"141.3"
"166","West Bengal","NORTH 24 PARGANAS",2004,"October",2004-10-01,"234.1"
"167","West Bengal","NORTH DINAJPUR",2004,"October",2004-10-01,"80.5"
"168","West Bengal","PURULIA",2004,"October",2004-10-01,"98.2"
"169","West Bengal","SOUTH 24 PARGANAS",2004,"October",2004-10-01,"305.1"
"170","West Bengal","SOUTH DINAJPUR",2004,"October",2004-10-01,"397.3"
"171","West Bengal","BANKURA",2004,"November",2004-11-01,"0"
"172","West Bengal","BIRBHUM",2004,"November",2004-11-01,"0"
"173","West Bengal","BURDWAN",2004,"November",2004-11-01,"0"
"174","West Bengal","COOCH BEHAR",2004,"November",2004-11-01,"6.5"
"175","West Bengal","DARJEELING",2004,"November",2004-11-01,"9"
"176","West Bengal","HOOGHLY",2004,"November",2004-11-01,"0"
"177","West Bengal","HOWRAH",2004,"November",2004-11-01,"0"
"178","West Bengal","JALPAIGURI",2004,"November",2004-11-01,"15.2"
"179","West Bengal","MALDA",2004,"November",2004-11-01,"0"
"180","West Bengal","MIDNAPORE",2004,"November",2004-11-01,"0"
"181","West Bengal","MURSHIDABAD",2004,"November",2004-11-01,"0"
"182","West Bengal","NADIA",2004,"November",2004-11-01,"0"
"183","West Bengal","NORTH 24 PARGANAS",2004,"November",2004-11-01,"0"
"184","West Bengal","NORTH DINAJPUR",2004,"November",2004-11-01,"0"
"185","West Bengal","PURULIA",2004,"November",2004-11-01,"0"
"186","West Bengal","SOUTH 24 PARGANAS",2004,"November",2004-11-01,"1.8"
"187","West Bengal","SOUTH DINAJPUR",2004,"November",2004-11-01,"0"
"188","West Bengal","BANKURA",2004,"December",2004-12-01,"0.2"
"189","West Bengal","BIRBHUM",2004,"December",2004-12-01,"2.8"
"190","West Bengal","BURDWAN",2004,"December",2004-12-01,"3.3"
"191","West Bengal","COOCH BEHAR",2004,"December",2004-12-01,"0"
"192","West Bengal","DARJEELING",2004,"December",2004-12-01,"1.6"
"193","West Bengal","HOOGHLY",2004,"December",2004-12-01,"0"
"194","West Bengal","HOWRAH",2004,"December",2004-12-01,"0"
"195","West Bengal","JALPAIGURI",2004,"December",2004-12-01,"6.9"
"196","West Bengal","MALDA",2004,"December",2004-12-01,"0"
"197","West Bengal","MIDNAPORE",2004,"December",2004-12-01,"0.1"
"198","West Bengal","MURSHIDABAD",2004,"December",2004-12-01,"0"
"199","West Bengal","NADIA",2004,"December",2004-12-01,"9"
"200","West Bengal","NORTH 24 PARGANAS",2004,"December",2004-12-01,"0"
"201","West Bengal","NORTH DINAJPUR",2004,"December",2004-12-01,"0"
"202","West Bengal","PURULIA",2004,"December",2004-12-01,"0"
"203","West Bengal","SOUTH 24 PARGANAS",2004,"December",2004-12-01,"0"
"204","West Bengal","SOUTH DINAJPUR",2004,"December",2004-12-01,"0"
"205","West Bengal","BANKURA",2005,"January",2005-01-01,"31"
"206","West Bengal","BIRBHUM",2005,"January",2005-01-01,"52.1"
"207","West Bengal","BURDWAN",2005,"January",2005-01-01,"30.6"
"208","West Bengal","COOCH BEHAR",2005,"January",2005-01-01,"25.4"
"209","West Bengal","DARJEELING",2005,"January",2005-01-01,"15.1"
"210","West Bengal","HOOGHLY",2005,"January",2005-01-01,"25.7"
"211","West Bengal","HOWRAH",2005,"January",2005-01-01,"43"
"212","West Bengal","JALPAIGURI",2005,"January",2005-01-01,"28.4"
"213","West Bengal","MALDA",2005,"January",2005-01-01,"12"
"214","West Bengal","MIDNAPORE",2005,"January",2005-01-01,"17.1"
"215","West Bengal","MURSHIDABAD",2005,"January",2005-01-01,"26"
"216","West Bengal","NADIA",2005,"January",2005-01-01,"20"
"217","West Bengal","NORTH 24 PARGANAS",2005,"January",2005-01-01,"21.3"
"218","West Bengal","NORTH DINAJPUR",2005,"January",2005-01-01,"N.A."
"219","West Bengal","PURULIA",2005,"January",2005-01-01,"N.A."
"220","West Bengal","SOUTH 24 PARGANAS",2005,"January",2005-01-01,"32.3"
"221","West Bengal","SOUTH DINAJPUR",2005,"January",2005-01-01,"N.A."
"222","West Bengal","BANKURA",2005,"February",2005-02-01,"35.6"
"223","West Bengal","BIRBHUM",2005,"February",2005-02-01,"21.3"
"224","West Bengal","BURDWAN",2005,"February",2005-02-01,"24.4"
"225","West Bengal","COOCH BEHAR",2005,"February",2005-02-01,"6.8"
"226","West Bengal","DARJEELING",2005,"February",2005-02-01,"5.6"
"227","West Bengal","HOOGHLY",2005,"February",2005-02-01,"10.5"
"228","West Bengal","HOWRAH",2005,"February",2005-02-01,"0"
"229","West Bengal","JALPAIGURI",2005,"February",2005-02-01,"5.2"
"230","West Bengal","MALDA",2005,"February",2005-02-01,"5.8"
"231","West Bengal","MIDNAPORE",2005,"February",2005-02-01,"2.2"
"232","West Bengal","MURSHIDABAD",2005,"February",2005-02-01,"38"
"233","West Bengal","NADIA",2005,"February",2005-02-01,"6"
"234","West Bengal","NORTH 24 PARGANAS",2005,"February",2005-02-01,"0.6"
"235","West Bengal","NORTH DINAJPUR",2005,"February",2005-02-01,"N.A."
"236","West Bengal","PURULIA",2005,"February",2005-02-01,"N.A."
"237","West Bengal","SOUTH 24 PARGANAS",2005,"February",2005-02-01,"0.1"
"238","West Bengal","SOUTH DINAJPUR",2005,"February",2005-02-01,"0"
"239","West Bengal","BANKURA",2005,"March",2005-03-01,"53.4"
"240","West Bengal","BIRBHUM",2005,"March",2005-03-01,"77.4"
"241","West Bengal","BURDWAN",2005,"March",2005-03-01,"46.4"
"242","West Bengal","COOCH BEHAR",2005,"March",2005-03-01,"66.2"
"243","West Bengal","DARJEELING",2005,"March",2005-03-01,"102.6"
"244","West Bengal","HOOGHLY",2005,"March",2005-03-01,"59.5"
"245","West Bengal","HOWRAH",2005,"March",2005-03-01,"110"
"246","West Bengal","JALPAIGURI",2005,"March",2005-03-01,"201.3"
"247","West Bengal","MALDA",2005,"March",2005-03-01,"35.5"
"248","West Bengal","MIDNAPORE",2005,"March",2005-03-01,"91"
"249","West Bengal","MURSHIDABAD",2005,"March",2005-03-01,"45"
"250","West Bengal","NADIA",2005,"March",2005-03-01,"104.2"
"251","West Bengal","NORTH 24 PARGANAS",2005,"March",2005-03-01,"87.8"
"252","West Bengal","NORTH DINAJPUR",2005,"March",2005-03-01,"N.A."
"253","West Bengal","PURULIA",2005,"March",2005-03-01,"N.A."
"254","West Bengal","SOUTH 24 PARGANAS",2005,"March",2005-03-01,"116.4"
"255","West Bengal","SOUTH DINAJPUR",2005,"March",2005-03-01,"N.A."
"256","West Bengal","BANKURA",2005,"April",2005-04-01,"53.4"
"257","West Bengal","BIRBHUM",2005,"April",2005-04-01,"77.4"
"258","West Bengal","BURDWAN",2005,"April",2005-04-01,"46.4"
"259","West Bengal","COOCH BEHAR",2005,"April",2005-04-01,"184.7"
"260","West Bengal","DARJEELING",2005,"April",2005-04-01,"70.3"
"261","West Bengal","HOOGHLY",2005,"April",2005-04-01,"32.7"
"262","West Bengal","HOWRAH",2005,"April",2005-04-01,"106.1"
"263","West Bengal","JALPAIGURI",2005,"April",2005-04-01,"216.4"
"264","West Bengal","MALDA",2005,"April",2005-04-01,"17.5"
"265","West Bengal","MIDNAPORE",2005,"April",2005-04-01,"47.3"
"266","West Bengal","MURSHIDABAD",2005,"April",2005-04-01,"45"
"267","West Bengal","NADIA",2005,"April",2005-04-01,"104.2"
"268","West Bengal","NORTH 24 PARGANAS",2005,"April",2005-04-01,"41.2"
"269","West Bengal","NORTH DINAJPUR",2005,"April",2005-04-01,"N.A."
"270","West Bengal","PURULIA",2005,"April",2005-04-01,"N.A."
"271","West Bengal","SOUTH 24 PARGANAS",2005,"April",2005-04-01,"79.3"
"272","West Bengal","SOUTH DINAJPUR",2005,"April",2005-04-01,"0"
"273","West Bengal","BANKURA",2005,"May",2005-05-01,"62.2"
"274","West Bengal","BIRBHUM",2005,"May",2005-05-01,"69.2"
"275","West Bengal","BURDWAN",2005,"May",2005-05-01,"51.4"
"276","West Bengal","COOCH BEHAR",2005,"May",2005-05-01,"346.5"
"277","West Bengal","DARJEELING",2005,"May",2005-05-01,"131.1"
"278","West Bengal","HOOGHLY",2005,"May",2005-05-01,"32.3"
"279","West Bengal","HOWRAH",2005,"May",2005-05-01,"74.7"
"280","West Bengal","JALPAIGURI",2005,"May",2005-05-01,"241.6"
"281","West Bengal","MALDA",2005,"May",2005-05-01,"86.2"
"282","West Bengal","MIDNAPORE",2005,"May",2005-05-01,"139.6"
"283","West Bengal","MURSHIDABAD",2005,"May",2005-05-01,"4.3"
"284","West Bengal","NADIA",2005,"May",2005-05-01,"59.9"
"285","West Bengal","NORTH 24 PARGANAS",2005,"May",2005-05-01,"123.3"
"286","West Bengal","NORTH DINAJPUR",2005,"May",2005-05-01,"N.A."
"287","West Bengal","PURULIA",2005,"May",2005-05-01,"N.A."
"288","West Bengal","SOUTH 24 PARGANAS",2005,"May",2005-05-01,"84.2"
"289","West Bengal","SOUTH DINAJPUR",2005,"May",2005-05-01,"0"
"290","West Bengal","BANKURA",2005,"June",2005-06-01,"194.6"
"291","West Bengal","BIRBHUM",2005,"June",2005-06-01,"179.7"
"292","West Bengal","BURDWAN",2005,"June",2005-06-01,"171.1"
"293","West Bengal","COOCH BEHAR",2005,"June",2005-06-01,"675.8"
"294","West Bengal","DARJEELING",2005,"June",2005-06-01,"416.6"
"295","West Bengal","HOOGHLY",2005,"June",2005-06-01,"189"
"296","West Bengal","HOWRAH",2005,"June",2005-06-01,"160.9"
"297","West Bengal","JALPAIGURI",2005,"June",2005-06-01,"486.7"
"298","West Bengal","MALDA",2005,"June",2005-06-01,"69.4"
"299","West Bengal","MIDNAPORE",2005,"June",2005-06-01,"187.8"
"300","West Bengal","MURSHIDABAD",2005,"June",2005-06-01,"127.4"
"301","West Bengal","NADIA",2005,"June",2005-06-01,"145.1"
"302","West Bengal","NORTH 24 PARGANAS",2005,"June",2005-06-01,"177.1"
"303","West Bengal","NORTH DINAJPUR",2005,"June",2005-06-01,"281.8"
"304","West Bengal","PURULIA",2005,"June",2005-06-01,"143.9"
"305","West Bengal","SOUTH 24 PARGANAS",2005,"June",2005-06-01,"208.7"
"306","West Bengal","SOUTH DINAJPUR",2005,"June",2005-06-01,"43.8"
"307","West Bengal","BANKURA",2005,"July",2005-07-01,"261"
"308","West Bengal","BIRBHUM",2005,"July",2005-07-01,"482.4"
"309","West Bengal","BURDWAN",2005,"July",2005-07-01,"310.4"
"310","West Bengal","COOCH BEHAR",2005,"July",2005-07-01,"631.3"
"311","West Bengal","DARJEELING",2005,"July",2005-07-01,"608.1"
"312","West Bengal","HOOGHLY",2005,"July",2005-07-01,"210.2"
"313","West Bengal","HOWRAH",2005,"July",2005-07-01,"288.3"
"314","West Bengal","JALPAIGURI",2005,"July",2005-07-01,"833.5"
"315","West Bengal","MALDA",2005,"July",2005-07-01,"566.8"
"316","West Bengal","MIDNAPORE",2005,"July",2005-07-01,"333.3"
"317","West Bengal","MURSHIDABAD",2005,"July",2005-07-01,"339"
"318","West Bengal","NADIA",2005,"July",2005-07-01,"274.2"
"319","West Bengal","NORTH 24 PARGANAS",2005,"July",2005-07-01,"352.5"
"320","West Bengal","NORTH DINAJPUR",2005,"July",2005-07-01,"458.5"
"321","West Bengal","PURULIA",2005,"July",2005-07-01,"208.6"
"322","West Bengal","SOUTH 24 PARGANAS",2005,"July",2005-07-01,"532"
"323","West Bengal","SOUTH DINAJPUR",2005,"July",2005-07-01,"409.1"
"324","West Bengal","BANKURA",2005,"August",2005-08-01,"238.1"
"325","West Bengal","BIRBHUM",2005,"August",2005-08-01,"220.6"
"326","West Bengal","BURDWAN",2005,"August",2005-08-01,"199.4"
"327","West Bengal","COOCH BEHAR",2005,"August",2005-08-01,"650.8"
"328","West Bengal","DARJEELING",2005,"August",2005-08-01,"596.4"
"329","West Bengal","HOOGHLY",2005,"August",2005-08-01,"221.4"
"330","West Bengal","HOWRAH",2005,"August",2005-08-01,"227.6"
"331","West Bengal","JALPAIGURI",2005,"August",2005-08-01,"723.2"
"332","West Bengal","MALDA",2005,"August",2005-08-01,"291.9"
"333","West Bengal","MIDNAPORE",2005,"August",2005-08-01,"295.7"
"334","West Bengal","MURSHIDABAD",2005,"August",2005-08-01,"151.8"
"335","West Bengal","NADIA",2005,"August",2005-08-01,"143.8"
"336","West Bengal","NORTH 24 PARGANAS",2005,"August",2005-08-01,"270.7"
"337","West Bengal","NORTH DINAJPUR",2005,"August",2005-08-01,"384.8"
"338","West Bengal","PURULIA",2005,"August",2005-08-01,"225.7"
"339","West Bengal","SOUTH 24 PARGANAS",2005,"August",2005-08-01,"283.2"
"340","West Bengal","SOUTH DINAJPUR",2005,"August",2005-08-01,"407.1"
"341","West Bengal","BANKURA",2005,"September",2005-09-01,"193"
"342","West Bengal","BIRBHUM",2005,"September",2005-09-01,"106.9"
"343","West Bengal","BURDWAN",2005,"September",2005-09-01,"133.2"
"344","West Bengal","COOCH BEHAR",2005,"September",2005-09-01,"276"
"345","West Bengal","DARJEELING",2005,"September",2005-09-01,"116.1"
"346","West Bengal","HOOGHLY",2005,"September",2005-09-01,"151.3"
"347","West Bengal","HOWRAH",2005,"September",2005-09-01,"237.6"
"348","West Bengal","JALPAIGURI",2005,"September",2005-09-01,"296.1"
"349","West Bengal","MALDA",2005,"September",2005-09-01,"183.2"
"350","West Bengal","MIDNAPORE",2005,"September",2005-09-01,"371.2"
"351","West Bengal","MURSHIDABAD",2005,"September",2005-09-01,"132.8"
"352","West Bengal","NADIA",2005,"September",2005-09-01,"139.6"
"353","West Bengal","NORTH 24 PARGANAS",2005,"September",2005-09-01,"121.7"
"354","West Bengal","NORTH DINAJPUR",2005,"September",2005-09-01,"240.8"
"355","West Bengal","PURULIA",2005,"September",2005-09-01,"137"
"356","West Bengal","SOUTH 24 PARGANAS",2005,"September",2005-09-01,"304.9"
"357","West Bengal","SOUTH DINAJPUR",2005,"September",2005-09-01,"223.5"
"358","West Bengal","BANKURA",2005,"October",2005-10-01,"197.9"
"359","West Bengal","BIRBHUM",2005,"October",2005-10-01,"219.3"
"360","West Bengal","BURDWAN",2005,"October",2005-10-01,"242.2"
"361","West Bengal","COOCH BEHAR",2005,"October",2005-10-01,"421.3"
"362","West Bengal","DARJEELING",2005,"October",2005-10-01,"162.1"
"363","West Bengal","HOOGHLY",2005,"October",2005-10-01,"321.1"
"364","West Bengal","HOWRAH",2005,"October",2005-10-01,"451.1"
"365","West Bengal","JALPAIGURI",2005,"October",2005-10-01,"365.4"
"366","West Bengal","MALDA",2005,"October",2005-10-01,"167.3"
"367","West Bengal","MIDNAPORE",2005,"October",2005-10-01,"491.3"
"368","West Bengal","MURSHIDABAD",2005,"October",2005-10-01,"140.1"
"369","West Bengal","NADIA",2005,"October",2005-10-01,"351.4"
"370","West Bengal","NORTH 24 PARGANAS",2005,"October",2005-10-01,"399.1"
"371","West Bengal","NORTH DINAJPUR",2005,"October",2005-10-01,"295.4"
"372","West Bengal","PURULIA",2005,"October",2005-10-01,"234.9"
"373","West Bengal","SOUTH 24 PARGANAS",2005,"October",2005-10-01,"506.9"
"374","West Bengal","SOUTH DINAJPUR",2005,"October",2005-10-01,"740.3"
"375","West Bengal","BANKURA",2005,"November",2005-11-01,"0"
"376","West Bengal","BIRBHUM",2005,"November",2005-11-01,"0"
"377","West Bengal","BURDWAN",2005,"November",2005-11-01,"0"
"378","West Bengal","COOCH BEHAR",2005,"November",2005-11-01,"0.2"
"379","West Bengal","DARJEELING",2005,"November",2005-11-01,"6.1"
"380","West Bengal","HOOGHLY",2005,"November",2005-11-01,"0"
"381","West Bengal","HOWRAH",2005,"November",2005-11-01,"0"
"382","West Bengal","JALPAIGURI",2005,"November",2005-11-01,"8"
"383","West Bengal","MALDA",2005,"November",2005-11-01,"0"
"384","West Bengal","MIDNAPORE",2005,"November",2005-11-01,"0.1"
"385","West Bengal","MURSHIDABAD",2005,"November",2005-11-01,"0"
"386","West Bengal","NADIA",2005,"November",2005-11-01,"0"
"387","West Bengal","NORTH 24 PARGANAS",2005,"November",2005-11-01,"0"
"388","West Bengal","NORTH DINAJPUR",2005,"November",2005-11-01,"N.A."
"389","West Bengal","PURULIA",2005,"November",2005-11-01,"25.4"
"390","West Bengal","SOUTH 24 PARGANAS",2005,"November",2005-11-01,"0"
"391","West Bengal","SOUTH DINAJPUR",2005,"November",2005-11-01,"0"
"392","West Bengal","BANKURA",2005,"December",2005-12-01,"23.4"
"393","West Bengal","BIRBHUM",2005,"December",2005-12-01,"5.8"
"394","West Bengal","BURDWAN",2005,"December",2005-12-01,"9.6"
"395","West Bengal","COOCH BEHAR",2005,"December",2005-12-01,"0"
"396","West Bengal","DARJEELING",2005,"December",2005-12-01,"0"
"397","West Bengal","HOOGHLY",2005,"December",2005-12-01,"0.9"
"398","West Bengal","HOWRAH",2005,"December",2005-12-01,"1.8"
"399","West Bengal","JALPAIGURI",2005,"December",2005-12-01,"0"
"400","West Bengal","MALDA",2005,"December",2005-12-01,"0"
"401","West Bengal","MIDNAPORE",2005,"December",2005-12-01,"1.9"
"402","West Bengal","MURSHIDABAD",2005,"December",2005-12-01,"2"
"403","West Bengal","NADIA",2005,"December",2005-12-01,"7.2"
"404","West Bengal","NORTH 24 PARGANAS",2005,"December",2005-12-01,"0"
"405","West Bengal","NORTH DINAJPUR",2005,"December",2005-12-01,"N.A."
"406","West Bengal","PURULIA",2005,"December",2005-12-01,"N.A."
"407","West Bengal","SOUTH 24 PARGANAS",2005,"December",2005-12-01,"0.5"
"408","West Bengal","SOUTH DINAJPUR",2005,"December",2005-12-01,"0"
"409","West Bengal","BANKURA",2006,"January",2006-01-01,"0"
"410","West Bengal","BIRBHUM",2006,"January",2006-01-01,"0"
"411","West Bengal","BURDWAN",2006,"January",2006-01-01,"0"
"412","West Bengal","COOCH BEHAR",2006,"January",2006-01-01,"0.2"
"413","West Bengal","DARJEELING",2006,"January",2006-01-01,"0"
"414","West Bengal","HOOGHLY",2006,"January",2006-01-01,"0"
"415","West Bengal","HOWRAH",2006,"January",2006-01-01,"0"
"416","West Bengal","JALPAIGURI",2006,"January",2006-01-01,"0"
"417","West Bengal","MALDA",2006,"January",2006-01-01,"0"
"418","West Bengal","MIDNAPORE",2006,"January",2006-01-01,"0"
"419","West Bengal","MURSHIDABAD",2006,"January",2006-01-01,"0"
"420","West Bengal","NADIA",2006,"January",2006-01-01,"0"
"421","West Bengal","NORTH 24 PARGANAS",2006,"January",2006-01-01,"0"
"422","West Bengal","NORTH DINAJPUR",2006,"January",2006-01-01,"N.A."
"423","West Bengal","PURULIA",2006,"January",2006-01-01,"N.A."
"424","West Bengal","SOUTH 24 PARGANAS",2006,"January",2006-01-01,"0"
"425","West Bengal","SOUTH DINAJPUR",2006,"January",2006-01-01,"0"
"426","West Bengal","BANKURA",2006,"February",2006-02-01,"0"
"427","West Bengal","BIRBHUM",2006,"February",2006-02-01,"0"
"428","West Bengal","BURDWAN",2006,"February",2006-02-01,"0"
"429","West Bengal","COOCH BEHAR",2006,"February",2006-02-01,"2.2"
"430","West Bengal","DARJEELING",2006,"February",2006-02-01,"5"
"431","West Bengal","HOOGHLY",2006,"February",2006-02-01,"0"
"432","West Bengal","HOWRAH",2006,"February",2006-02-01,"0"
"433","West Bengal","JALPAIGURI",2006,"February",2006-02-01,"15.4"
"434","West Bengal","MALDA",2006,"February",2006-02-01,"0"
"435","West Bengal","MIDNAPORE",2006,"February",2006-02-01,"0"
"436","West Bengal","MURSHIDABAD",2006,"February",2006-02-01,"0"
"437","West Bengal","NADIA",2006,"February",2006-02-01,"0"
"438","West Bengal","NORTH 24 PARGANAS",2006,"February",2006-02-01,"0"
"439","West Bengal","NORTH DINAJPUR",2006,"February",2006-02-01,"N.A."
"440","West Bengal","PURULIA",2006,"February",2006-02-01,"N.A."
"441","West Bengal","SOUTH 24 PARGANAS",2006,"February",2006-02-01,"0"
"442","West Bengal","SOUTH DINAJPUR",2006,"February",2006-02-01,"0"
"443","West Bengal","BANKURA",2006,"March",2006-03-01,"2.3"
"444","West Bengal","BIRBHUM",2006,"March",2006-03-01,"20.5"
"445","West Bengal","BURDWAN",2006,"March",2006-03-01,"5.7"
"446","West Bengal","COOCH BEHAR",2006,"March",2006-03-01,"6"
"447","West Bengal","DARJEELING",2006,"March",2006-03-01,"6.8"
"448","West Bengal","HOOGHLY",2006,"March",2006-03-01,"1.3"
"449","West Bengal","HOWRAH",2006,"March",2006-03-01,"1"
"450","West Bengal","JALPAIGURI",2006,"March",2006-03-01,"16"
"451","West Bengal","MALDA",2006,"March",2006-03-01,"9.6"
"452","West Bengal","MIDNAPORE",2006,"March",2006-03-01,"13.1"
"453","West Bengal","MURSHIDABAD",2006,"March",2006-03-01,"6"
"454","West Bengal","NADIA",2006,"March",2006-03-01,"0"
"455","West Bengal","NORTH 24 PARGANAS",2006,"March",2006-03-01,"13.1"
"456","West Bengal","NORTH DINAJPUR",2006,"March",2006-03-01,"N.A."
"457","West Bengal","PURULIA",2006,"March",2006-03-01,"N.A."
"458","West Bengal","SOUTH 24 PARGANAS",2006,"March",2006-03-01,"12.5"
"459","West Bengal","SOUTH DINAJPUR",2006,"March",2006-03-01,"0"
"460","West Bengal","BANKURA",2006,"April",2006-04-01,"48.3"
"461","West Bengal","BIRBHUM",2006,"April",2006-04-01,"55.8"
"462","West Bengal","BURDWAN",2006,"April",2006-04-01,"72.2"
"463","West Bengal","COOCH BEHAR",2006,"April",2006-04-01,"44.9"
"464","West Bengal","DARJEELING",2006,"April",2006-04-01,"114.7"
"465","West Bengal","HOOGHLY",2006,"April",2006-04-01,"91.9"
"466","West Bengal","HOWRAH",2006,"April",2006-04-01,"40.9"
"467","West Bengal","JALPAIGURI",2006,"April",2006-04-01,"99"
"468","West Bengal","MALDA",2006,"April",2006-04-01,"97.3"
"469","West Bengal","MIDNAPORE",2006,"April",2006-04-01,"39.6"
"470","West Bengal","MURSHIDABAD",2006,"April",2006-04-01,"45"
"471","West Bengal","NADIA",2006,"April",2006-04-01,"6"
"472","West Bengal","NORTH 24 PARGANAS",2006,"April",2006-04-01,"57.9"
"473","West Bengal","NORTH DINAJPUR",2006,"April",2006-04-01,"N.A."
"474","West Bengal","PURULIA",2006,"April",2006-04-01,"N.A."
"475","West Bengal","SOUTH 24 PARGANAS",2006,"April",2006-04-01,"46.7"
"476","West Bengal","SOUTH DINAJPUR",2006,"April",2006-04-01,"35"
"477","West Bengal","BANKURA",2006,"May",2006-05-01,"113.5"
"478","West Bengal","BIRBHUM",2006,"May",2006-05-01,"93"
"479","West Bengal","BURDWAN",2006,"May",2006-05-01,"113.1"
"480","West Bengal","COOCH BEHAR",2006,"May",2006-05-01,"343.2"
"481","West Bengal","DARJEELING",2006,"May",2006-05-01,"225.7"
"482","West Bengal","HOOGHLY",2006,"May",2006-05-01,"146"
"483","West Bengal","HOWRAH",2006,"May",2006-05-01,"89.4"
"484","West Bengal","JALPAIGURI",2006,"May",2006-05-01,"386.1"
"485","West Bengal","MALDA",2006,"May",2006-05-01,"85.9"
"486","West Bengal","MIDNAPORE",2006,"May",2006-05-01,"144.9"
"487","West Bengal","MURSHIDABAD",2006,"May",2006-05-01,"182"
"488","West Bengal","NADIA",2006,"May",2006-05-01,"144.1"
"489","West Bengal","NORTH 24 PARGANAS",2006,"May",2006-05-01,"139.7"
"490","West Bengal","NORTH DINAJPUR",2006,"May",2006-05-01,"N.A."
"491","West Bengal","PURULIA",2006,"May",2006-05-01,"N.A."
"492","West Bengal","SOUTH 24 PARGANAS",2006,"May",2006-05-01,"113.2"
"493","West Bengal","SOUTH DINAJPUR",2006,"May",2006-05-01,"3.5"
"494","West Bengal","BANKURA",2006,"June",2006-06-01,"237.7"
"495","West Bengal","BIRBHUM",2006,"June",2006-06-01,"309.8"
"496","West Bengal","BURDWAN",2006,"June",2006-06-01,"174.6"
"497","West Bengal","COOCH BEHAR",2006,"June",2006-06-01,"588.5"
"498","West Bengal","DARJEELING",2006,"June",2006-06-01,"449.1"
"499","West Bengal","HOOGHLY",2006,"June",2006-06-01,"167.2"
"500","West Bengal","HOWRAH",2006,"June",2006-06-01,"107.7"
"501","West Bengal","JALPAIGURI",2006,"June",2006-06-01,"663.5"
"502","West Bengal","MALDA",2006,"June",2006-06-01,"157.8"
"503","West Bengal","MIDNAPORE",2006,"June",2006-06-01,"170.8"
"504","West Bengal","MURSHIDABAD",2006,"June",2006-06-01,"261.2"
"505","West Bengal","NADIA",2006,"June",2006-06-01,"95.9"
"506","West Bengal","NORTH 24 PARGANAS",2006,"June",2006-06-01,"121.2"
"507","West Bengal","NORTH DINAJPUR",2006,"June",2006-06-01,"116.7"
"508","West Bengal","PURULIA",2006,"June",2006-06-01,"270.9"
"509","West Bengal","SOUTH 24 PARGANAS",2006,"June",2006-06-01,"147.7"
"510","West Bengal","SOUTH DINAJPUR",2006,"June",2006-06-01,"161.9"
"511","West Bengal","BANKURA",2006,"July",2006-07-01,"383.1"
"512","West Bengal","BIRBHUM",2006,"July",2006-07-01,"621.9"
"513","West Bengal","BURDWAN",2006,"July",2006-07-01,"517"
"514","West Bengal","COOCH BEHAR",2006,"July",2006-07-01,"652.8"
"515","West Bengal","DARJEELING",2006,"July",2006-07-01,"666.9"
"516","West Bengal","HOOGHLY",2006,"July",2006-07-01,"326.2"
"517","West Bengal","HOWRAH",2006,"July",2006-07-01,"627.3"
"518","West Bengal","JALPAIGURI",2006,"July",2006-07-01,"741.2"
"519","West Bengal","MALDA",2006,"July",2006-07-01,"188.5"
"520","West Bengal","MIDNAPORE",2006,"July",2006-07-01,"423.7"
"521","West Bengal","MURSHIDABAD",2006,"July",2006-07-01,"409.9"
"522","West Bengal","NADIA",2006,"July",2006-07-01,"353.4"
"523","West Bengal","NORTH 24 PARGANAS",2006,"July",2006-07-01,"427"
"524","West Bengal","NORTH DINAJPUR",2006,"July",2006-07-01,"343.4"
"525","West Bengal","PURULIA",2006,"July",2006-07-01,"412.2"
"526","West Bengal","SOUTH 24 PARGANAS",2006,"July",2006-07-01,"631.7"
"527","West Bengal","SOUTH DINAJPUR",2006,"July",2006-07-01,"294.2"
"528","West Bengal","BANKURA",2006,"August",2006-08-01,"292.8"
"529","West Bengal","BIRBHUM",2006,"August",2006-08-01,"224"
"530","West Bengal","BURDWAN",2006,"August",2006-08-01,"282.6"
"531","West Bengal","COOCH BEHAR",2006,"August",2006-08-01,"138.9"
"532","West Bengal","DARJEELING",2006,"August",2006-08-01,"446.8"
"533","West Bengal","HOOGHLY",2006,"August",2006-08-01,"268.8"
"534","West Bengal","HOWRAH",2006,"August",2006-08-01,"292.4"
"535","West Bengal","JALPAIGURI",2006,"August",2006-08-01,"299.8"
"536","West Bengal","MALDA",2006,"August",2006-08-01,"226.9"
"537","West Bengal","MIDNAPORE",2006,"August",2006-08-01,"394.3"
"538","West Bengal","MURSHIDABAD",2006,"August",2006-08-01,"226.5"
"539","West Bengal","NADIA",2006,"August",2006-08-01,"218.6"
"540","West Bengal","NORTH 24 PARGANAS",2006,"August",2006-08-01,"308.9"
"541","West Bengal","NORTH DINAJPUR",2006,"August",2006-08-01,"233.5"
"542","West Bengal","PURULIA",2006,"August",2006-08-01,"325.9"
"543","West Bengal","SOUTH 24 PARGANAS",2006,"August",2006-08-01,"372.6"
"544","West Bengal","SOUTH DINAJPUR",2006,"August",2006-08-01,"196"
"545","West Bengal","BANKURA",2006,"September",2006-09-01,"288.3"
"546","West Bengal","BIRBHUM",2006,"September",2006-09-01,"466.6"
"547","West Bengal","BURDWAN",2006,"September",2006-09-01,"305.9"
"548","West Bengal","COOCH BEHAR",2006,"September",2006-09-01,"389.5"
"549","West Bengal","DARJEELING",2006,"September",2006-09-01,"659.2"
"550","West Bengal","HOOGHLY",2006,"September",2006-09-01,"235.6"
"551","West Bengal","HOWRAH",2006,"September",2006-09-01,"308.3"
"552","West Bengal","JALPAIGURI",2006,"September",2006-09-01,"672.5"
"553","West Bengal","MALDA",2006,"September",2006-09-01,"355.3"
"554","West Bengal","MIDNAPORE",2006,"September",2006-09-01,"368.2"
"555","West Bengal","MURSHIDABAD",2006,"September",2006-09-01,"440.2"
"556","West Bengal","NADIA",2006,"September",2006-09-01,"427.1"
"557","West Bengal","NORTH 24 PARGANAS",2006,"September",2006-09-01,"413.7"
"558","West Bengal","NORTH DINAJPUR",2006,"September",2006-09-01,"263.9"
"559","West Bengal","PURULIA",2006,"September",2006-09-01,"270.5"
"560","West Bengal","SOUTH 24 PARGANAS",2006,"September",2006-09-01,"476.3"
"561","West Bengal","SOUTH DINAJPUR",2006,"September",2006-09-01,"419.4"
"562","West Bengal","BANKURA",2006,"October",2006-10-01,"15.2"
"563","West Bengal","BIRBHUM",2006,"October",2006-10-01,"24.6"
"564","West Bengal","BURDWAN",2006,"October",2006-10-01,"26.3"
"565","West Bengal","COOCH BEHAR",2006,"October",2006-10-01,"157.1"
"566","West Bengal","DARJEELING",2006,"October",2006-10-01,"172.2"
"567","West Bengal","HOOGHLY",2006,"October",2006-10-01,"33.3"
"568","West Bengal","HOWRAH",2006,"October",2006-10-01,"244.3"
"569","West Bengal","JALPAIGURI",2006,"October",2006-10-01,"199.9"
"570","West Bengal","MALDA",2006,"October",2006-10-01,"90.3"
"571","West Bengal","MIDNAPORE",2006,"October",2006-10-01,"39.6"
"572","West Bengal","MURSHIDABAD",2006,"October",2006-10-01,"46.5"
"573","West Bengal","NADIA",2006,"October",2006-10-01,"51.5"
"574","West Bengal","NORTH 24 PARGANAS",2006,"October",2006-10-01,"99.2"
"575","West Bengal","NORTH DINAJPUR",2006,"October",2006-10-01,"54.3"
"576","West Bengal","PURULIA",2006,"October",2006-10-01,"12.6"
"577","West Bengal","SOUTH 24 PARGANAS",2006,"October",2006-10-01,"71.6"
"578","West Bengal","SOUTH DINAJPUR",2006,"October",2006-10-01,"23.1"
"579","West Bengal","BANKURA",2006,"November",2006-11-01,"13.2"
"580","West Bengal","BIRBHUM",2006,"November",2006-11-01,"14.9"
"581","West Bengal","BURDWAN",2006,"November",2006-11-01,"9.2"
"582","West Bengal","COOCH BEHAR",2006,"November",2006-11-01,"15.5"
"583","West Bengal","DARJEELING",2006,"November",2006-11-01,"6.9"
"584","West Bengal","HOOGHLY",2006,"November",2006-11-01,"0.1"
"585","West Bengal","HOWRAH",2006,"November",2006-11-01,"2.8"
"586","West Bengal","JALPAIGURI",2006,"November",2006-11-01,"21.7"
"587","West Bengal","MALDA",2006,"November",2006-11-01,"9.7"
"588","West Bengal","MIDNAPORE",2006,"November",2006-11-01,"9"
"589","West Bengal","MURSHIDABAD",2006,"November",2006-11-01,"9.6"
"590","West Bengal","NADIA",2006,"November",2006-11-01,"0.5"
"591","West Bengal","NORTH 24 PARGANAS",2006,"November",2006-11-01,"3.9"
"592","West Bengal","NORTH DINAJPUR",2006,"November",2006-11-01,"N.A."
"593","West Bengal","PURULIA",2006,"November",2006-11-01,"25.8"
"594","West Bengal","SOUTH 24 PARGANAS",2006,"November",2006-11-01,"6.5"
"595","West Bengal","SOUTH DINAJPUR",2006,"November",2006-11-01,"0"
"596","West Bengal","BANKURA",2006,"December",2006-12-01,"0"
"597","West Bengal","BIRBHUM",2006,"December",2006-12-01,"0"
"598","West Bengal","BURDWAN",2006,"December",2006-12-01,"0"
"599","West Bengal","COOCH BEHAR",2006,"December",2006-12-01,"5.3"
"600","West Bengal","DARJEELING",2006,"December",2006-12-01,"4.1"
"601","West Bengal","HOOGHLY",2006,"December",2006-12-01,"0"
"602","West Bengal","HOWRAH",2006,"December",2006-12-01,"0"
"603","West Bengal","JALPAIGURI",2006,"December",2006-12-01,"5.6"
"604","West Bengal","MALDA",2006,"December",2006-12-01,"0"
"605","West Bengal","MIDNAPORE",2006,"December",2006-12-01,"0"
"606","West Bengal","MURSHIDABAD",2006,"December",2006-12-01,"0"
"607","West Bengal","NADIA",2006,"December",2006-12-01,"0"
"608","West Bengal","NORTH 24 PARGANAS",2006,"December",2006-12-01,"0"
"609","West Bengal","NORTH DINAJPUR",2006,"December",2006-12-01,"N.A."
"610","West Bengal","PURULIA",2006,"December",2006-12-01,"0"
"611","West Bengal","SOUTH 24 PARGANAS",2006,"December",2006-12-01,"0"
"612","West Bengal","SOUTH DINAJPUR",2006,"December",2006-12-01,"0"
"613","West Bengal","BANKURA",2007,"January",2007-01-01,"0"
"614","West Bengal","BIRBHUM",2007,"January",2007-01-01,"0"
"615","West Bengal","BURDWAN",2007,"January",2007-01-01,"0"
"616","West Bengal","COOCH BEHAR",2007,"January",2007-01-01,"0"
"617","West Bengal","DARJEELING",2007,"January",2007-01-01,"0"
"618","West Bengal","HOOGHLY",2007,"January",2007-01-01,"0"
"619","West Bengal","HOWRAH",2007,"January",2007-01-01,"4.8"
"620","West Bengal","JALPAIGURI",2007,"January",2007-01-01,"0"
"621","West Bengal","MALDA",2007,"January",2007-01-01,"0"
"622","West Bengal","MIDNAPORE",2007,"January",2007-01-01,"10.9"
"623","West Bengal","MURSHIDABAD",2007,"January",2007-01-01,"0"
"624","West Bengal","NADIA",2007,"January",2007-01-01,"0"
"625","West Bengal","NORTH 24 PARGANAS",2007,"January",2007-01-01,"1.1"
"626","West Bengal","NORTH DINAJPUR",2007,"January",2007-01-01,"N.A."
"627","West Bengal","PURULIA",2007,"January",2007-01-01,"0"
"628","West Bengal","SOUTH 24 PARGANAS",2007,"January",2007-01-01,"4.9"
"629","West Bengal","SOUTH DINAJPUR",2007,"January",2007-01-01,"0"
"630","West Bengal","BANKURA",2007,"February",2007-02-01,"44.8"
"631","West Bengal","BIRBHUM",2007,"February",2007-02-01,"55.2"
"632","West Bengal","BURDWAN",2007,"February",2007-02-01,"48.4"
"633","West Bengal","COOCH BEHAR",2007,"February",2007-02-01,"49.7"
"634","West Bengal","DARJEELING",2007,"February",2007-02-01,"105.8"
"635","West Bengal","HOOGHLY",2007,"February",2007-02-01,"44.5"
"636","West Bengal","HOWRAH",2007,"February",2007-02-01,"53.8"
"637","West Bengal","JALPAIGURI",2007,"February",2007-02-01,"68"
"638","West Bengal","MALDA",2007,"February",2007-02-01,"36.4"
"639","West Bengal","MIDNAPORE",2007,"February",2007-02-01,"68.8"
"640","West Bengal","MURSHIDABAD",2007,"February",2007-02-01,"61"
"641","West Bengal","NADIA",2007,"February",2007-02-01,"80.8"
"642","West Bengal","NORTH 24 PARGANAS",2007,"February",2007-02-01,"56.5"
"643","West Bengal","NORTH DINAJPUR",2007,"February",2007-02-01,"N.A."
"644","West Bengal","PURULIA",2007,"February",2007-02-01,"39.3"
"645","West Bengal","SOUTH 24 PARGANAS",2007,"February",2007-02-01,"58.8"
"646","West Bengal","SOUTH DINAJPUR",2007,"February",2007-02-01,"14"
"647","West Bengal","BANKURA",2007,"March",2007-03-01,"42.6"
"648","West Bengal","BIRBHUM",2007,"March",2007-03-01,"60"
"649","West Bengal","BURDWAN",2007,"March",2007-03-01,"40.6"
"650","West Bengal","COOCH BEHAR",2007,"March",2007-03-01,"22.1"
"651","West Bengal","DARJEELING",2007,"March",2007-03-01,"40.4"
"652","West Bengal","HOOGHLY",2007,"March",2007-03-01,"14.3"
"653","West Bengal","HOWRAH",2007,"March",2007-03-01,"24.2"
"654","West Bengal","JALPAIGURI",2007,"March",2007-03-01,"24.7"
"655","West Bengal","MALDA",2007,"March",2007-03-01,"36.2"
"656","West Bengal","MIDNAPORE",2007,"March",2007-03-01,"58.8"
"657","West Bengal","MURSHIDABAD",2007,"March",2007-03-01,"23"
"658","West Bengal","NADIA",2007,"March",2007-03-01,"35.9"
"659","West Bengal","NORTH 24 PARGANAS",2007,"March",2007-03-01,"16.5"
"660","West Bengal","NORTH DINAJPUR",2007,"March",2007-03-01,"N.A."
"661","West Bengal","PURULIA",2007,"March",2007-03-01,"53.3"
"662","West Bengal","SOUTH 24 PARGANAS",2007,"March",2007-03-01,"11.6"
"663","West Bengal","SOUTH DINAJPUR",2007,"March",2007-03-01,"0"
"664","West Bengal","BANKURA",2007,"April",2007-04-01,"32.1"
"665","West Bengal","BIRBHUM",2007,"April",2007-04-01,"47.2"
"666","West Bengal","BURDWAN",2007,"April",2007-04-01,"27"
"667","West Bengal","COOCH BEHAR",2007,"April",2007-04-01,"184.6"
"668","West Bengal","DARJEELING",2007,"April",2007-04-01,"99.4"
"669","West Bengal","HOOGHLY",2007,"April",2007-04-01,"53.1"
"670","West Bengal","HOWRAH",2007,"April",2007-04-01,"53"
"671","West Bengal","JALPAIGURI",2007,"April",2007-04-01,"209.4"
"672","West Bengal","MALDA",2007,"April",2007-04-01,"0"
"673","West Bengal","MIDNAPORE",2007,"April",2007-04-01,"45.6"
"674","West Bengal","MURSHIDABAD",2007,"April",2007-04-01,"0"
"675","West Bengal","NADIA",2007,"April",2007-04-01,"19.7"
"676","West Bengal","NORTH 24 PARGANAS",2007,"April",2007-04-01,"63.6"
"677","West Bengal","NORTH DINAJPUR",2007,"April",2007-04-01,"N.A."
"678","West Bengal","PURULIA",2007,"April",2007-04-01,"31.4"
"679","West Bengal","SOUTH 24 PARGANAS",2007,"April",2007-04-01,"37"
"680","West Bengal","SOUTH DINAJPUR",2007,"April",2007-04-01,"0"
"681","West Bengal","BANKURA",2007,"May",2007-05-01,"97.6"
"682","West Bengal","BIRBHUM",2007,"May",2007-05-01,"69.6"
"683","West Bengal","BURDWAN",2007,"May",2007-05-01,"71.7"
"684","West Bengal","COOCH BEHAR",2007,"May",2007-05-01,"220.5"
"685","West Bengal","DARJEELING",2007,"May",2007-05-01,"219.9"
"686","West Bengal","HOOGHLY",2007,"May",2007-05-01,"106.1"
"687","West Bengal","HOWRAH",2007,"May",2007-05-01,"64.8"
"688","West Bengal","JALPAIGURI",2007,"May",2007-05-01,"260"
"689","West Bengal","MALDA",2007,"May",2007-05-01,"110.5"
"690","West Bengal","MIDNAPORE",2007,"May",2007-05-01,"58.8"
"691","West Bengal","MURSHIDABAD",2007,"May",2007-05-01,"N.A."
"692","West Bengal","NADIA",2007,"May",2007-05-01,"71.8"
"693","West Bengal","NORTH 24 PARGANAS",2007,"May",2007-05-01,"101.4"
"694","West Bengal","NORTH DINAJPUR",2007,"May",2007-05-01,"N.A."
"695","West Bengal","PURULIA",2007,"May",2007-05-01,"78.4"
"696","West Bengal","SOUTH 24 PARGANAS",2007,"May",2007-05-01,"180.6"
"697","West Bengal","SOUTH DINAJPUR",2007,"May",2007-05-01,"108.8"
"698","West Bengal","BANKURA",2007,"June",2007-06-01,"210.9"
"699","West Bengal","BIRBHUM",2007,"June",2007-06-01,"213.5"
"700","West Bengal","BURDWAN",2007,"June",2007-06-01,"245.9"
"701","West Bengal","COOCH BEHAR",2007,"June",2007-06-01,"418.4"
"702","West Bengal","DARJEELING",2007,"June",2007-06-01,"391.7"
"703","West Bengal","HOOGHLY",2007,"June",2007-06-01,"277.8"
"704","West Bengal","HOWRAH",2007,"June",2007-06-01,"239.5"
"705","West Bengal","JALPAIGURI",2007,"June",2007-06-01,"583.6"
"706","West Bengal","MALDA",2007,"June",2007-06-01,"403.2"
"707","West Bengal","MIDNAPORE",2007,"June",2007-06-01,"299"
"708","West Bengal","MURSHIDABAD",2007,"June",2007-06-01,"334.1"
"709","West Bengal","NADIA",2007,"June",2007-06-01,"205.3"
"710","West Bengal","NORTH 24 PARGANAS",2007,"June",2007-06-01,"275.6"
"711","West Bengal","NORTH DINAJPUR",2007,"June",2007-06-01,"439"
"712","West Bengal","PURULIA",2007,"June",2007-06-01,"126.6"
"713","West Bengal","SOUTH 24 PARGANAS",2007,"June",2007-06-01,"238.5"
"714","West Bengal","SOUTH DINAJPUR",2007,"June",2007-06-01,"524.4"
"715","West Bengal","BANKURA",2007,"July",2007-07-01,"623.2"
"716","West Bengal","BIRBHUM",2007,"July",2007-07-01,"507.8"
"717","West Bengal","BURDWAN",2007,"July",2007-07-01,"497.1"
"718","West Bengal","COOCH BEHAR",2007,"July",2007-07-01,"613.2"
"719","West Bengal","DARJEELING",2007,"July",2007-07-01,"1064.8"
"720","West Bengal","HOOGHLY",2007,"July",2007-07-01,"472.6"
"721","West Bengal","HOWRAH",2007,"July",2007-07-01,"758.4"
"722","West Bengal","JALPAIGURI",2007,"July",2007-07-01,"919.3"
"723","West Bengal","MALDA",2007,"July",2007-07-01,"546.7"
"724","West Bengal","MIDNAPORE",2007,"July",2007-07-01,"792"
"725","West Bengal","MURSHIDABAD",2007,"July",2007-07-01,"479.2"
"726","West Bengal","NADIA",2007,"July",2007-07-01,"471.4"
"727","West Bengal","NORTH 24 PARGANAS",2007,"July",2007-07-01,"427.9"
"728","West Bengal","NORTH DINAJPUR",2007,"July",2007-07-01,"474.1"
"729","West Bengal","PURULIA",2007,"July",2007-07-01,"588"
"730","West Bengal","SOUTH 24 PARGANAS",2007,"July",2007-07-01,"735.8"
"731","West Bengal","SOUTH DINAJPUR",2007,"July",2007-07-01,"435.4"
"732","West Bengal","BANKURA",2007,"August",2007-08-01,"302.7"
"733","West Bengal","BIRBHUM",2007,"August",2007-08-01,"284.8"
"734","West Bengal","BURDWAN",2007,"August",2007-08-01,"288.6"
"735","West Bengal","COOCH BEHAR",2007,"August",2007-08-01,"394"
"736","West Bengal","DARJEELING",2007,"August",2007-08-01,"567.1"
"737","West Bengal","HOOGHLY",2007,"August",2007-08-01,"235.4"
"738","West Bengal","HOWRAH",2007,"August",2007-08-01,"364.7"
"739","West Bengal","JALPAIGURI",2007,"August",2007-08-01,"676.2"
"740","West Bengal","MALDA",2007,"August",2007-08-01,"160"
"741","West Bengal","MIDNAPORE",2007,"August",2007-08-01,"411.1"
"742","West Bengal","MURSHIDABAD",2007,"August",2007-08-01,"268.4"
"743","West Bengal","NADIA",2007,"August",2007-08-01,"208.7"
"744","West Bengal","NORTH 24 PARGANAS",2007,"August",2007-08-01,"227.5"
"745","West Bengal","NORTH DINAJPUR",2007,"August",2007-08-01,"413.6"
"746","West Bengal","PURULIA",2007,"August",2007-08-01,"444.6"
"747","West Bengal","SOUTH 24 PARGANAS",2007,"August",2007-08-01,"359.8"
"748","West Bengal","SOUTH DINAJPUR",2007,"August",2007-08-01,"196.5"
"749","West Bengal","BANKURA",2007,"September",2007-09-01,"418.4"
"750","West Bengal","BIRBHUM",2007,"September",2007-09-01,"426.8"
"751","West Bengal","BURDWAN",2007,"September",2007-09-01,"451.4"
"752","West Bengal","COOCH BEHAR",2007,"September",2007-09-01,"429.6"
"753","West Bengal","DARJEELING",2007,"September",2007-09-01,"723.8"
"754","West Bengal","HOOGHLY",2007,"September",2007-09-01,"419.5"
"755","West Bengal","HOWRAH",2007,"September",2007-09-01,"416.1"
"756","West Bengal","JALPAIGURI",2007,"September",2007-09-01,"689.7"
"757","West Bengal","MALDA",2007,"September",2007-09-01,"183.6"
"758","West Bengal","MIDNAPORE",2007,"September",2007-09-01,"457.4"
"759","West Bengal","MURSHIDABAD",2007,"September",2007-09-01,"417.9"
"760","West Bengal","NADIA",2007,"September",2007-09-01,"454.3"
"761","West Bengal","NORTH 24 PARGANAS",2007,"September",2007-09-01,"432.8"
"762","West Bengal","NORTH DINAJPUR",2007,"September",2007-09-01,"220.8"
"763","West Bengal","PURULIA",2007,"September",2007-09-01,"372.5"
"764","West Bengal","SOUTH 24 PARGANAS",2007,"September",2007-09-01,"478.5"
"765","West Bengal","SOUTH DINAJPUR",2007,"September",2007-09-01,"291.9"
"766","West Bengal","BANKURA",2007,"October",2007-10-01,"11"
"767","West Bengal","BIRBHUM",2007,"October",2007-10-01,"43"
"768","West Bengal","BURDWAN",2007,"October",2007-10-01,"50.5"
"769","West Bengal","COOCH BEHAR",2007,"October",2007-10-01,"88.1"
"770","West Bengal","DARJEELING",2007,"October",2007-10-01,"68.5"
"771","West Bengal","HOOGHLY",2007,"October",2007-10-01,"49.3"
"772","West Bengal","HOWRAH",2007,"October",2007-10-01,"52.8"
"773","West Bengal","JALPAIGURI",2007,"October",2007-10-01,"73.5"
"774","West Bengal","MALDA",2007,"October",2007-10-01,"75.9"
"775","West Bengal","MIDNAPORE",2007,"October",2007-10-01,"25.6"
"776","West Bengal","MURSHIDABAD",2007,"October",2007-10-01,"143"
"777","West Bengal","NADIA",2007,"October",2007-10-01,"107"
"778","West Bengal","NORTH 24 PARGANAS",2007,"October",2007-10-01,"70.5"
"779","West Bengal","NORTH DINAJPUR",2007,"October",2007-10-01,"N.A."
"780","West Bengal","PURULIA",2007,"October",2007-10-01,"33"
"781","West Bengal","SOUTH 24 PARGANAS",2007,"October",2007-10-01,"86.2"
"782","West Bengal","SOUTH DINAJPUR",2007,"October",2007-10-01,"11.2"
"783","West Bengal","BANKURA",2007,"November",2007-11-01,"31.3"
"784","West Bengal","BIRBHUM",2007,"November",2007-11-01,"4.5"
"785","West Bengal","BURDWAN",2007,"November",2007-11-01,"33.6"
"786","West Bengal","COOCH BEHAR",2007,"November",2007-11-01,"0"
"787","West Bengal","DARJEELING",2007,"November",2007-11-01,"1.3"
"788","West Bengal","HOOGHLY",2007,"November",2007-11-01,"87.1"
"789","West Bengal","HOWRAH",2007,"November",2007-11-01,"45.6"
"790","West Bengal","JALPAIGURI",2007,"November",2007-11-01,"2.8"
"791","West Bengal","MALDA",2007,"November",2007-11-01,"1.6"
"792","West Bengal","MIDNAPORE",2007,"November",2007-11-01,"36.9"
"793","West Bengal","MURSHIDABAD",2007,"November",2007-11-01,"N.A."
"794","West Bengal","NADIA",2007,"November",2007-11-01,"38"
"795","West Bengal","NORTH 24 PARGANAS",2007,"November",2007-11-01,"75.6"
"796","West Bengal","NORTH DINAJPUR",2007,"November",2007-11-01,"N.A."
"797","West Bengal","PURULIA",2007,"November",2007-11-01,"16.7"
"798","West Bengal","SOUTH 24 PARGANAS",2007,"November",2007-11-01,"61.2"
"799","West Bengal","SOUTH DINAJPUR",2007,"November",2007-11-01,"0"
"800","West Bengal","BANKURA",2007,"December",2007-12-01,"0"
"801","West Bengal","BIRBHUM",2007,"December",2007-12-01,"0"
"802","West Bengal","BURDWAN",2007,"December",2007-12-01,"0"
"803","West Bengal","COOCH BEHAR",2007,"December",2007-12-01,"0.1"
"804","West Bengal","DARJEELING",2007,"December",2007-12-01,"2.6"
"805","West Bengal","HOOGHLY",2007,"December",2007-12-01,"0"
"806","West Bengal","HOWRAH",2007,"December",2007-12-01,"N.A."
"807","West Bengal","JALPAIGURI",2007,"December",2007-12-01,"0.6"
"808","West Bengal","MALDA",2007,"December",2007-12-01,"0"
"809","West Bengal","MIDNAPORE",2007,"December",2007-12-01,"0"
"810","West Bengal","MURSHIDABAD",2007,"December",2007-12-01,"N.A."
"811","West Bengal","NADIA",2007,"December",2007-12-01,"0"
"812","West Bengal","NORTH 24 PARGANAS",2007,"December",2007-12-01,"N.A."
"813","West Bengal","NORTH DINAJPUR",2007,"December",2007-12-01,"N.A."
"814","West Bengal","PURULIA",2007,"December",2007-12-01,"0"
"815","West Bengal","SOUTH 24 PARGANAS",2007,"December",2007-12-01,"0"
"816","West Bengal","SOUTH DINAJPUR",2007,"December",2007-12-01,"0"
"817","West Bengal","BANKURA",2008,"January",2008-01-01,"26"
"818","West Bengal","BIRBHUM",2008,"January",2008-01-01,"15.1"
"819","West Bengal","BURDWAN",2008,"January",2008-01-01,"23.1"
"820","West Bengal","COOCH BEHAR",2008,"January",2008-01-01,"40.7"
"821","West Bengal","DARJEELING",2008,"January",2008-01-01,"19.5"
"822","West Bengal","HOOGHLY",2008,"January",2008-01-01,"54.8"
"823","West Bengal","HOWRAH",2008,"January",2008-01-01,"N.A."
"824","West Bengal","JALPAIGURI",2008,"January",2008-01-01,"13.6"
"825","West Bengal","MALDA",2008,"January",2008-01-01,"61.4"
"826","West Bengal","MIDNAPORE",2008,"January",2008-01-01,"84.5"
"827","West Bengal","MURSHIDABAD",2008,"January",2008-01-01,"6.2"
"828","West Bengal","NADIA",2008,"January",2008-01-01,"70.6"
"829","West Bengal","NORTH 24 PARGANAS",2008,"January",2008-01-01,"59.7"
"830","West Bengal","NORTH DINAJPUR",2008,"January",2008-01-01,"N.A."
"831","West Bengal","PURULIA",2008,"January",2008-01-01,"24"
"832","West Bengal","SOUTH 24 PARGANAS",2008,"January",2008-01-01,"99"
"833","West Bengal","SOUTH DINAJPUR",2008,"January",2008-01-01,"0"
"834","West Bengal","BANKURA",2008,"February",2008-02-01,"5.4"
"835","West Bengal","BIRBHUM",2008,"February",2008-02-01,"6.3"
"836","West Bengal","BURDWAN",2008,"February",2008-02-01,"13.3"
"837","West Bengal","COOCH BEHAR",2008,"February",2008-02-01,"8.6"
"838","West Bengal","DARJEELING",2008,"February",2008-02-01,"2.9"
"839","West Bengal","HOOGHLY",2008,"February",2008-02-01,"9.2"
"840","West Bengal","HOWRAH",2008,"February",2008-02-01,"N.A."
"841","West Bengal","JALPAIGURI",2008,"February",2008-02-01,"5.5"
"842","West Bengal","MALDA",2008,"February",2008-02-01,"0.6"
"843","West Bengal","MIDNAPORE",2008,"February",2008-02-01,"12.6"
"844","West Bengal","MURSHIDABAD",2008,"February",2008-02-01,"2.1"
"845","West Bengal","NADIA",2008,"February",2008-02-01,"35"
"846","West Bengal","NORTH 24 PARGANAS",2008,"February",2008-02-01,"39.4"
"847","West Bengal","NORTH DINAJPUR",2008,"February",2008-02-01,"N.A."
"848","West Bengal","PURULIA",2008,"February",2008-02-01,"3.1"
"849","West Bengal","SOUTH 24 PARGANAS",2008,"February",2008-02-01,"10.5"
"850","West Bengal","SOUTH DINAJPUR",2008,"February",2008-02-01,"0"
"851","West Bengal","BANKURA",2008,"March",2008-03-01,"3.3"
"852","West Bengal","BIRBHUM",2008,"March",2008-03-01,"9.1"
"853","West Bengal","BURDWAN",2008,"March",2008-03-01,"21.3"
"854","West Bengal","COOCH BEHAR",2008,"March",2008-03-01,"63.5"
"855","West Bengal","DARJEELING",2008,"March",2008-03-01,"48.9"
"856","West Bengal","HOOGHLY",2008,"March",2008-03-01,"22.2"
"857","West Bengal","HOWRAH",2008,"March",2008-03-01,"1.8"
"858","West Bengal","JALPAIGURI",2008,"March",2008-03-01,"64.6"
"859","West Bengal","MALDA",2008,"March",2008-03-01,"3.6"
"860","West Bengal","MIDNAPORE",2008,"March",2008-03-01,"17.7"
"861","West Bengal","MURSHIDABAD",2008,"March",2008-03-01,"2.3"
"862","West Bengal","NADIA",2008,"March",2008-03-01,"10.2"
"863","West Bengal","NORTH 24 PARGANAS",2008,"March",2008-03-01,"29"
"864","West Bengal","NORTH DINAJPUR",2008,"March",2008-03-01,"N.A."
"865","West Bengal","PURULIA",2008,"March",2008-03-01,"3.9"
"866","West Bengal","SOUTH 24 PARGANAS",2008,"March",2008-03-01,"8"
"867","West Bengal","SOUTH DINAJPUR",2008,"March",2008-03-01,"0"
"868","West Bengal","BANKURA",2008,"April",2008-04-01,"39.3"
"869","West Bengal","BIRBHUM",2008,"April",2008-04-01,"24.7"
"870","West Bengal","BURDWAN",2008,"April",2008-04-01,"37.3"
"871","West Bengal","COOCH BEHAR",2008,"April",2008-04-01,"136.4"
"872","West Bengal","DARJEELING",2008,"April",2008-04-01,"66.9"
"873","West Bengal","HOOGHLY",2008,"April",2008-04-01,"54.2"
"874","West Bengal","HOWRAH",2008,"April",2008-04-01,"50"
"875","West Bengal","JALPAIGURI",2008,"April",2008-04-01,"134.9"
"876","West Bengal","MALDA",2008,"April",2008-04-01,"11.7"
"877","West Bengal","MIDNAPORE",2008,"April",2008-04-01,"72.2"
"878","West Bengal","MURSHIDABAD",2008,"April",2008-04-01,"7.8"
"879","West Bengal","NADIA",2008,"April",2008-04-01,"92"
"880","West Bengal","NORTH 24 PARGANAS",2008,"April",2008-04-01,"50"
"881","West Bengal","NORTH DINAJPUR",2008,"April",2008-04-01,"N.A."
"882","West Bengal","PURULIA",2008,"April",2008-04-01,"16.8"
"883","West Bengal","SOUTH 24 PARGANAS",2008,"April",2008-04-01,"50.6"
"884","West Bengal","SOUTH DINAJPUR",2008,"April",2008-04-01,"0"
"885","West Bengal","BANKURA",2008,"May",2008-05-01,"93.4"
"886","West Bengal","BIRBHUM",2008,"May",2008-05-01,"96.8"
"887","West Bengal","BURDWAN",2008,"May",2008-05-01,"125.2"
"888","West Bengal","COOCH BEHAR",2008,"May",2008-05-01,"219.9"
"889","West Bengal","DARJEELING",2008,"May",2008-05-01,"191.8"
"890","West Bengal","HOOGHLY",2008,"May",2008-05-01,"95.8"
"891","West Bengal","HOWRAH",2008,"May",2008-05-01,"90.4"
"892","West Bengal","JALPAIGURI",2008,"May",2008-05-01,"226.8"
"893","West Bengal","MALDA",2008,"May",2008-05-01,"37.5"
"894","West Bengal","MIDNAPORE",2008,"May",2008-05-01,"99.4"
"895","West Bengal","MURSHIDABAD",2008,"May",2008-05-01,"32.9"
"896","West Bengal","NADIA",2008,"May",2008-05-01,"96.4"
"897","West Bengal","NORTH 24 PARGANAS",2008,"May",2008-05-01,"193"
"898","West Bengal","NORTH DINAJPUR",2008,"May",2008-05-01,"N.A."
"899","West Bengal","PURULIA",2008,"May",2008-05-01,"63"
"900","West Bengal","SOUTH 24 PARGANAS",2008,"May",2008-05-01,"76.4"
"901","West Bengal","SOUTH DINAJPUR",2008,"May",2008-05-01,"1.2"
"902","West Bengal","BANKURA",2008,"June",2008-06-01,"398.6"
"903","West Bengal","BIRBHUM",2008,"June",2008-06-01,"294.1"
"904","West Bengal","BURDWAN",2008,"June",2008-06-01,"375.5"
"905","West Bengal","COOCH BEHAR",2008,"June",2008-06-01,"446.5"
"906","West Bengal","DARJEELING",2008,"June",2008-06-01,"915"
"907","West Bengal","HOOGHLY",2008,"June",2008-06-01,"355.6"
"908","West Bengal","HOWRAH",2008,"June",2008-06-01,"562.5"
"909","West Bengal","JALPAIGURI",2008,"June",2008-06-01,"672"
"910","West Bengal","MALDA",2008,"June",2008-06-01,"394.8"
"911","West Bengal","MIDNAPORE",2008,"June",2008-06-01,"709.3"
"912","West Bengal","MURSHIDABAD",2008,"June",2008-06-01,"248.2"
"913","West Bengal","NADIA",2008,"June",2008-06-01,"259.8"
"914","West Bengal","NORTH 24 PARGANAS",2008,"June",2008-06-01,"238.3"
"915","West Bengal","NORTH DINAJPUR",2008,"June",2008-06-01,"293.9"
"916","West Bengal","PURULIA",2008,"June",2008-06-01,"403.3"
"917","West Bengal","SOUTH 24 PARGANAS",2008,"June",2008-06-01,"400"
"918","West Bengal","SOUTH DINAJPUR",2008,"June",2008-06-01,"286.8"
"919","West Bengal","BANKURA",2008,"July",2008-07-01,"438.5"
"920","West Bengal","BIRBHUM",2008,"July",2008-07-01,"396.8"
"921","West Bengal","BURDWAN",2008,"July",2008-07-01,"420.1"
"922","West Bengal","COOCH BEHAR",2008,"July",2008-07-01,"622.8"
"923","West Bengal","DARJEELING",2008,"July",2008-07-01,"738.5"
"924","West Bengal","HOOGHLY",2008,"July",2008-07-01,"339.5"
"925","West Bengal","HOWRAH",2008,"July",2008-07-01,"312.6"
"926","West Bengal","JALPAIGURI",2008,"July",2008-07-01,"959.2"
"927","West Bengal","MALDA",2008,"July",2008-07-01,"456.3"
"928","West Bengal","MIDNAPORE",2008,"July",2008-07-01,"284.6"
"929","West Bengal","MURSHIDABAD",2008,"July",2008-07-01,"378.5"
"930","West Bengal","NADIA",2008,"July",2008-07-01,"301.2"
"931","West Bengal","NORTH 24 PARGANAS",2008,"July",2008-07-01,"305.7"
"932","West Bengal","NORTH DINAJPUR",2008,"July",2008-07-01,"511.8"
"933","West Bengal","PURULIA",2008,"July",2008-07-01,"384.8"
"934","West Bengal","SOUTH 24 PARGANAS",2008,"July",2008-07-01,"245.4"
"935","West Bengal","SOUTH DINAJPUR",2008,"July",2008-07-01,"464.4"
"936","West Bengal","BANKURA",2008,"August",2008-08-01,"302.8"
"937","West Bengal","BIRBHUM",2008,"August",2008-08-01,"299.8"
"938","West Bengal","BURDWAN",2008,"August",2008-08-01,"297.9"
"939","West Bengal","COOCH BEHAR",2008,"August",2008-08-01,"854.5"
"940","West Bengal","DARJEELING",2008,"August",2008-08-01,"875.4"
"941","West Bengal","HOOGHLY",2008,"August",2008-08-01,"216.1"
"942","West Bengal","HOWRAH",2008,"August",2008-08-01,"258.1"
"943","West Bengal","JALPAIGURI",2008,"August",2008-08-01,"1045.8"
"944","West Bengal","MALDA",2008,"August",2008-08-01,"256.4"
"945","West Bengal","MIDNAPORE",2008,"August",2008-08-01,"269.5"
"946","West Bengal","MURSHIDABAD",2008,"August",2008-08-01,"210.1"
"947","West Bengal","NADIA",2008,"August",2008-08-01,"219.5"
"948","West Bengal","NORTH 24 PARGANAS",2008,"August",2008-08-01,"128.4"
"949","West Bengal","NORTH DINAJPUR",2008,"August",2008-08-01,"334.3"
"950","West Bengal","PURULIA",2008,"August",2008-08-01,"202.8"
"951","West Bengal","SOUTH 24 PARGANAS",2008,"August",2008-08-01,"297.5"
"952","West Bengal","SOUTH DINAJPUR",2008,"August",2008-08-01,"304"
"953","West Bengal","BANKURA",2008,"September",2008-09-01,"231.7"
"954","West Bengal","BIRBHUM",2008,"September",2008-09-01,"202.4"
"955","West Bengal","BURDWAN",2008,"September",2008-09-01,"268.3"
"956","West Bengal","COOCH BEHAR",2008,"September",2008-09-01,"275.3"
"957","West Bengal","DARJEELING",2008,"September",2008-09-01,"292.2"
"958","West Bengal","HOOGHLY",2008,"September",2008-09-01,"237.9"
"959","West Bengal","HOWRAH",2008,"September",2008-09-01,"362.1"
"960","West Bengal","JALPAIGURI",2008,"September",2008-09-01,"321.5"
"961","West Bengal","MALDA",2008,"September",2008-09-01,"233.2"
"962","West Bengal","MIDNAPORE",2008,"September",2008-09-01,"286.4"
"963","West Bengal","MURSHIDABAD",2008,"September",2008-09-01,"219.5"
"964","West Bengal","NADIA",2008,"September",2008-09-01,"314"
"965","West Bengal","NORTH 24 PARGANAS",2008,"September",2008-09-01,"314.2"
"966","West Bengal","NORTH DINAJPUR",2008,"September",2008-09-01,"21.3"
"967","West Bengal","PURULIA",2008,"September",2008-09-01,"271.2"
"968","West Bengal","SOUTH 24 PARGANAS",2008,"September",2008-09-01,"285.3"
"969","West Bengal","SOUTH DINAJPUR",2008,"September",2008-09-01,"197.6"
"970","West Bengal","BANKURA",2008,"October",2008-10-01,"18.9"
"971","West Bengal","BIRBHUM",2008,"October",2008-10-01,"54.2"
"972","West Bengal","BURDWAN",2008,"October",2008-10-01,"56.3"
"973","West Bengal","COOCH BEHAR",2008,"October",2008-10-01,"162.3"
"974","West Bengal","DARJEELING",2008,"October",2008-10-01,"137.8"
"975","West Bengal","HOOGHLY",2008,"October",2008-10-01,"39"
"976","West Bengal","HOWRAH",2008,"October",2008-10-01,"70"
"977","West Bengal","JALPAIGURI",2008,"October",2008-10-01,"98.8"
"978","West Bengal","MALDA",2008,"October",2008-10-01,"47.9"
"979","West Bengal","MIDNAPORE",2008,"October",2008-10-01,"68.7"
"980","West Bengal","MURSHIDABAD",2008,"October",2008-10-01,"66.2"
"981","West Bengal","NADIA",2008,"October",2008-10-01,"81.5"
"982","West Bengal","NORTH 24 PARGANAS",2008,"October",2008-10-01,"127"
"983","West Bengal","NORTH DINAJPUR",2008,"October",2008-10-01,"N.A."
"984","West Bengal","PURULIA",2008,"October",2008-10-01,"10.5"
"985","West Bengal","SOUTH 24 PARGANAS",2008,"October",2008-10-01,"149.9"
"986","West Bengal","SOUTH DINAJPUR",2008,"October",2008-10-01,"42.8"
"987","West Bengal","BANKURA",2008,"November",2008-11-01,"0"
"988","West Bengal","BIRBHUM",2008,"November",2008-11-01,"0"
"989","West Bengal","BURDWAN",2008,"November",2008-11-01,"0"
"990","West Bengal","COOCH BEHAR",2008,"November",2008-11-01,"0"
"991","West Bengal","DARJEELING",2008,"November",2008-11-01,"27.2"
"992","West Bengal","HOOGHLY",2008,"November",2008-11-01,"0"
"993","West Bengal","HOWRAH",2008,"November",2008-11-01,"0"
"994","West Bengal","JALPAIGURI",2008,"November",2008-11-01,"12.9"
"995","West Bengal","MALDA",2008,"November",2008-11-01,"0"
"996","West Bengal","MIDNAPORE",2008,"November",2008-11-01,"0"
"997","West Bengal","MURSHIDABAD",2008,"November",2008-11-01,"0"
"998","West Bengal","NADIA",2008,"November",2008-11-01,"0"
"999","West Bengal","NORTH 24 PARGANAS",2008,"November",2008-11-01,"0"
"1000","West Bengal","NORTH DINAJPUR",2008,"November",2008-11-01,"N.A."
"1001","West Bengal","PURULIA",2008,"November",2008-11-01,"0"
"1002","West Bengal","SOUTH 24 PARGANAS",2008,"November",2008-11-01,"0"
"1003","West Bengal","SOUTH DINAJPUR",2008,"November",2008-11-01,"0"
"1004","West Bengal","BANKURA",2008,"December",2008-12-01,"0"
"1005","West Bengal","BIRBHUM",2008,"December",2008-12-01,"0"
"1006","West Bengal","BURDWAN",2008,"December",2008-12-01,"0"
"1007","West Bengal","COOCH BEHAR",2008,"December",2008-12-01,"0.1"
"1008","West Bengal","DARJEELING",2008,"December",2008-12-01,"0"
"1009","West Bengal","HOOGHLY",2008,"December",2008-12-01,"0"
"1010","West Bengal","HOWRAH",2008,"December",2008-12-01,"0"
"1011","West Bengal","JALPAIGURI",2008,"December",2008-12-01,"3.7"
"1012","West Bengal","MALDA",2008,"December",2008-12-01,"0"
"1013","West Bengal","MIDNAPORE",2008,"December",2008-12-01,"0"
"1014","West Bengal","MURSHIDABAD",2008,"December",2008-12-01,"0"
"1015","West Bengal","NADIA",2008,"December",2008-12-01,"0"
"1016","West Bengal","NORTH 24 PARGANAS",2008,"December",2008-12-01,"0"
"1017","West Bengal","NORTH DINAJPUR",2008,"December",2008-12-01,"N.A."
"1018","West Bengal","PURULIA",2008,"December",2008-12-01,"0"
"1019","West Bengal","SOUTH 24 PARGANAS",2008,"December",2008-12-01,"0"
"1020","West Bengal","SOUTH DINAJPUR",2008,"December",2008-12-01,"0"
"1021","West Bengal","Bankura",2009,"January",2009-01-01,"4.8"
"1022","West Bengal"," Birbhum",2009,"January",2009-01-01,"1.8"
"1023","West Bengal"," Burdwan",2009,"January",2009-01-01,"0"
"1024","West Bengal"," Cooch behar",2009,"January",2009-01-01,"0"
"1025","West Bengal"," Darjeeling",2009,"January",2009-01-01,"0"
"1026","West Bengal","Hooghly",2009,"January",2009-01-01,"0"
"1027","West Bengal"," Howrah",2009,"January",2009-01-01,"0"
"1028","West Bengal"," Jalpaiguri",2009,"January",2009-01-01,"0"
"1029","West Bengal"," Malda",2009,"January",2009-01-01,"1.1"
"1030","West Bengal"," Midnapore",2009,"January",2009-01-01,"0.1"
"1031","West Bengal"," Murshidabad",2009,"January",2009-01-01,"0.2"
"1032","West Bengal"," Nadia",2009,"January",2009-01-01,"0"
"1033","West Bengal"," North 24 Parganas",2009,"January",2009-01-01,"15.4"
"1034","West Bengal"," North Dinajpur",2009,"January",2009-01-01,"N.A."
"1035","West Bengal","Purulia",2009,"January",2009-01-01,"8.9"
"1036","West Bengal"," South 24 Parganas",2009,"January",2009-01-01,"0"
"1037","West Bengal"," South Dinajpur",2009,"January",2009-01-01,"0"
"1038","West Bengal","Bankura",2009,"February",2009-02-01,"0"
"1039","West Bengal"," Birbhum",2009,"February",2009-02-01,"9"
"1040","West Bengal"," Burdwan",2009,"February",2009-02-01,"0"
"1041","West Bengal"," Cooch behar",2009,"February",2009-02-01,"0"
"1042","West Bengal"," Darjeeling",2009,"February",2009-02-01,"0"
"1043","West Bengal","Hooghly",2009,"February",2009-02-01,"0"
"1044","West Bengal"," Howrah",2009,"February",2009-02-01,"0"
"1045","West Bengal"," Jalpaiguri",2009,"February",2009-02-01,"0"
"1046","West Bengal"," Malda",2009,"February",2009-02-01,"6.8"
"1047","West Bengal"," Midnapore",2009,"February",2009-02-01,"0"
"1048","West Bengal"," Murshidabad",2009,"February",2009-02-01,"0"
"1049","West Bengal"," Nadia",2009,"February",2009-02-01,"0"
"1050","West Bengal"," North 24 Parganas",2009,"February",2009-02-01,"5.6"
"1051","West Bengal"," North Dinajpur",2009,"February",2009-02-01,"N.A."
"1052","West Bengal","Purulia",2009,"February",2009-02-01,"0"
"1053","West Bengal"," South 24 Parganas",2009,"February",2009-02-01,"0"
"1054","West Bengal"," South Dinajpur",2009,"February",2009-02-01,"0"
"1055","West Bengal","Bankura",2009,"March",2009-03-01,"27.9"
"1056","West Bengal"," Birbhum",2009,"March",2009-03-01,"7.8"
"1057","West Bengal"," Burdwan",2009,"March",2009-03-01,"21.3"
"1058","West Bengal"," Cooch behar",2009,"March",2009-03-01,"40.7"
"1059","West Bengal"," Darjeeling",2009,"March",2009-03-01,"12.9"
"1060","West Bengal","Hooghly",2009,"March",2009-03-01,"25.4"
"1061","West Bengal"," Howrah",2009,"March",2009-03-01,"4"
"1062","West Bengal"," Jalpaiguri",2009,"March",2009-03-01,"33.5"
"1063","West Bengal"," Malda",2009,"March",2009-03-01,"0.3"
"1064","West Bengal"," Midnapore",2009,"March",2009-03-01,"17.5"
"1065","West Bengal"," Murshidabad",2009,"March",2009-03-01,"24.4"
"1066","West Bengal"," Nadia",2009,"March",2009-03-01,"33.3"
"1067","West Bengal"," North 24 Parganas",2009,"March",2009-03-01,"30.7"
"1068","West Bengal"," North Dinajpur",2009,"March",2009-03-01,"N.A."
"1069","West Bengal","Purulia",2009,"March",2009-03-01,"11.1"
"1070","West Bengal"," South 24 Parganas",2009,"March",2009-03-01,"20.7"
"1071","West Bengal"," South Dinajpur",2009,"March",2009-03-01,"0"
"1072","West Bengal","Bankura",2009,"April",2009-04-01,"0.7"
"1073","West Bengal"," Birbhum",2009,"April",2009-04-01,"0"
"1074","West Bengal"," Burdwan",2009,"April",2009-04-01,"0.3"
"1075","West Bengal"," Cooch behar",2009,"April",2009-04-01,"190.4"
"1076","West Bengal"," Darjeeling",2009,"April",2009-04-01,"147"
"1077","West Bengal","Hooghly",2009,"April",2009-04-01,"0"
"1078","West Bengal"," Howrah",2009,"April",2009-04-01,"0"
"1079","West Bengal"," Jalpaiguri",2009,"April",2009-04-01,"153.9"
"1080","West Bengal"," Malda",2009,"April",2009-04-01,"0"
"1081","West Bengal"," Midnapore",2009,"April",2009-04-01,"4.3"
"1082","West Bengal"," Murshidabad",2009,"April",2009-04-01,"0"
"1083","West Bengal"," Nadia",2009,"April",2009-04-01,"0.4"
"1084","West Bengal"," North 24 Parganas",2009,"April",2009-04-01,"0"
"1085","West Bengal"," North Dinajpur",2009,"April",2009-04-01,"N.A."
"1086","West Bengal","Purulia",2009,"April",2009-04-01,"1.3"
"1087","West Bengal"," South 24 Parganas",2009,"April",2009-04-01,"6"
"1088","West Bengal"," South Dinajpur",2009,"April",2009-04-01,"0"
"1089","West Bengal","Bankura",2009,"May",2009-05-01,"196.7"
"1090","West Bengal"," Birbhum",2009,"May",2009-05-01,"231.3"
"1091","West Bengal"," Burdwan",2009,"May",2009-05-01,"228.8"
"1092","West Bengal"," Cooch behar",2009,"May",2009-05-01,"263"
"1093","West Bengal"," Darjeeling",2009,"May",2009-05-01,"398.4"
"1094","West Bengal","Hooghly",2009,"May",2009-05-01,"194.5"
"1095","West Bengal"," Howrah",2009,"May",2009-05-01,"328"
"1096","West Bengal"," Jalpaiguri",2009,"May",2009-05-01,"258.2"
"1097","West Bengal"," Malda",2009,"May",2009-05-01,"296.7"
"1098","West Bengal"," Midnapore",2009,"May",2009-05-01,"308.3"
"1099","West Bengal"," Murshidabad",2009,"May",2009-05-01,"176.6"
"1100","West Bengal"," Nadia",2009,"May",2009-05-01,"249.5"
"1101","West Bengal"," North 24 Parganas",2009,"May",2009-05-01,"214.3"
"1102","West Bengal"," North Dinajpur",2009,"May",2009-05-01,"N.A."
"1103","West Bengal","Purulia",2009,"May",2009-05-01,"113.2"
"1104","West Bengal"," South 24 Parganas",2009,"May",2009-05-01,"235.1"
"1105","West Bengal"," South Dinajpur",2009,"May",2009-05-01,"59.4"
"1106","West Bengal","Bankura",2009,"June",2009-06-01,"56.8"
"1107","West Bengal"," Birbhum",2009,"June",2009-06-01,"75.9"
"1108","West Bengal"," Burdwan",2009,"June",2009-06-01,"48.6"
"1109","West Bengal"," Cooch behar",2009,"June",2009-06-01,"418"
"1110","West Bengal"," Darjeeling",2009,"June",2009-06-01,"350.4"
"1111","West Bengal","Hooghly",2009,"June",2009-06-01,"79.8"
"1112","West Bengal"," Howrah",2009,"June",2009-06-01,"43.9"
"1113","West Bengal"," Jalpaiguri",2009,"June",2009-06-01,"656.2"
"1114","West Bengal"," Malda",2009,"June",2009-06-01,"29.9"
"1115","West Bengal"," Midnapore",2009,"June",2009-06-01,"65.7"
"1116","West Bengal"," Murshidabad",2009,"June",2009-06-01,"73.8"
"1117","West Bengal"," Nadia",2009,"June",2009-06-01,"87.7"
"1118","West Bengal"," North 24 Parganas",2009,"June",2009-06-01,"113"
"1119","West Bengal"," North Dinajpur",2009,"June",2009-06-01,"220.8"
"1120","West Bengal","Purulia",2009,"June",2009-06-01,"55.4"
"1121","West Bengal"," South 24 Parganas",2009,"June",2009-06-01,"78.3"
"1122","West Bengal"," South Dinajpur",2009,"June",2009-06-01,"42.7"
"1123","West Bengal","Bankura",2009,"July",2009-07-01,"307.3"
"1124","West Bengal"," Birbhum",2009,"July",2009-07-01,"231.3"
"1125","West Bengal"," Burdwan",2009,"July",2009-07-01,"254.4"
"1126","West Bengal"," Cooch behar",2009,"July",2009-07-01,"357"
"1127","West Bengal"," Darjeeling",2009,"July",2009-07-01,"765.2"
"1128","West Bengal","Hooghly",2009,"July",2009-07-01,"202.9"
"1129","West Bengal"," Howrah",2009,"July",2009-07-01,"371.3"
"1130","West Bengal"," Jalpaiguri",2009,"July",2009-07-01,"698.5"
"1131","West Bengal"," Malda",2009,"July",2009-07-01,"262.1"
"1132","West Bengal"," Midnapore",2009,"July",2009-07-01,"280.5"
"1133","West Bengal"," Murshidabad",2009,"July",2009-07-01,"185.5"
"1134","West Bengal"," Nadia",2009,"July",2009-07-01,"234.2"
"1135","West Bengal"," North 24 Parganas",2009,"July",2009-07-01,"175.2"
"1136","West Bengal"," North Dinajpur",2009,"July",2009-07-01,"320.1"
"1137","West Bengal","Purulia",2009,"July",2009-07-01,"293.7"
"1138","West Bengal"," South 24 Parganas",2009,"July",2009-07-01,"409.6"
"1139","West Bengal"," South Dinajpur",2009,"July",2009-07-01,"314.3"
"1140","West Bengal","Bankura",2009,"August",2009-08-01,"325.9"
"1141","West Bengal"," Birbhum",2009,"August",2009-08-01,"303.7"
"1142","West Bengal"," Burdwan",2009,"August",2009-08-01,"371.3"
"1143","West Bengal"," Cooch behar",2009,"August",2009-08-01,"598.8"
"1144","West Bengal"," Darjeeling",2009,"August",2009-08-01,"759.8"
"1145","West Bengal","Hooghly",2009,"August",2009-08-01,"332.3"
"1146","West Bengal"," Howrah",2009,"August",2009-08-01,"195.7"
"1147","West Bengal"," Jalpaiguri",2009,"August",2009-08-01,"746.3"
"1148","West Bengal"," Malda",2009,"August",2009-08-01,"320.1"
"1149","West Bengal"," Midnapore",2009,"August",2009-08-01,"284.7"
"1150","West Bengal"," Murshidabad",2009,"August",2009-08-01,"358.5"
"1151","West Bengal"," Nadia",2009,"August",2009-08-01,"506.8"
"1152","West Bengal"," North 24 Parganas",2009,"August",2009-08-01,"301.2"
"1153","West Bengal"," North Dinajpur",2009,"August",2009-08-01,"464.4"
"1154","West Bengal","Purulia",2009,"August",2009-08-01,"337.4"
"1155","West Bengal"," South 24 Parganas",2009,"August",2009-08-01,"318.2"
"1156","West Bengal"," South Dinajpur",2009,"August",2009-08-01,"376.4"
"1157","West Bengal","Bankura",2009,"September",2009-09-01,"311.7"
"1158","West Bengal"," Birbhum",2009,"September",2009-09-01,"282.6"
"1159","West Bengal"," Burdwan",2009,"September",2009-09-01,"302.7"
"1160","West Bengal"," Cooch behar",2009,"September",2009-09-01,"170.7"
"1161","West Bengal"," Darjeeling",2009,"September",2009-09-01,"265.8"
"1162","West Bengal","Hooghly",2009,"September",2009-09-01,"242.6"
"1163","West Bengal"," Howrah",2009,"September",2009-09-01,"298.6"
"1164","West Bengal"," Jalpaiguri",2009,"September",2009-09-01,"263.8"
"1165","West Bengal"," Malda",2009,"September",2009-09-01,"135.7"
"1166","West Bengal"," Midnapore",2009,"September",2009-09-01,"255.4"
"1167","West Bengal"," Murshidabad",2009,"September",2009-09-01,"381.6"
"1168","West Bengal"," Nadia",2009,"September",2009-09-01,"303.9"
"1169","West Bengal"," North 24 Parganas",2009,"September",2009-09-01,"300.5"
"1170","West Bengal"," North Dinajpur",2009,"September",2009-09-01,"43.7"
"1171","West Bengal","Purulia",2009,"September",2009-09-01,"262.5"
"1172","West Bengal"," South 24 Parganas",2009,"September",2009-09-01,"315.7"
"1173","West Bengal"," South Dinajpur",2009,"September",2009-09-01,"14.7"
"1174","West Bengal","Bankura",2009,"October",2009-10-01,"55.2"
"1175","West Bengal"," Birbhum",2009,"October",2009-10-01,"93.2"
"1176","West Bengal"," Burdwan",2009,"October",2009-10-01,"69"
"1177","West Bengal"," Cooch behar",2009,"October",2009-10-01,"275.1"
"1178","West Bengal"," Darjeeling",2009,"October",2009-10-01,"307.3"
"1179","West Bengal","Hooghly",2009,"October",2009-10-01,"72.3"
"1180","West Bengal"," Howrah",2009,"October",2009-10-01,"65.8"
"1181","West Bengal"," Jalpaiguri",2009,"October",2009-10-01,"322.5"
"1182","West Bengal"," Malda",2009,"October",2009-10-01,"268.5"
"1183","West Bengal"," Midnapore",2009,"October",2009-10-01,"88.3"
"1184","West Bengal"," Murshidabad",2009,"October",2009-10-01,"150.7"
"1185","West Bengal"," Nadia",2009,"October",2009-10-01,"59.9"
"1186","West Bengal"," North 24 Parganas",2009,"October",2009-10-01,"67.7"
"1187","West Bengal"," North Dinajpur",2009,"October",2009-10-01,"261.9"
"1188","West Bengal","Purulia",2009,"October",2009-10-01,"72.7"
"1189","West Bengal"," South 24 Parganas",2009,"October",2009-10-01,"87.7"
"1190","West Bengal"," South Dinajpur",2009,"October",2009-10-01,"175"
"1191","West Bengal","Bankura",2009,"November",2009-11-01,"13.1"
"1192","West Bengal"," Birbhum",2009,"November",2009-11-01,"2"
"1193","West Bengal"," Burdwan",2009,"November",2009-11-01,"0.2"
"1194","West Bengal"," Cooch behar",2009,"November",2009-11-01,"2.2"
"1195","West Bengal"," Darjeeling",2009,"November",2009-11-01,"0.5"
"1196","West Bengal","Hooghly",2009,"November",2009-11-01,"6.2"
"1197","West Bengal"," Howrah",2009,"November",2009-11-01,"0"
"1198","West Bengal"," Jalpaiguri",2009,"November",2009-11-01,"2.5"
"1199","West Bengal"," Malda",2009,"November",2009-11-01,"3.8"
"1200","West Bengal"," Midnapore",2009,"November",2009-11-01,"15.6"
"1201","West Bengal"," Murshidabad",2009,"November",2009-11-01,"0"
"1202","West Bengal"," Nadia",2009,"November",2009-11-01,"20.6"
"1203","West Bengal"," North 24 Parganas",2009,"November",2009-11-01,"23"
"1204","West Bengal"," North Dinajpur",2009,"November",2009-11-01,"N.A."
"1205","West Bengal","Purulia",2009,"November",2009-11-01,"9.6"
"1206","West Bengal"," South 24 Parganas",2009,"November",2009-11-01,"31.5"
"1207","West Bengal"," South Dinajpur",2009,"November",2009-11-01,"0"
"1208","West Bengal","Bankura",2009,"December",2009-12-01,"0"
"1209","West Bengal"," Birbhum",2009,"December",2009-12-01,"0"
"1210","West Bengal"," Burdwan",2009,"December",2009-12-01,"0"
"1211","West Bengal"," Cooch behar",2009,"December",2009-12-01,"0.2"
"1212","West Bengal"," Darjeeling",2009,"December",2009-12-01,"1.8"
"1213","West Bengal","Hooghly",2009,"December",2009-12-01,"0"
"1214","West Bengal"," Howrah",2009,"December",2009-12-01,"0"
"1215","West Bengal"," Jalpaiguri",2009,"December",2009-12-01,"2.4"
"1216","West Bengal"," Malda",2009,"December",2009-12-01,"0"
"1217","West Bengal"," Midnapore",2009,"December",2009-12-01,"0.3"
"1218","West Bengal"," Murshidabad",2009,"December",2009-12-01,"0"
"1219","West Bengal"," Nadia",2009,"December",2009-12-01,"0.2"
"1220","West Bengal"," North 24 Parganas",2009,"December",2009-12-01,"0"
"1221","West Bengal"," North Dinajpur",2009,"December",2009-12-01,"N.A."
"1222","West Bengal","Purulia",2009,"December",2009-12-01,"0"
"1223","West Bengal"," South 24 Parganas",2009,"December",2009-12-01,"0"
"1224","West Bengal"," South Dinajpur",2009,"December",2009-12-01,"0"
"1225","West Bengal","Bankura",2010,"January",2010-01-01,"4.8"
"1226","West Bengal"," Birbhum",2010,"January",2010-01-01,"1.8"
"1227","West Bengal"," Burdwan",2010,"January",2010-01-01,"0"
"1228","West Bengal"," Cooch behar",2010,"January",2010-01-01,"0"
"1229","West Bengal"," Darjeeling",2010,"January",2010-01-01,"0"
"1230","West Bengal","Hooghly",2010,"January",2010-01-01,"0"
"1231","West Bengal"," Howrah",2010,"January",2010-01-01,"0"
"1232","West Bengal"," Jalpaiguri",2010,"January",2010-01-01,"0"
"1233","West Bengal"," Malda",2010,"January",2010-01-01,"1.1"
"1234","West Bengal"," Midnapore",2010,"January",2010-01-01,"0.1"
"1235","West Bengal"," Murshidabad",2010,"January",2010-01-01,"0.2"
"1236","West Bengal"," Nadia",2010,"January",2010-01-01,"0"
"1237","West Bengal"," North 24 Parganas",2010,"January",2010-01-01,"15.4"
"1238","West Bengal"," North Dinajpur",2010,"January",2010-01-01,"N.A."
"1239","West Bengal","Purulia",2010,"January",2010-01-01,"8.9"
"1240","West Bengal"," South 24 Parganas",2010,"January",2010-01-01,"0"
"1241","West Bengal"," South Dinajpur",2010,"January",2010-01-01,"0"
"1242","West Bengal","Bankura",2010,"February",2010-02-01,"33.9"
"1243","West Bengal"," Birbhum",2010,"February",2010-02-01,"12.3"
"1244","West Bengal"," Burdwan",2010,"February",2010-02-01,"8.2"
"1245","West Bengal"," Cooch behar",2010,"February",2010-02-01,"0"
"1246","West Bengal"," Darjeeling",2010,"February",2010-02-01,"3.4"
"1247","West Bengal","Hooghly",2010,"February",2010-02-01,"30.7"
"1248","West Bengal"," Howrah",2010,"February",2010-02-01,"11"
"1249","West Bengal"," Jalpaiguri",2010,"February",2010-02-01,"3.1"
"1250","West Bengal"," Malda",2010,"February",2010-02-01,"2.2"
"1251","West Bengal"," Midnapore",2010,"February",2010-02-01,"9"
"1252","West Bengal"," Murshidabad",2010,"February",2010-02-01,"0.1"
"1253","West Bengal"," Nadia",2010,"February",2010-02-01,"14.5"
"1254","West Bengal"," North 24 Parganas",2010,"February",2010-02-01,"10.4"
"1255","West Bengal"," North Dinajpur",2010,"February",2010-02-01,"N.A."
"1256","West Bengal","Purulia",2010,"February",2010-02-01,"30.1"
"1257","West Bengal"," South 24 Parganas",2010,"February",2010-02-01,"6.7"
"1258","West Bengal"," South Dinajpur",2010,"February",2010-02-01,"0"
"1259","West Bengal","Bankura",2010,"March",2010-03-01,"31"
"1260","West Bengal"," Birbhum",2010,"March",2010-03-01,"9.2"
"1261","West Bengal"," Burdwan",2010,"March",2010-03-01,"10"
"1262","West Bengal"," Cooch behar",2010,"March",2010-03-01,"64.4"
"1263","West Bengal"," Darjeeling",2010,"March",2010-03-01,"6.8"
"1264","West Bengal","Hooghly",2010,"March",2010-03-01,"4"
"1265","West Bengal"," Howrah",2010,"March",2010-03-01,"0"
"1266","West Bengal"," Jalpaiguri",2010,"March",2010-03-01,"43"
"1267","West Bengal"," Malda",2010,"March",2010-03-01,"0.1"
"1268","West Bengal"," Midnapore",2010,"March",2010-03-01,"3.4"
"1269","West Bengal"," Murshidabad",2010,"March",2010-03-01,"0"
"1270","West Bengal"," Nadia",2010,"March",2010-03-01,"0"
"1271","West Bengal"," North 24 Parganas",2010,"March",2010-03-01,"5.3"
"1272","West Bengal"," North Dinajpur",2010,"March",2010-03-01,"N.A."
"1273","West Bengal","Purulia",2010,"March",2010-03-01,"5.7"
"1274","West Bengal"," South 24 Parganas",2010,"March",2010-03-01,"1.4"
"1275","West Bengal"," South Dinajpur",2010,"March",2010-03-01,"0"
"1276","West Bengal","Bankura",2010,"April",2010-04-01,"31.4"
"1277","West Bengal"," Birbhum",2010,"April",2010-04-01,"25.9"
"1278","West Bengal"," Burdwan",2010,"April",2010-04-01,"13.1"
"1279","West Bengal"," Cooch behar",2010,"April",2010-04-01,"286.8"
"1280","West Bengal"," Darjeeling",2010,"April",2010-04-01,"73.3"
"1281","West Bengal","Hooghly",2010,"April",2010-04-01,"18.4"
"1282","West Bengal"," Howrah",2010,"April",2010-04-01,"2.2"
"1283","West Bengal"," Jalpaiguri",2010,"April",2010-04-01,"225.8"
"1284","West Bengal"," Malda",2010,"April",2010-04-01,"37.8"
"1285","West Bengal"," Midnapore",2010,"April",2010-04-01,"0"
"1286","West Bengal"," Murshidabad",2010,"April",2010-04-01,"0"
"1287","West Bengal"," Nadia",2010,"April",2010-04-01,"29.4"
"1288","West Bengal"," North 24 Parganas",2010,"April",2010-04-01,"24.8"
"1289","West Bengal"," North Dinajpur",2010,"April",2010-04-01,"N.A."
"1290","West Bengal","Purulia",2010,"April",2010-04-01,"12"
"1291","West Bengal"," South 24 Parganas",2010,"April",2010-04-01,"11.3"
"1292","West Bengal"," South Dinajpur",2010,"April",2010-04-01,"84.9"
"1293","West Bengal","Bankura",2010,"May",2010-05-01,"118.4"
"1294","West Bengal"," Birbhum",2010,"May",2010-05-01,"66.2"
"1295","West Bengal"," Burdwan",2010,"May",2010-05-01,"110"
"1296","West Bengal"," Cooch behar",2010,"May",2010-05-01,"442.4"
"1297","West Bengal"," Darjeeling",2010,"May",2010-05-01,"304.3"
"1298","West Bengal","Hooghly",2010,"May",2010-05-01,"171.1"
"1299","West Bengal"," Howrah",2010,"May",2010-05-01,"106.8"
"1300","West Bengal"," Jalpaiguri",2010,"May",2010-05-01,"420.8"
"1301","West Bengal"," Malda",2010,"May",2010-05-01,"184.4"
"1302","West Bengal"," Midnapore",2010,"May",2010-05-01,"95.2"
"1303","West Bengal"," Murshidabad",2010,"May",2010-05-01,"88"
"1304","West Bengal"," Nadia",2010,"May",2010-05-01,"94.2"
"1305","West Bengal"," North 24 Parganas",2010,"May",2010-05-01,"151.8"
"1306","West Bengal"," North Dinajpur",2010,"May",2010-05-01,"N.A."
"1307","West Bengal","Purulia",2010,"May",2010-05-01,"87.7"
"1308","West Bengal"," South 24 Parganas",2010,"May",2010-05-01,"150.8"
"1309","West Bengal"," South Dinajpur",2010,"May",2010-05-01,"120.5"
"1310","West Bengal","Bankura",2010,"June",2010-06-01,"188.6"
"1311","West Bengal"," Birbhum",2010,"June",2010-06-01,"214.7"
"1312","West Bengal"," Burdwan",2010,"June",2010-06-01,"223.2"
"1313","West Bengal"," Cooch behar",2010,"June",2010-06-01,"688.4"
"1314","West Bengal"," Darjeeling",2010,"June",2010-06-01,"635.5"
"1315","West Bengal","Hooghly",2010,"June",2010-06-01,"186.2"
"1316","West Bengal"," Howrah",2010,"June",2010-06-01,"175.3"
"1317","West Bengal"," Jalpaiguri",2010,"June",2010-06-01,"873.1"
"1318","West Bengal"," Malda",2010,"June",2010-06-01,"218.3"
"1319","West Bengal"," Midnapore",2010,"June",2010-06-01,"180.1"
"1320","West Bengal"," Murshidabad",2010,"June",2010-06-01,"263.5"
"1321","West Bengal"," Nadia",2010,"June",2010-06-01,"173.4"
"1322","West Bengal"," North 24 Parganas",2010,"June",2010-06-01,"220.1"
"1323","West Bengal"," North Dinajpur",2010,"June",2010-06-01,"363.7"
"1324","West Bengal","Purulia",2010,"June",2010-06-01,"101.6"
"1325","West Bengal"," South 24 Parganas",2010,"June",2010-06-01,"251.2"
"1326","West Bengal"," South Dinajpur",2010,"June",2010-06-01,"384.4"
"1327","West Bengal","Bankura",2010,"July",2010-07-01,"180.7"
"1328","West Bengal"," Birbhum",2010,"July",2010-07-01,"224.3"
"1329","West Bengal"," Burdwan",2010,"July",2010-07-01,"190.8"
"1330","West Bengal"," Cooch behar",2010,"July",2010-07-01,"814.7"
"1331","West Bengal"," Darjeeling",2010,"July",2010-07-01,"981.4"
"1332","West Bengal","Hooghly",2010,"July",2010-07-01,"135.5"
"1333","West Bengal"," Howrah",2010,"July",2010-07-01,"212.8"
"1334","West Bengal"," Jalpaiguri",2010,"July",2010-07-01,"1164.7"
"1335","West Bengal"," Malda",2010,"July",2010-07-01,"212.9"
"1336","West Bengal"," Midnapore",2010,"July",2010-07-01,"286.3"
"1337","West Bengal"," Murshidabad",2010,"July",2010-07-01,"100.9"
"1338","West Bengal"," Nadia",2010,"July",2010-07-01,"106.9"
"1339","West Bengal"," North 24 Parganas",2010,"July",2010-07-01,"217"
"1340","West Bengal"," North Dinajpur",2010,"July",2010-07-01,"356.9"
"1341","West Bengal","Purulia",2010,"July",2010-07-01,"139.7"
"1342","West Bengal"," South 24 Parganas",2010,"July",2010-07-01,"246.7"
"1343","West Bengal"," South Dinajpur",2010,"July",2010-07-01,"139.4"
"1344","West Bengal","Bankura",2010,"August",2010-08-01,"135.7"
"1345","West Bengal"," Birbhum",2010,"August",2010-08-01,"121.7"
"1346","West Bengal"," Burdwan",2010,"August",2010-08-01,"122.8"
"1347","West Bengal"," Cooch behar",2010,"August",2010-08-01,"500"
"1348","West Bengal"," Darjeeling",2010,"August",2010-08-01,"913.7"
"1349","West Bengal","Hooghly",2010,"August",2010-08-01,"190.4"
"1350","West Bengal"," Howrah",2010,"August",2010-08-01,"350.6"
"1351","West Bengal"," Jalpaiguri",2010,"August",2010-08-01,"783.7"
"1352","West Bengal"," Malda",2010,"August",2010-08-01,"203.8"
"1353","West Bengal"," Midnapore",2010,"August",2010-08-01,"372"
"1354","West Bengal"," Murshidabad",2010,"August",2010-08-01,"171.3"
"1355","West Bengal"," Nadia",2010,"August",2010-08-01,"87.9"
"1356","West Bengal"," North 24 Parganas",2010,"August",2010-08-01,"213.7"
"1357","West Bengal"," North Dinajpur",2010,"August",2010-08-01,"343.2"
"1358","West Bengal","Purulia",2010,"August",2010-08-01,"218"
"1359","West Bengal"," South 24 Parganas",2010,"August",2010-08-01,"253.4"
"1360","West Bengal"," South Dinajpur",2010,"August",2010-08-01,"335.7"
"1361","West Bengal","Bankura",2010,"September",2010-09-01,"199.5"
"1362","West Bengal"," Birbhum",2010,"September",2010-09-01,"221.6"
"1363","West Bengal"," Burdwan",2010,"September",2010-09-01,"209.1"
"1364","West Bengal"," Cooch behar",2010,"September",2010-09-01,"478.5"
"1365","West Bengal"," Darjeeling",2010,"September",2010-09-01,"468.7"
"1366","West Bengal","Hooghly",2010,"September",2010-09-01,"209.5"
"1367","West Bengal"," Howrah",2010,"September",2010-09-01,"204.3"
"1368","West Bengal"," Jalpaiguri",2010,"September",2010-09-01,"552.7"
"1369","West Bengal"," Malda",2010,"September",2010-09-01,"220.3"
"1370","West Bengal"," Midnapore",2010,"September",2010-09-01,"282.7"
"1371","West Bengal"," Murshidabad",2010,"September",2010-09-01,"174.4"
"1372","West Bengal"," Nadia",2010,"September",2010-09-01,"180.6"
"1373","West Bengal"," North 24 Parganas",2010,"September",2010-09-01,"202.6"
"1374","West Bengal"," North Dinajpur",2010,"September",2010-09-01,"369.6"
"1375","West Bengal","Purulia",2010,"September",2010-09-01,"175.2"
"1376","West Bengal"," South 24 Parganas",2010,"September",2010-09-01,"222.4"
"1377","West Bengal"," South Dinajpur",2010,"September",2010-09-01,"192"
"1378","West Bengal","Bankura",2010,"October",2010-10-01,"71.4"
"1379","West Bengal"," Birbhum",2010,"October",2010-10-01,"67.6"
"1380","West Bengal"," Burdwan",2010,"October",2010-10-01,"49.9"
"1381","West Bengal"," Cooch behar",2010,"October",2010-10-01,"57.9"
"1382","West Bengal"," Darjeeling",2010,"October",2010-10-01,"136.3"
"1383","West Bengal","Hooghly",2010,"October",2010-10-01,"64.8"
"1384","West Bengal"," Howrah",2010,"October",2010-10-01,"160.1"
"1385","West Bengal"," Jalpaiguri",2010,"October",2010-10-01,"73.7"
"1386","West Bengal"," Malda",2010,"October",2010-10-01,"91.9"
"1387","West Bengal"," Midnapore",2010,"October",2010-10-01,"158.1"
"1388","West Bengal"," Murshidabad",2010,"October",2010-10-01,"89.9"
"1389","West Bengal"," Nadia",2010,"October",2010-10-01,"110.1"
"1390","West Bengal"," North 24 Parganas",2010,"October",2010-10-01,"167.9"
"1391","West Bengal"," North Dinajpur",2010,"October",2010-10-01,"69.5"
"1392","West Bengal","Purulia",2010,"October",2010-10-01,"59"
"1393","West Bengal"," South 24 Parganas",2010,"October",2010-10-01,"148.3"
"1394","West Bengal"," South Dinajpur",2010,"October",2010-10-01,"119.3"
"1395","West Bengal","Bankura",2010,"November",2010-11-01,"7.4"
"1396","West Bengal"," Birbhum",2010,"November",2010-11-01,"8.8"
"1397","West Bengal"," Burdwan",2010,"November",2010-11-01,"8.3"
"1398","West Bengal"," Cooch behar",2010,"November",2010-11-01,"5.8"
"1399","West Bengal"," Darjeeling",2010,"November",2010-11-01,"15.2"
"1400","West Bengal","Hooghly",2010,"November",2010-11-01,"4.2"
"1401","West Bengal"," Howrah",2010,"November",2010-11-01,"3"
"1402","West Bengal"," Jalpaiguri",2010,"November",2010-11-01,"5.6"
"1403","West Bengal"," Malda",2010,"November",2010-11-01,"11.1"
"1404","West Bengal"," Midnapore",2010,"November",2010-11-01,"6.9"
"1405","West Bengal"," Murshidabad",2010,"November",2010-11-01,"2"
"1406","West Bengal"," Nadia",2010,"November",2010-11-01,"6.8"
"1407","West Bengal"," North 24 Parganas",2010,"November",2010-11-01,"4.9"
"1408","West Bengal"," North Dinajpur",2010,"November",2010-11-01,"N.A."
"1409","West Bengal","Purulia",2010,"November",2010-11-01,"10.5"
"1410","West Bengal"," South 24 Parganas",2010,"November",2010-11-01,"3.4"
"1411","West Bengal"," South Dinajpur",2010,"November",2010-11-01,"16.2"
"1412","West Bengal","Bankura",2010,"December",2010-12-01,"37.8"
"1413","West Bengal"," Birbhum",2010,"December",2010-12-01,"49.8"
"1414","West Bengal"," Burdwan",2010,"December",2010-12-01,"43.8"
"1415","West Bengal"," Cooch behar",2010,"December",2010-12-01,"0"
"1416","West Bengal"," Darjeeling",2010,"December",2010-12-01,"0"
"1417","West Bengal","Hooghly",2010,"December",2010-12-01,"18.7"
"1418","West Bengal"," Howrah",2010,"December",2010-12-01,"18.8"
"1419","West Bengal"," Jalpaiguri",2010,"December",2010-12-01,"0"
"1420","West Bengal"," Malda",2010,"December",2010-12-01,"5.9"
"1421","West Bengal"," Midnapore",2010,"December",2010-12-01,"19"
"1422","West Bengal"," Murshidabad",2010,"December",2010-12-01,"50.4"
"1423","West Bengal"," Nadia",2010,"December",2010-12-01,"42.4"
"1424","West Bengal"," North 24 Parganas",2010,"December",2010-12-01,"20.4"
"1425","West Bengal"," North Dinajpur",2010,"December",2010-12-01,"0"
"1426","West Bengal","Purulia",2010,"December",2010-12-01,"52.9"
"1427","West Bengal"," South 24 Parganas",2010,"December",2010-12-01,"14.1"
"1428","West Bengal"," South Dinajpur",2010,"December",2010-12-01,"0.6"
